﻿<?xml version="1.0" encoding="utf-8"?>
<HspcDailyEpidemiology xmlns:i="http://www.w3.org/2001/XMLSchema-instance" xmlns="http://schemas.datacontract.org/2004/07/CovidStats.DailyEpidemiology">
  <AgeCharacteristics>
    <Age0To4>
      <Absolute>121</Absolute>
      <Percent>4.3</Percent>
    </Age0To4>
    <Age13To18>
      <Absolute>0</Absolute>
      <Percent>0</Percent>
    </Age13To18>
    <Age19To24>
      <Absolute>0</Absolute>
      <Percent>0</Percent>
    </Age19To24>
    <Age25To34>
      <Absolute>501</Absolute>
      <Percent>17.79</Percent>
    </Age25To34>
    <Age35To44>
      <Absolute>407</Absolute>
      <Percent>14.45</Percent>
    </Age35To44>
    <Age45To54>
      <Absolute>381</Absolute>
      <Percent>13.53</Percent>
    </Age45To54>
    <Age55To64>
      <Absolute>280</Absolute>
      <Percent>9.94</Percent>
    </Age55To64>
    <Age5To12>
      <Absolute>0</Absolute>
      <Percent>0</Percent>
    </Age5To12>
    <Age65To74>
      <Absolute>174</Absolute>
      <Percent>6.18</Percent>
    </Age65To74>
    <Age75To84>
      <Absolute>68</Absolute>
      <Percent>2.41</Percent>
    </Age75To84>
    <Age85Plus>
      <Absolute>41</Absolute>
      <Percent>1.46</Percent>
    </Age85Plus>
    <AgeUnknown>
      <Absolute>0</Absolute>
      <Percent>0</Percent>
    </AgeUnknown>
    <MeanAge>36</MeanAge>
    <MedianAge>33</MedianAge>
  </AgeCharacteristics>
  <CCARates />
  <CHORates i:nil="true" />
  <CountyRates i:nil="true" />
  <FromDate>2020-09-03T00:00:00</FromDate>
  <Hospitalised i:nil="true" />
  <PreparedDate>2020-09-17T00:00:00</PreparedDate>
  <SexCharacteristics>
    <Female>
      <Absolute>1435</Absolute>
      <Percent>50.96</Percent>
    </Female>
    <Male>
      <Absolute>1375</Absolute>
      <Percent>48.83</Percent>
    </Male>
    <MaleFemaleRatio>0.96</MaleFemaleRatio>
    <Unknown>
      <Absolute>6</Absolute>
      <Percent>0.21</Percent>
    </Unknown>
  </SexCharacteristics>
  <SourceFileName>COVID-19_14_day_epidemiology_report_20201917_Website_.pdf</SourceFileName>
  <SymptomStatusAtTimeOfTestCharacteristics>
    <No i:nil="true" />
    <Unknown i:nil="true" />
    <Yes i:nil="true" />
  </SymptomStatusAtTimeOfTestCharacteristics>
  <ToDate>2020-09-16T00:00:00</ToDate>
  <TotalConfirmedCases>
    <Absolute>2816</Absolute>
    <Percent>100</Percent>
  </TotalConfirmedCases>
  <UnderlyingConditionsCharacteristics>
    <No>
      <Absolute>1704</Absolute>
      <Percent>60.51</Percent>
    </No>
    <Unknown>
      <Absolute>315</Absolute>
      <Percent>11.19</Percent>
    </Unknown>
    <Yes>
      <Absolute>797</Absolute>
      <Percent>28.3</Percent>
    </Yes>
  </UnderlyingConditionsCharacteristics>
</HspcDailyEpidemiology>