﻿<?xml version="1.0" encoding="utf-8"?>
<HspcDailyEpidemiology xmlns:i="http://www.w3.org/2001/XMLSchema-instance" xmlns="http://schemas.datacontract.org/2004/07/CovidStats.DailyEpidemiology">
  <AgeCharacteristics>
    <Age0To4>
      <Absolute>534</Absolute>
      <Percent>3.84</Percent>
    </Age0To4>
    <Age13To18>
      <Absolute>0</Absolute>
      <Percent>0</Percent>
    </Age13To18>
    <Age19To24>
      <Absolute>0</Absolute>
      <Percent>0</Percent>
    </Age19To24>
    <Age25To34>
      <Absolute>2093</Absolute>
      <Percent>15.05</Percent>
    </Age25To34>
    <Age35To44>
      <Absolute>1927</Absolute>
      <Percent>13.86</Percent>
    </Age35To44>
    <Age45To54>
      <Absolute>1879</Absolute>
      <Percent>13.51</Percent>
    </Age45To54>
    <Age55To64>
      <Absolute>1462</Absolute>
      <Percent>10.51</Percent>
    </Age55To64>
    <Age5To12>
      <Absolute>0</Absolute>
      <Percent>0</Percent>
    </Age5To12>
    <Age65To74>
      <Absolute>696</Absolute>
      <Percent>5</Percent>
    </Age65To74>
    <Age75To84>
      <Absolute>365</Absolute>
      <Percent>2.62</Percent>
    </Age75To84>
    <Age85Plus>
      <Absolute>236</Absolute>
      <Percent>1.7</Percent>
    </Age85Plus>
    <AgeUnknown>
      <Absolute>4</Absolute>
      <Percent>0.03</Percent>
    </AgeUnknown>
    <MeanAge>36</MeanAge>
    <MedianAge>32</MedianAge>
  </AgeCharacteristics>
  <CCARates>
    <HspcIncidence>
      <ConfirmedCases>179</ConfirmedCases>
      <IncidencePer100k>131.5</IncidencePer100k>
      <Name>DublinSouth</Name>
    </HspcIncidence>
    <HspcIncidence>
      <ConfirmedCases>327</ConfirmedCases>
      <IncidencePer100k>264.3</IncidencePer100k>
      <Name>DublinSouthEast</Name>
    </HspcIncidence>
    <HspcIncidence>
      <ConfirmedCases>258</ConfirmedCases>
      <IncidencePer100k>172.1</IncidencePer100k>
      <Name>DublinSouthCity</Name>
    </HspcIncidence>
    <HspcIncidence>
      <ConfirmedCases>342</ConfirmedCases>
      <IncidencePer100k>212.6</IncidencePer100k>
      <Name>DublinSouthWest</Name>
    </HspcIncidence>
    <HspcIncidence>
      <ConfirmedCases>494</ConfirmedCases>
      <IncidencePer100k>318.0</IncidencePer100k>
      <Name>DublinWest</Name>
    </HspcIncidence>
    <HspcIncidence>
      <ConfirmedCases>770</ConfirmedCases>
      <IncidencePer100k>370.8</IncidencePer100k>
      <Name>DublinNorthWest</Name>
    </HspcIncidence>
    <HspcIncidence>
      <ConfirmedCases>448</ConfirmedCases>
      <IncidencePer100k>289.8</IncidencePer100k>
      <Name>DublinNorthCentral</Name>
    </HspcIncidence>
    <HspcIncidence>
      <ConfirmedCases>596</ConfirmedCases>
      <IncidencePer100k>230.0</IncidencePer100k>
      <Name>DublinNorth</Name>
    </HspcIncidence>
  </CCARates>
  <CHORates>
    <HspcIncidence>
      <ConfirmedCases>1587</ConfirmedCases>
      <IncidencePer100k>405.6</IncidencePer100k>
      <Name>CHO1</Name>
    </HspcIncidence>
    <HspcIncidence>
      <ConfirmedCases>1387</ConfirmedCases>
      <IncidencePer100k>306.1</IncidencePer100k>
      <Name>CHO2</Name>
    </HspcIncidence>
    <HspcIncidence>
      <ConfirmedCases>1039</ConfirmedCases>
      <IncidencePer100k>269.9</IncidencePer100k>
      <Name>CHO3</Name>
    </HspcIncidence>
    <HspcIncidence>
      <ConfirmedCases>2199</ConfirmedCases>
      <IncidencePer100k>318.4</IncidencePer100k>
      <Name>CHO4</Name>
    </HspcIncidence>
    <HspcIncidence>
      <ConfirmedCases>1073</ConfirmedCases>
      <IncidencePer100k>210.3</IncidencePer100k>
      <Name>CHO5</Name>
    </HspcIncidence>
    <HspcIncidence>
      <ConfirmedCases>711</ConfirmedCases>
      <IncidencePer100k>185.6</IncidencePer100k>
      <Name>CHO6</Name>
    </HspcIncidence>
    <HspcIncidence>
      <ConfirmedCases>1747</ConfirmedCases>
      <IncidencePer100k>246.9</IncidencePer100k>
      <Name>CHO7</Name>
    </HspcIncidence>
    <HspcIncidence>
      <ConfirmedCases>2349</ConfirmedCases>
      <IncidencePer100k>379.3</IncidencePer100k>
      <Name>CHO8</Name>
    </HspcIncidence>
    <HspcIncidence>
      <ConfirmedCases>1814</ConfirmedCases>
      <IncidencePer100k>291.9</IncidencePer100k>
      <Name>CHO9</Name>
    </HspcIncidence>
  </CHORates>
  <CountyRates>
    <HspcIncidence>
      <ConfirmedCases>574</ConfirmedCases>
      <IncidencePer100k>753.5</IncidencePer100k>
      <Name>Cavan</Name>
    </HspcIncidence>
    <HspcIncidence>
      <ConfirmedCases>1096</ConfirmedCases>
      <IncidencePer100k>561.9</IncidencePer100k>
      <Name>Meath</Name>
    </HspcIncidence>
    <HspcIncidence>
      <ConfirmedCases>359</ConfirmedCases>
      <IncidencePer100k>404.4</IncidencePer100k>
      <Name>Westmeath</Name>
    </HspcIncidence>
    <HspcIncidence>
      <ConfirmedCases>263</ConfirmedCases>
      <IncidencePer100k>401.3</IncidencePer100k>
      <Name>Sligo</Name>
    </HspcIncidence>
    <HspcIncidence>
      <ConfirmedCases>915</ConfirmedCases>
      <IncidencePer100k>354.6</IncidencePer100k>
      <Name>Galway</Name>
    </HspcIncidence>
    <HspcIncidence>
      <ConfirmedCases>1799</ConfirmedCases>
      <IncidencePer100k>331.4</IncidencePer100k>
      <Name>Cork</Name>
    </HspcIncidence>
    <HspcIncidence>
      <ConfirmedCases>184</ConfirmedCases>
      <IncidencePer100k>323.2</IncidencePer100k>
      <Name>Carlow</Name>
    </HspcIncidence>
    <HspcIncidence>
      <ConfirmedCases>505</ConfirmedCases>
      <IncidencePer100k>317.2</IncidencePer100k>
      <Name>Donegal</Name>
    </HspcIncidence>
    <HspcIncidence>
      <ConfirmedCases>190</ConfirmedCases>
      <IncidencePer100k>309.5</IncidencePer100k>
      <Name>Monaghan</Name>
    </HspcIncidence>
    <HspcIncidence>
      <ConfirmedCases>599</ConfirmedCases>
      <IncidencePer100k>307.3</IncidencePer100k>
      <Name>Limerick</Name>
    </HspcIncidence>
    <HspcIncidence>
      <ConfirmedCases>381</ConfirmedCases>
      <IncidencePer100k>295.6</IncidencePer100k>
      <Name>Louth</Name>
    </HspcIncidence>
    <HspcIncidence>
      <ConfirmedCases>647</ConfirmedCases>
      <IncidencePer100k>290.8</IncidencePer100k>
      <Name>Kildare</Name>
    </HspcIncidence>
    <HspcIncidence>
      <ConfirmedCases>115</ConfirmedCases>
      <IncidencePer100k>281.4</IncidencePer100k>
      <Name>Longford</Name>
    </HspcIncidence>
    <HspcIncidence>
      <ConfirmedCases>400</ConfirmedCases>
      <IncidencePer100k>270.8</IncidencePer100k>
      <Name>Kerry</Name>
    </HspcIncidence>
    <HspcIncidence>
      <ConfirmedCases>387</ConfirmedCases>
      <IncidencePer100k>258.5</IncidencePer100k>
      <Name>Wexford</Name>
    </HspcIncidence>
    <HspcIncidence>
      <ConfirmedCases>303</ConfirmedCases>
      <IncidencePer100k>255.0</IncidencePer100k>
      <Name>Clare</Name>
    </HspcIncidence>
    <HspcIncidence>
      <ConfirmedCases>3415</ConfirmedCases>
      <IncidencePer100k>253.5</IncidencePer100k>
      <Name>Dublin</Name>
    </HspcIncidence>
    <HspcIncidence>
      <ConfirmedCases>322</ConfirmedCases>
      <IncidencePer100k>246.7</IncidencePer100k>
      <Name>Mayo</Name>
    </HspcIncidence>
    <HspcIncidence>
      <ConfirmedCases>150</ConfirmedCases>
      <IncidencePer100k>232.4</IncidencePer100k>
      <Name>Roscommon</Name>
    </HspcIncidence>
    <HspcIncidence>
      <ConfirmedCases>195</ConfirmedCases>
      <IncidencePer100k>230.2</IncidencePer100k>
      <Name>Laois</Name>
    </HspcIncidence>
    <HspcIncidence>
      <ConfirmedCases>265</ConfirmedCases>
      <IncidencePer100k>228.1</IncidencePer100k>
      <Name>Waterford</Name>
    </HspcIncidence>
    <HspcIncidence>
      <ConfirmedCases>175</ConfirmedCases>
      <IncidencePer100k>224.5</IncidencePer100k>
      <Name>Offaly</Name>
    </HspcIncidence>
    <HspcIncidence>
      <ConfirmedCases>56</ConfirmedCases>
      <IncidencePer100k>174.8</IncidencePer100k>
      <Name>Leitrim</Name>
    </HspcIncidence>
    <HspcIncidence>
      <ConfirmedCases>169</ConfirmedCases>
      <IncidencePer100k>170.3</IncidencePer100k>
      <Name>Kilkenny</Name>
    </HspcIncidence>
    <HspcIncidence>
      <ConfirmedCases>211</ConfirmedCases>
      <IncidencePer100k>148.1</IncidencePer100k>
      <Name>Wicklow</Name>
    </HspcIncidence>
    <HspcIncidence>
      <ConfirmedCases>232</ConfirmedCases>
      <IncidencePer100k>145.4</IncidencePer100k>
      <Name>Tipperary</Name>
    </HspcIncidence>
  </CountyRates>
  <FromDate>2020-10-15T00:00:00</FromDate>
  <Hospitalised>
    <HspcHospitalised>
      <CasesAdmittedToIcu>0</CasesAdmittedToIcu>
      <CasesAdmittedToIcuPercent>0</CasesAdmittedToIcuPercent>
      <CasesHospitalised>4</CasesHospitalised>
      <CasesHospitalisedPercent>1.08</CasesHospitalisedPercent>
      <Name>0To4</Name>
      <NumberOfCases>534</NumberOfCases>
    </HspcHospitalised>
    <HspcHospitalised>
      <CasesAdmittedToIcu>1</CasesAdmittedToIcu>
      <CasesAdmittedToIcuPercent>4.55</CasesAdmittedToIcuPercent>
      <CasesHospitalised>8</CasesHospitalised>
      <CasesHospitalisedPercent>2.17</CasesHospitalisedPercent>
      <Name>5To14</Name>
      <NumberOfCases>1397</NumberOfCases>
    </HspcHospitalised>
    <HspcHospitalised>
      <CasesAdmittedToIcu>0</CasesAdmittedToIcu>
      <CasesAdmittedToIcuPercent>0</CasesAdmittedToIcuPercent>
      <CasesHospitalised>18</CasesHospitalised>
      <CasesHospitalisedPercent>4.88</CasesHospitalisedPercent>
      <Name>15To24</Name>
      <NumberOfCases>3314</NumberOfCases>
    </HspcHospitalised>
    <HspcHospitalised>
      <CasesAdmittedToIcu>0</CasesAdmittedToIcu>
      <CasesAdmittedToIcuPercent>0</CasesAdmittedToIcuPercent>
      <CasesHospitalised>23</CasesHospitalised>
      <CasesHospitalisedPercent>6.23</CasesHospitalisedPercent>
      <Name>25To34</Name>
      <NumberOfCases>2093</NumberOfCases>
    </HspcHospitalised>
    <HspcHospitalised>
      <CasesAdmittedToIcu>1</CasesAdmittedToIcu>
      <CasesAdmittedToIcuPercent>4.55</CasesAdmittedToIcuPercent>
      <CasesHospitalised>33</CasesHospitalised>
      <CasesHospitalisedPercent>8.94</CasesHospitalisedPercent>
      <Name>35To44</Name>
      <NumberOfCases>1927</NumberOfCases>
    </HspcHospitalised>
    <HspcHospitalised>
      <CasesAdmittedToIcu>2</CasesAdmittedToIcu>
      <CasesAdmittedToIcuPercent>9.09</CasesAdmittedToIcuPercent>
      <CasesHospitalised>37</CasesHospitalised>
      <CasesHospitalisedPercent>10.03</CasesHospitalisedPercent>
      <Name>45To54</Name>
      <NumberOfCases>1879</NumberOfCases>
    </HspcHospitalised>
    <HspcHospitalised>
      <CasesAdmittedToIcu>4</CasesAdmittedToIcu>
      <CasesAdmittedToIcuPercent>18.18</CasesAdmittedToIcuPercent>
      <CasesHospitalised>49</CasesHospitalised>
      <CasesHospitalisedPercent>13.28</CasesHospitalisedPercent>
      <Name>55To64</Name>
      <NumberOfCases>1462</NumberOfCases>
    </HspcHospitalised>
    <HspcHospitalised>
      <CasesAdmittedToIcu>10</CasesAdmittedToIcu>
      <CasesAdmittedToIcuPercent>45.45</CasesAdmittedToIcuPercent>
      <CasesHospitalised>67</CasesHospitalised>
      <CasesHospitalisedPercent>18.16</CasesHospitalisedPercent>
      <Name>65To74</Name>
      <NumberOfCases>696</NumberOfCases>
    </HspcHospitalised>
    <HspcHospitalised>
      <CasesAdmittedToIcu>4</CasesAdmittedToIcu>
      <CasesAdmittedToIcuPercent>18.18</CasesAdmittedToIcuPercent>
      <CasesHospitalised>80</CasesHospitalised>
      <CasesHospitalisedPercent>21.68</CasesHospitalisedPercent>
      <Name>75To84</Name>
      <NumberOfCases>365</NumberOfCases>
    </HspcHospitalised>
    <HspcHospitalised>
      <CasesAdmittedToIcu>0</CasesAdmittedToIcu>
      <CasesAdmittedToIcuPercent>0</CasesAdmittedToIcuPercent>
      <CasesHospitalised>50</CasesHospitalised>
      <CasesHospitalisedPercent>13.55</CasesHospitalisedPercent>
      <Name>85Plus</Name>
      <NumberOfCases>236</NumberOfCases>
    </HspcHospitalised>
    <HspcHospitalised>
      <CasesAdmittedToIcu>0</CasesAdmittedToIcu>
      <CasesAdmittedToIcuPercent>0</CasesAdmittedToIcuPercent>
      <CasesHospitalised>0</CasesHospitalised>
      <CasesHospitalisedPercent>0</CasesHospitalisedPercent>
      <Name>Unknown</Name>
      <NumberOfCases>4</NumberOfCases>
    </HspcHospitalised>
  </Hospitalised>
  <PreparedDate>2020-10-29T00:00:00</PreparedDate>
  <SexCharacteristics>
    <Female>
      <Absolute>7081</Absolute>
      <Percent>50.92</Percent>
    </Female>
    <Male>
      <Absolute>6821</Absolute>
      <Percent>49.05</Percent>
    </Male>
    <MaleFemaleRatio>0.96</MaleFemaleRatio>
    <Unknown>
      <Absolute>5</Absolute>
      <Percent>0.04</Percent>
    </Unknown>
  </SexCharacteristics>
  <SourceFileName>COVID-19_14_day_epidemiology_report_20201029 - website.pdf</SourceFileName>
  <SymptomStatusAtTimeOfTestCharacteristics>
    <No i:nil="true" />
    <Unknown i:nil="true" />
    <Yes i:nil="true" />
  </SymptomStatusAtTimeOfTestCharacteristics>
  <ToDate>2020-10-28T00:00:00</ToDate>
  <TotalConfirmedCases>
    <Absolute>13907</Absolute>
    <Percent>100</Percent>
  </TotalConfirmedCases>
  <UnderlyingConditionsCharacteristics>
    <No i:nil="true" />
    <Unknown i:nil="true" />
    <Yes i:nil="true" />
  </UnderlyingConditionsCharacteristics>
</HspcDailyEpidemiology>