﻿<?xml version="1.0" encoding="utf-8"?>
<HspcDailyEpidemiology xmlns:i="http://www.w3.org/2001/XMLSchema-instance" xmlns="http://schemas.datacontract.org/2004/07/CovidStats.DailyEpidemiology">
  <AgeCharacteristics>
    <Age0To4>
      <Absolute>331</Absolute>
      <Percent>4.32</Percent>
    </Age0To4>
    <Age13To18>
      <Absolute>658</Absolute>
      <Percent>8.58</Percent>
    </Age13To18>
    <Age19To24>
      <Absolute>957</Absolute>
      <Percent>12.49</Percent>
    </Age19To24>
    <Age25To34>
      <Absolute>1199</Absolute>
      <Percent>15.64</Percent>
    </Age25To34>
    <Age35To44>
      <Absolute>1162</Absolute>
      <Percent>15.16</Percent>
    </Age35To44>
    <Age45To54>
      <Absolute>1107</Absolute>
      <Percent>14.44</Percent>
    </Age45To54>
    <Age55To64>
      <Absolute>745</Absolute>
      <Percent>9.72</Percent>
    </Age55To64>
    <Age5To12>
      <Absolute>631</Absolute>
      <Percent>8.23</Percent>
    </Age5To12>
    <Age65To74>
      <Absolute>431</Absolute>
      <Percent>5.62</Percent>
    </Age65To74>
    <Age75To84>
      <Absolute>267</Absolute>
      <Percent>3.48</Percent>
    </Age75To84>
    <Age85Plus>
      <Absolute>175</Absolute>
      <Percent>2.28</Percent>
    </Age85Plus>
    <AgeUnknown>
      <Absolute>2</Absolute>
      <Percent>0.03</Percent>
    </AgeUnknown>
    <MeanAge>37</MeanAge>
    <MedianAge>35</MedianAge>
  </AgeCharacteristics>
  <CCARates>
    <HspcIncidence>
      <ConfirmedCases>104</ConfirmedCases>
      <IncidencePer100k>76.4</IncidencePer100k>
      <Name>DublinSouth</Name>
    </HspcIncidence>
    <HspcIncidence>
      <ConfirmedCases>218</ConfirmedCases>
      <IncidencePer100k>176.2</IncidencePer100k>
      <Name>DublinSouthEast</Name>
    </HspcIncidence>
    <HspcIncidence>
      <ConfirmedCases>137</ConfirmedCases>
      <IncidencePer100k>91.4</IncidencePer100k>
      <Name>DublinSouthCity</Name>
    </HspcIncidence>
    <HspcIncidence>
      <ConfirmedCases>273</ConfirmedCases>
      <IncidencePer100k>169.7</IncidencePer100k>
      <Name>DublinSouthWest</Name>
    </HspcIncidence>
    <HspcIncidence>
      <ConfirmedCases>300</ConfirmedCases>
      <IncidencePer100k>193.1</IncidencePer100k>
      <Name>DublinWest</Name>
    </HspcIncidence>
    <HspcIncidence>
      <ConfirmedCases>511</ConfirmedCases>
      <IncidencePer100k>246.1</IncidencePer100k>
      <Name>DublinNorthWest</Name>
    </HspcIncidence>
    <HspcIncidence>
      <ConfirmedCases>329</ConfirmedCases>
      <IncidencePer100k>212.8</IncidencePer100k>
      <Name>DublinNorthCentral</Name>
    </HspcIncidence>
    <HspcIncidence>
      <ConfirmedCases>469</ConfirmedCases>
      <IncidencePer100k>181.0</IncidencePer100k>
      <Name>DublinNorth</Name>
    </HspcIncidence>
  </CCARates>
  <CHORates i:nil="true" />
  <CountyRates>
    <HspcIncidence>
      <ConfirmedCases>439</ConfirmedCases>
      <IncidencePer100k>275.8</IncidencePer100k>
      <Name>Donegal</Name>
    </HspcIncidence>
    <HspcIncidence>
      <ConfirmedCases>416</ConfirmedCases>
      <IncidencePer100k>213.4</IncidencePer100k>
      <Name>Limerick</Name>
    </HspcIncidence>
    <HspcIncidence>
      <ConfirmedCases>415</ConfirmedCases>
      <IncidencePer100k>212.8</IncidencePer100k>
      <Name>Meath</Name>
    </HspcIncidence>
    <HspcIncidence>
      <ConfirmedCases>990</ConfirmedCases>
      <IncidencePer100k>182.4</IncidencePer100k>
      <Name>Cork</Name>
    </HspcIncidence>
    <HspcIncidence>
      <ConfirmedCases>159</ConfirmedCases>
      <IncidencePer100k>179.1</IncidencePer100k>
      <Name>Westmeath</Name>
    </HspcIncidence>
    <HspcIncidence>
      <ConfirmedCases>2341</ConfirmedCases>
      <IncidencePer100k>173.7</IncidencePer100k>
      <Name>Dublin</Name>
    </HspcIncidence>
    <HspcIncidence>
      <ConfirmedCases>213</ConfirmedCases>
      <IncidencePer100k>163.2</IncidencePer100k>
      <Name>Mayo</Name>
    </HspcIncidence>
    <HspcIncidence>
      <ConfirmedCases>205</ConfirmedCases>
      <IncidencePer100k>159.1</IncidencePer100k>
      <Name>Louth</Name>
    </HspcIncidence>
    <HspcIncidence>
      <ConfirmedCases>64</ConfirmedCases>
      <IncidencePer100k>156.6</IncidencePer100k>
      <Name>Longford</Name>
    </HspcIncidence>
    <HspcIncidence>
      <ConfirmedCases>119</ConfirmedCases>
      <IncidencePer100k>156.2</IncidencePer100k>
      <Name>Cavan</Name>
    </HspcIncidence>
    <HspcIncidence>
      <ConfirmedCases>132</ConfirmedCases>
      <IncidencePer100k>155.8</IncidencePer100k>
      <Name>Laois</Name>
    </HspcIncidence>
    <HspcIncidence>
      <ConfirmedCases>102</ConfirmedCases>
      <IncidencePer100k>155.6</IncidencePer100k>
      <Name>Sligo</Name>
    </HspcIncidence>
    <HspcIncidence>
      <ConfirmedCases>229</ConfirmedCases>
      <IncidencePer100k>155.0</IncidencePer100k>
      <Name>Kerry</Name>
    </HspcIncidence>
    <HspcIncidence>
      <ConfirmedCases>97</ConfirmedCases>
      <IncidencePer100k>150.3</IncidencePer100k>
      <Name>Roscommon</Name>
    </HspcIncidence>
    <HspcIncidence>
      <ConfirmedCases>84</ConfirmedCases>
      <IncidencePer100k>147.5</IncidencePer100k>
      <Name>Carlow</Name>
    </HspcIncidence>
    <HspcIncidence>
      <ConfirmedCases>86</ConfirmedCases>
      <IncidencePer100k>140.1</IncidencePer100k>
      <Name>Monaghan</Name>
    </HspcIncidence>
    <HspcIncidence>
      <ConfirmedCases>165</ConfirmedCases>
      <IncidencePer100k>138.9</IncidencePer100k>
      <Name>Clare</Name>
    </HspcIncidence>
    <HspcIncidence>
      <ConfirmedCases>160</ConfirmedCases>
      <IncidencePer100k>137.7</IncidencePer100k>
      <Name>Waterford</Name>
    </HspcIncidence>
    <HspcIncidence>
      <ConfirmedCases>133</ConfirmedCases>
      <IncidencePer100k>134.0</IncidencePer100k>
      <Name>Kilkenny</Name>
    </HspcIncidence>
    <HspcIncidence>
      <ConfirmedCases>325</ConfirmedCases>
      <IncidencePer100k>125.9</IncidencePer100k>
      <Name>Galway</Name>
    </HspcIncidence>
    <HspcIncidence>
      <ConfirmedCases>272</ConfirmedCases>
      <IncidencePer100k>122.2</IncidencePer100k>
      <Name>Kildare</Name>
    </HspcIncidence>
    <HspcIncidence>
      <ConfirmedCases>92</ConfirmedCases>
      <IncidencePer100k>118.0</IncidencePer100k>
      <Name>Offaly</Name>
    </HspcIncidence>
    <HspcIncidence>
      <ConfirmedCases>185</ConfirmedCases>
      <IncidencePer100k>115.9</IncidencePer100k>
      <Name>Tipperary</Name>
    </HspcIncidence>
    <HspcIncidence>
      <ConfirmedCases>118</ConfirmedCases>
      <IncidencePer100k>82.9</IncidencePer100k>
      <Name>Wicklow</Name>
    </HspcIncidence>
    <HspcIncidence>
      <ConfirmedCases>112</ConfirmedCases>
      <IncidencePer100k>74.8</IncidencePer100k>
      <Name>Wexford</Name>
    </HspcIncidence>
    <HspcIncidence>
      <ConfirmedCases>12</ConfirmedCases>
      <IncidencePer100k>37.4</IncidencePer100k>
      <Name>Leitrim</Name>
    </HspcIncidence>
  </CountyRates>
  <FromDate>2020-10-26T00:00:00</FromDate>
  <Hospitalised>
    <HspcHospitalised>
      <CasesAdmittedToIcu>0</CasesAdmittedToIcu>
      <CasesAdmittedToIcuPercent>0</CasesAdmittedToIcuPercent>
      <CasesHospitalised>5</CasesHospitalised>
      <CasesHospitalisedPercent>1.43</CasesHospitalisedPercent>
      <Name>0To4</Name>
      <NumberOfCases>331</NumberOfCases>
    </HspcHospitalised>
    <HspcHospitalised>
      <CasesAdmittedToIcu>0</CasesAdmittedToIcu>
      <CasesAdmittedToIcuPercent>0</CasesAdmittedToIcuPercent>
      <CasesHospitalised>6</CasesHospitalised>
      <CasesHospitalisedPercent>1.72</CasesHospitalisedPercent>
      <Name>5To12</Name>
      <NumberOfCases>631</NumberOfCases>
    </HspcHospitalised>
    <HspcHospitalised>
      <CasesAdmittedToIcu>0</CasesAdmittedToIcu>
      <CasesAdmittedToIcuPercent>0</CasesAdmittedToIcuPercent>
      <CasesHospitalised>6</CasesHospitalised>
      <CasesHospitalisedPercent>1.72</CasesHospitalisedPercent>
      <Name>13To18</Name>
      <NumberOfCases>658</NumberOfCases>
    </HspcHospitalised>
    <HspcHospitalised>
      <CasesAdmittedToIcu>2</CasesAdmittedToIcu>
      <CasesAdmittedToIcuPercent>10.53</CasesAdmittedToIcuPercent>
      <CasesHospitalised>12</CasesHospitalised>
      <CasesHospitalisedPercent>3.44</CasesHospitalisedPercent>
      <Name>19To24</Name>
      <NumberOfCases>957</NumberOfCases>
    </HspcHospitalised>
    <HspcHospitalised>
      <CasesAdmittedToIcu>0</CasesAdmittedToIcu>
      <CasesAdmittedToIcuPercent>0</CasesAdmittedToIcuPercent>
      <CasesHospitalised>21</CasesHospitalised>
      <CasesHospitalisedPercent>6.02</CasesHospitalisedPercent>
      <Name>25To34</Name>
      <NumberOfCases>1199</NumberOfCases>
    </HspcHospitalised>
    <HspcHospitalised>
      <CasesAdmittedToIcu>2</CasesAdmittedToIcu>
      <CasesAdmittedToIcuPercent>10.53</CasesAdmittedToIcuPercent>
      <CasesHospitalised>35</CasesHospitalised>
      <CasesHospitalisedPercent>10.03</CasesHospitalisedPercent>
      <Name>35To44</Name>
      <NumberOfCases>1162</NumberOfCases>
    </HspcHospitalised>
    <HspcHospitalised>
      <CasesAdmittedToIcu>3</CasesAdmittedToIcu>
      <CasesAdmittedToIcuPercent>15.79</CasesAdmittedToIcuPercent>
      <CasesHospitalised>40</CasesHospitalised>
      <CasesHospitalisedPercent>11.46</CasesHospitalisedPercent>
      <Name>45To54</Name>
      <NumberOfCases>1107</NumberOfCases>
    </HspcHospitalised>
    <HspcHospitalised>
      <CasesAdmittedToIcu>2</CasesAdmittedToIcu>
      <CasesAdmittedToIcuPercent>10.53</CasesAdmittedToIcuPercent>
      <CasesHospitalised>34</CasesHospitalised>
      <CasesHospitalisedPercent>9.74</CasesHospitalisedPercent>
      <Name>55To64</Name>
      <NumberOfCases>745</NumberOfCases>
    </HspcHospitalised>
    <HspcHospitalised>
      <CasesAdmittedToIcu>6</CasesAdmittedToIcu>
      <CasesAdmittedToIcuPercent>31.58</CasesAdmittedToIcuPercent>
      <CasesHospitalised>63</CasesHospitalised>
      <CasesHospitalisedPercent>18.05</CasesHospitalisedPercent>
      <Name>65To74</Name>
      <NumberOfCases>431</NumberOfCases>
    </HspcHospitalised>
    <HspcHospitalised>
      <CasesAdmittedToIcu>3</CasesAdmittedToIcu>
      <CasesAdmittedToIcuPercent>15.79</CasesAdmittedToIcuPercent>
      <CasesHospitalised>79</CasesHospitalised>
      <CasesHospitalisedPercent>22.64</CasesHospitalisedPercent>
      <Name>75To84</Name>
      <NumberOfCases>267</NumberOfCases>
    </HspcHospitalised>
    <HspcHospitalised>
      <CasesAdmittedToIcu>1</CasesAdmittedToIcu>
      <CasesAdmittedToIcuPercent>5.26</CasesAdmittedToIcuPercent>
      <CasesHospitalised>48</CasesHospitalised>
      <CasesHospitalisedPercent>13.75</CasesHospitalisedPercent>
      <Name>85Plus</Name>
      <NumberOfCases>175</NumberOfCases>
    </HspcHospitalised>
    <HspcHospitalised>
      <CasesAdmittedToIcu>0</CasesAdmittedToIcu>
      <CasesAdmittedToIcuPercent>0</CasesAdmittedToIcuPercent>
      <CasesHospitalised>0</CasesHospitalised>
      <CasesHospitalisedPercent>0</CasesHospitalisedPercent>
      <Name>Unknown</Name>
      <NumberOfCases>2</NumberOfCases>
    </HspcHospitalised>
  </Hospitalised>
  <PreparedDate>2020-11-09T00:00:00</PreparedDate>
  <SexCharacteristics>
    <Female>
      <Absolute>3971</Absolute>
      <Percent>51.81</Percent>
    </Female>
    <Male>
      <Absolute>3682</Absolute>
      <Percent>48.04</Percent>
    </Male>
    <MaleFemaleRatio>0.93</MaleFemaleRatio>
    <Unknown>
      <Absolute>12</Absolute>
      <Percent>0.16</Percent>
    </Unknown>
  </SexCharacteristics>
  <SourceFileName>COVID-19_14 day epidemiology report_20201109_website.pdf</SourceFileName>
  <SymptomStatusAtTimeOfTestCharacteristics>
    <No>
      <Absolute>1967</Absolute>
      <Percent>25.66</Percent>
    </No>
    <Unknown>
      <Absolute>1437</Absolute>
      <Percent>18.75</Percent>
    </Unknown>
    <Yes>
      <Absolute>4261</Absolute>
      <Percent>55.59</Percent>
    </Yes>
  </SymptomStatusAtTimeOfTestCharacteristics>
  <ToDate>2020-11-08T00:00:00</ToDate>
  <TotalConfirmedCases>
    <Absolute>7665</Absolute>
    <Percent>100</Percent>
  </TotalConfirmedCases>
  <UnderlyingConditionsCharacteristics>
    <No>
      <Absolute>5436</Absolute>
      <Percent>70.92</Percent>
    </No>
    <Unknown>
      <Absolute>1253</Absolute>
      <Percent>16.35</Percent>
    </Unknown>
    <Yes>
      <Absolute>976</Absolute>
      <Percent>12.73</Percent>
    </Yes>
  </UnderlyingConditionsCharacteristics>
</HspcDailyEpidemiology>