﻿<?xml version="1.0" encoding="utf-8"?>
<HspcDailyEpidemiology xmlns:i="http://www.w3.org/2001/XMLSchema-instance" xmlns="http://schemas.datacontract.org/2004/07/CovidStats.DailyEpidemiology">
  <AgeCharacteristics>
    <Age0To4>
      <Absolute>414</Absolute>
      <Percent>4.3</Percent>
    </Age0To4>
    <Age13To18>
      <Absolute>889</Absolute>
      <Percent>9.24</Percent>
    </Age13To18>
    <Age19To24>
      <Absolute>1323</Absolute>
      <Percent>13.75</Percent>
    </Age19To24>
    <Age25To34>
      <Absolute>1446</Absolute>
      <Percent>15.02</Percent>
    </Age25To34>
    <Age35To44>
      <Absolute>1392</Absolute>
      <Percent>14.46</Percent>
    </Age35To44>
    <Age45To54>
      <Absolute>1357</Absolute>
      <Percent>14.1</Percent>
    </Age45To54>
    <Age55To64>
      <Absolute>993</Absolute>
      <Percent>10.32</Percent>
    </Age55To64>
    <Age5To12>
      <Absolute>792</Absolute>
      <Percent>8.23</Percent>
    </Age5To12>
    <Age65To74>
      <Absolute>527</Absolute>
      <Percent>5.48</Percent>
    </Age65To74>
    <Age75To84>
      <Absolute>314</Absolute>
      <Percent>3.26</Percent>
    </Age75To84>
    <Age85Plus>
      <Absolute>176</Absolute>
      <Percent>1.83</Percent>
    </Age85Plus>
    <AgeUnknown>
      <Absolute>2</Absolute>
      <Percent>0.02</Percent>
    </AgeUnknown>
    <MeanAge>36</MeanAge>
    <MedianAge>34</MedianAge>
  </AgeCharacteristics>
  <CCARates>
    <HspcIncidence>
      <ConfirmedCases>116</ConfirmedCases>
      <IncidencePer100k>85.2</IncidencePer100k>
      <Name>DublinSouth</Name>
    </HspcIncidence>
    <HspcIncidence>
      <ConfirmedCases>241</ConfirmedCases>
      <IncidencePer100k>194.8</IncidencePer100k>
      <Name>DublinSouthEast</Name>
    </HspcIncidence>
    <HspcIncidence>
      <ConfirmedCases>187</ConfirmedCases>
      <IncidencePer100k>124.7</IncidencePer100k>
      <Name>DublinSouthCity</Name>
    </HspcIncidence>
    <HspcIncidence>
      <ConfirmedCases>294</ConfirmedCases>
      <IncidencePer100k>182.7</IncidencePer100k>
      <Name>DublinSouthWest</Name>
    </HspcIncidence>
    <HspcIncidence>
      <ConfirmedCases>382</ConfirmedCases>
      <IncidencePer100k>245.9</IncidencePer100k>
      <Name>DublinWest</Name>
    </HspcIncidence>
    <HspcIncidence>
      <ConfirmedCases>578</ConfirmedCases>
      <IncidencePer100k>278.3</IncidencePer100k>
      <Name>DublinNorthWest</Name>
    </HspcIncidence>
    <HspcIncidence>
      <ConfirmedCases>365</ConfirmedCases>
      <IncidencePer100k>236.1</IncidencePer100k>
      <Name>DublinNorthCentral</Name>
    </HspcIncidence>
    <HspcIncidence>
      <ConfirmedCases>552</ConfirmedCases>
      <IncidencePer100k>213.0</IncidencePer100k>
      <Name>DublinNorth</Name>
    </HspcIncidence>
  </CCARates>
  <CHORates i:nil="true" />
  <CountyRates>
    <HspcIncidence>
      <ConfirmedCases>478</ConfirmedCases>
      <IncidencePer100k>300.3</IncidencePer100k>
      <Name>Donegal</Name>
    </HspcIncidence>
    <HspcIncidence>
      <ConfirmedCases>224</ConfirmedCases>
      <IncidencePer100k>294.1</IncidencePer100k>
      <Name>Cavan</Name>
    </HspcIncidence>
    <HspcIncidence>
      <ConfirmedCases>569</ConfirmedCases>
      <IncidencePer100k>291.7</IncidencePer100k>
      <Name>Meath</Name>
    </HspcIncidence>
    <HspcIncidence>
      <ConfirmedCases>168</ConfirmedCases>
      <IncidencePer100k>256.4</IncidencePer100k>
      <Name>Sligo</Name>
    </HspcIncidence>
    <HspcIncidence>
      <ConfirmedCases>225</ConfirmedCases>
      <IncidencePer100k>253.5</IncidencePer100k>
      <Name>Westmeath</Name>
    </HspcIncidence>
    <HspcIncidence>
      <ConfirmedCases>1276</ConfirmedCases>
      <IncidencePer100k>235.0</IncidencePer100k>
      <Name>Cork</Name>
    </HspcIncidence>
    <HspcIncidence>
      <ConfirmedCases>448</ConfirmedCases>
      <IncidencePer100k>229.9</IncidencePer100k>
      <Name>Limerick</Name>
    </HspcIncidence>
    <HspcIncidence>
      <ConfirmedCases>124</ConfirmedCases>
      <IncidencePer100k>217.8</IncidencePer100k>
      <Name>Carlow</Name>
    </HspcIncidence>
    <HspcIncidence>
      <ConfirmedCases>546</ConfirmedCases>
      <IncidencePer100k>211.6</IncidencePer100k>
      <Name>Galway</Name>
    </HspcIncidence>
    <HspcIncidence>
      <ConfirmedCases>2715</ConfirmedCases>
      <IncidencePer100k>201.5</IncidencePer100k>
      <Name>Dublin</Name>
    </HspcIncidence>
    <HspcIncidence>
      <ConfirmedCases>128</ConfirmedCases>
      <IncidencePer100k>198.3</IncidencePer100k>
      <Name>Roscommon</Name>
    </HspcIncidence>
    <HspcIncidence>
      <ConfirmedCases>81</ConfirmedCases>
      <IncidencePer100k>198.2</IncidencePer100k>
      <Name>Longford</Name>
    </HspcIncidence>
    <HspcIncidence>
      <ConfirmedCases>287</ConfirmedCases>
      <IncidencePer100k>194.3</IncidencePer100k>
      <Name>Kerry</Name>
    </HspcIncidence>
    <HspcIncidence>
      <ConfirmedCases>249</ConfirmedCases>
      <IncidencePer100k>193.2</IncidencePer100k>
      <Name>Louth</Name>
    </HspcIncidence>
    <HspcIncidence>
      <ConfirmedCases>219</ConfirmedCases>
      <IncidencePer100k>188.5</IncidencePer100k>
      <Name>Waterford</Name>
    </HspcIncidence>
    <HspcIncidence>
      <ConfirmedCases>217</ConfirmedCases>
      <IncidencePer100k>182.6</IncidencePer100k>
      <Name>Clare</Name>
    </HspcIncidence>
    <HspcIncidence>
      <ConfirmedCases>237</ConfirmedCases>
      <IncidencePer100k>181.6</IncidencePer100k>
      <Name>Mayo</Name>
    </HspcIncidence>
    <HspcIncidence>
      <ConfirmedCases>109</ConfirmedCases>
      <IncidencePer100k>177.6</IncidencePer100k>
      <Name>Monaghan</Name>
    </HspcIncidence>
    <HspcIncidence>
      <ConfirmedCases>393</ConfirmedCases>
      <IncidencePer100k>176.6</IncidencePer100k>
      <Name>Kildare</Name>
    </HspcIncidence>
    <HspcIncidence>
      <ConfirmedCases>142</ConfirmedCases>
      <IncidencePer100k>167.7</IncidencePer100k>
      <Name>Laois</Name>
    </HspcIncidence>
    <HspcIncidence>
      <ConfirmedCases>133</ConfirmedCases>
      <IncidencePer100k>134.0</IncidencePer100k>
      <Name>Kilkenny</Name>
    </HspcIncidence>
    <HspcIncidence>
      <ConfirmedCases>211</ConfirmedCases>
      <IncidencePer100k>132.2</IncidencePer100k>
      <Name>Tipperary</Name>
    </HspcIncidence>
    <HspcIncidence>
      <ConfirmedCases>188</ConfirmedCases>
      <IncidencePer100k>125.6</IncidencePer100k>
      <Name>Wexford</Name>
    </HspcIncidence>
    <HspcIncidence>
      <ConfirmedCases>88</ConfirmedCases>
      <IncidencePer100k>112.9</IncidencePer100k>
      <Name>Offaly</Name>
    </HspcIncidence>
    <HspcIncidence>
      <ConfirmedCases>152</ConfirmedCases>
      <IncidencePer100k>106.7</IncidencePer100k>
      <Name>Wicklow</Name>
    </HspcIncidence>
    <HspcIncidence>
      <ConfirmedCases>18</ConfirmedCases>
      <IncidencePer100k>56.2</IncidencePer100k>
      <Name>Leitrim</Name>
    </HspcIncidence>
  </CountyRates>
  <FromDate>2020-10-22T00:00:00</FromDate>
  <Hospitalised>
    <HspcHospitalised>
      <CasesAdmittedToIcu>0</CasesAdmittedToIcu>
      <CasesAdmittedToIcuPercent>0</CasesAdmittedToIcuPercent>
      <CasesHospitalised>5</CasesHospitalised>
      <CasesHospitalisedPercent>1.37</CasesHospitalisedPercent>
      <Name>0To4</Name>
      <NumberOfCases>414</NumberOfCases>
    </HspcHospitalised>
    <HspcHospitalised>
      <CasesAdmittedToIcu>0</CasesAdmittedToIcu>
      <CasesAdmittedToIcuPercent>0</CasesAdmittedToIcuPercent>
      <CasesHospitalised>8</CasesHospitalised>
      <CasesHospitalisedPercent>2.19</CasesHospitalisedPercent>
      <Name>5To12</Name>
      <NumberOfCases>792</NumberOfCases>
    </HspcHospitalised>
    <HspcHospitalised>
      <CasesAdmittedToIcu>0</CasesAdmittedToIcu>
      <CasesAdmittedToIcuPercent>0</CasesAdmittedToIcuPercent>
      <CasesHospitalised>7</CasesHospitalised>
      <CasesHospitalisedPercent>1.91</CasesHospitalisedPercent>
      <Name>13To18</Name>
      <NumberOfCases>889</NumberOfCases>
    </HspcHospitalised>
    <HspcHospitalised>
      <CasesAdmittedToIcu>1</CasesAdmittedToIcu>
      <CasesAdmittedToIcuPercent>4.55</CasesAdmittedToIcuPercent>
      <CasesHospitalised>11</CasesHospitalised>
      <CasesHospitalisedPercent>3.01</CasesHospitalisedPercent>
      <Name>19To24</Name>
      <NumberOfCases>1323</NumberOfCases>
    </HspcHospitalised>
    <HspcHospitalised>
      <CasesAdmittedToIcu>0</CasesAdmittedToIcu>
      <CasesAdmittedToIcuPercent>0</CasesAdmittedToIcuPercent>
      <CasesHospitalised>18</CasesHospitalised>
      <CasesHospitalisedPercent>4.92</CasesHospitalisedPercent>
      <Name>25To34</Name>
      <NumberOfCases>1446</NumberOfCases>
    </HspcHospitalised>
    <HspcHospitalised>
      <CasesAdmittedToIcu>0</CasesAdmittedToIcu>
      <CasesAdmittedToIcuPercent>0</CasesAdmittedToIcuPercent>
      <CasesHospitalised>28</CasesHospitalised>
      <CasesHospitalisedPercent>7.65</CasesHospitalisedPercent>
      <Name>35To44</Name>
      <NumberOfCases>1392</NumberOfCases>
    </HspcHospitalised>
    <HspcHospitalised>
      <CasesAdmittedToIcu>4</CasesAdmittedToIcu>
      <CasesAdmittedToIcuPercent>18.18</CasesAdmittedToIcuPercent>
      <CasesHospitalised>38</CasesHospitalised>
      <CasesHospitalisedPercent>10.38</CasesHospitalisedPercent>
      <Name>45To54</Name>
      <NumberOfCases>1357</NumberOfCases>
    </HspcHospitalised>
    <HspcHospitalised>
      <CasesAdmittedToIcu>2</CasesAdmittedToIcu>
      <CasesAdmittedToIcuPercent>9.09</CasesAdmittedToIcuPercent>
      <CasesHospitalised>36</CasesHospitalised>
      <CasesHospitalisedPercent>9.84</CasesHospitalisedPercent>
      <Name>55To64</Name>
      <NumberOfCases>993</NumberOfCases>
    </HspcHospitalised>
    <HspcHospitalised>
      <CasesAdmittedToIcu>10</CasesAdmittedToIcu>
      <CasesAdmittedToIcuPercent>45.45</CasesAdmittedToIcuPercent>
      <CasesHospitalised>79</CasesHospitalised>
      <CasesHospitalisedPercent>21.58</CasesHospitalisedPercent>
      <Name>65To74</Name>
      <NumberOfCases>527</NumberOfCases>
    </HspcHospitalised>
    <HspcHospitalised>
      <CasesAdmittedToIcu>4</CasesAdmittedToIcu>
      <CasesAdmittedToIcuPercent>18.18</CasesAdmittedToIcuPercent>
      <CasesHospitalised>94</CasesHospitalised>
      <CasesHospitalisedPercent>25.68</CasesHospitalisedPercent>
      <Name>75To84</Name>
      <NumberOfCases>314</NumberOfCases>
    </HspcHospitalised>
    <HspcHospitalised>
      <CasesAdmittedToIcu>1</CasesAdmittedToIcu>
      <CasesAdmittedToIcuPercent>4.55</CasesAdmittedToIcuPercent>
      <CasesHospitalised>42</CasesHospitalised>
      <CasesHospitalisedPercent>11.48</CasesHospitalisedPercent>
      <Name>85Plus</Name>
      <NumberOfCases>176</NumberOfCases>
    </HspcHospitalised>
    <HspcHospitalised>
      <CasesAdmittedToIcu>0</CasesAdmittedToIcu>
      <CasesAdmittedToIcuPercent>0</CasesAdmittedToIcuPercent>
      <CasesHospitalised>0</CasesHospitalised>
      <CasesHospitalisedPercent>0</CasesHospitalisedPercent>
      <Name>Unknown</Name>
      <NumberOfCases>2</NumberOfCases>
    </HspcHospitalised>
  </Hospitalised>
  <PreparedDate>2020-11-05T00:00:00</PreparedDate>
  <SexCharacteristics>
    <Female>
      <Absolute>4951</Absolute>
      <Percent>51.44</Percent>
    </Female>
    <Male>
      <Absolute>4667</Absolute>
      <Percent>48.49</Percent>
    </Male>
    <MaleFemaleRatio>0.94</MaleFemaleRatio>
    <Unknown>
      <Absolute>7</Absolute>
      <Percent>0.07</Percent>
    </Unknown>
  </SexCharacteristics>
  <SourceFileName>COVID-19_14 day epidemiology report_20201105_website.pdf</SourceFileName>
  <SymptomStatusAtTimeOfTestCharacteristics>
    <No>
      <Absolute>2369</Absolute>
      <Percent>24.61</Percent>
    </No>
    <Unknown>
      <Absolute>2160</Absolute>
      <Percent>22.44</Percent>
    </Unknown>
    <Yes>
      <Absolute>5096</Absolute>
      <Percent>52.95</Percent>
    </Yes>
  </SymptomStatusAtTimeOfTestCharacteristics>
  <ToDate>2020-11-04T00:00:00</ToDate>
  <TotalConfirmedCases>
    <Absolute>9625</Absolute>
    <Percent>100</Percent>
  </TotalConfirmedCases>
  <UnderlyingConditionsCharacteristics>
    <No>
      <Absolute>7072</Absolute>
      <Percent>73.48</Percent>
    </No>
    <Unknown>
      <Absolute>1935</Absolute>
      <Percent>20.1</Percent>
    </Unknown>
    <Yes>
      <Absolute>618</Absolute>
      <Percent>6.42</Percent>
    </Yes>
  </UnderlyingConditionsCharacteristics>
</HspcDailyEpidemiology>