﻿<?xml version="1.0" encoding="utf-8"?>
<HspcDailyEpidemiology xmlns:i="http://www.w3.org/2001/XMLSchema-instance" xmlns="http://schemas.datacontract.org/2004/07/CovidStats.DailyEpidemiology">
  <AgeCharacteristics>
    <Age0To4>
      <Absolute>309</Absolute>
      <Percent>4.28</Percent>
    </Age0To4>
    <Age13To18>
      <Absolute>597</Absolute>
      <Percent>8.28</Percent>
    </Age13To18>
    <Age19To24>
      <Absolute>888</Absolute>
      <Percent>12.31</Percent>
    </Age19To24>
    <Age25To34>
      <Absolute>1129</Absolute>
      <Percent>15.65</Percent>
    </Age25To34>
    <Age35To44>
      <Absolute>1103</Absolute>
      <Percent>15.29</Percent>
    </Age35To44>
    <Age45To54>
      <Absolute>1034</Absolute>
      <Percent>14.34</Percent>
    </Age45To54>
    <Age55To64>
      <Absolute>686</Absolute>
      <Percent>9.51</Percent>
    </Age55To64>
    <Age5To12>
      <Absolute>597</Absolute>
      <Percent>8.28</Percent>
    </Age5To12>
    <Age65To74>
      <Absolute>425</Absolute>
      <Percent>5.89</Percent>
    </Age65To74>
    <Age75To84>
      <Absolute>265</Absolute>
      <Percent>3.67</Percent>
    </Age75To84>
    <Age85Plus>
      <Absolute>177</Absolute>
      <Percent>2.45</Percent>
    </Age85Plus>
    <AgeUnknown>
      <Absolute>2</Absolute>
      <Percent>0.03</Percent>
    </AgeUnknown>
    <MeanAge>37</MeanAge>
    <MedianAge>35</MedianAge>
  </AgeCharacteristics>
  <CCARates>
    <HspcIncidence>
      <ConfirmedCases>92</ConfirmedCases>
      <IncidencePer100k>67.6</IncidencePer100k>
      <Name>DublinSouth</Name>
    </HspcIncidence>
    <HspcIncidence>
      <ConfirmedCases>205</ConfirmedCases>
      <IncidencePer100k>165.7</IncidencePer100k>
      <Name>DublinSouthEast</Name>
    </HspcIncidence>
    <HspcIncidence>
      <ConfirmedCases>129</ConfirmedCases>
      <IncidencePer100k>86.0</IncidencePer100k>
      <Name>DublinSouthCity</Name>
    </HspcIncidence>
    <HspcIncidence>
      <ConfirmedCases>262</ConfirmedCases>
      <IncidencePer100k>162.8</IncidencePer100k>
      <Name>DublinSouthWest</Name>
    </HspcIncidence>
    <HspcIncidence>
      <ConfirmedCases>290</ConfirmedCases>
      <IncidencePer100k>186.7</IncidencePer100k>
      <Name>DublinWest</Name>
    </HspcIncidence>
    <HspcIncidence>
      <ConfirmedCases>463</ConfirmedCases>
      <IncidencePer100k>222.9</IncidencePer100k>
      <Name>DublinNorthWest</Name>
    </HspcIncidence>
    <HspcIncidence>
      <ConfirmedCases>314</ConfirmedCases>
      <IncidencePer100k>203.1</IncidencePer100k>
      <Name>DublinNorthCentral</Name>
    </HspcIncidence>
    <HspcIncidence>
      <ConfirmedCases>436</ConfirmedCases>
      <IncidencePer100k>168.2</IncidencePer100k>
      <Name>DublinNorth</Name>
    </HspcIncidence>
  </CCARates>
  <CHORates>
    <HspcIncidence>
      <ConfirmedCases>749</ConfirmedCases>
      <IncidencePer100k>191.4</IncidencePer100k>
      <Name>CHO1</Name>
    </HspcIncidence>
    <HspcIncidence>
      <ConfirmedCases>586</ConfirmedCases>
      <IncidencePer100k>129.3</IncidencePer100k>
      <Name>CHO2</Name>
    </HspcIncidence>
    <HspcIncidence>
      <ConfirmedCases>687</ConfirmedCases>
      <IncidencePer100k>178.4</IncidencePer100k>
      <Name>CHO3</Name>
    </HspcIncidence>
    <HspcIncidence>
      <ConfirmedCases>1077</ConfirmedCases>
      <IncidencePer100k>156.0</IncidencePer100k>
      <Name>CHO4</Name>
    </HspcIncidence>
    <HspcIncidence>
      <ConfirmedCases>526</ConfirmedCases>
      <IncidencePer100k>103.1</IncidencePer100k>
      <Name>CHO5</Name>
    </HspcIncidence>
    <HspcIncidence>
      <ConfirmedCases>404</ConfirmedCases>
      <IncidencePer100k>105.4</IncidencePer100k>
      <Name>CHO6</Name>
    </HspcIncidence>
    <HspcIncidence>
      <ConfirmedCases>942</ConfirmedCases>
      <IncidencePer100k>133.1</IncidencePer100k>
      <Name>CHO7</Name>
    </HspcIncidence>
    <HspcIncidence>
      <ConfirmedCases>1028</ConfirmedCases>
      <IncidencePer100k>166.0</IncidencePer100k>
      <Name>CHO8</Name>
    </HspcIncidence>
    <HspcIncidence>
      <ConfirmedCases>1213</ConfirmedCases>
      <IncidencePer100k>195.2</IncidencePer100k>
      <Name>CHO9</Name>
    </HspcIncidence>
  </CHORates>
  <CountyRates>
    <HspcIncidence>
      <ConfirmedCases>453</ConfirmedCases>
      <IncidencePer100k>284.6</IncidencePer100k>
      <Name>Donegal</Name>
    </HspcIncidence>
    <HspcIncidence>
      <ConfirmedCases>408</ConfirmedCases>
      <IncidencePer100k>209.3</IncidencePer100k>
      <Name>Limerick</Name>
    </HspcIncidence>
    <HspcIncidence>
      <ConfirmedCases>396</ConfirmedCases>
      <IncidencePer100k>203.0</IncidencePer100k>
      <Name>Meath</Name>
    </HspcIncidence>
    <HspcIncidence>
      <ConfirmedCases>112</ConfirmedCases>
      <IncidencePer100k>173.5</IncidencePer100k>
      <Name>Roscommon</Name>
    </HspcIncidence>
    <HspcIncidence>
      <ConfirmedCases>152</ConfirmedCases>
      <IncidencePer100k>171.2</IncidencePer100k>
      <Name>Westmeath</Name>
    </HspcIncidence>
    <HspcIncidence>
      <ConfirmedCases>2191</ConfirmedCases>
      <IncidencePer100k>162.6</IncidencePer100k>
      <Name>Dublin</Name>
    </HspcIncidence>
    <HspcIncidence>
      <ConfirmedCases>868</ConfirmedCases>
      <IncidencePer100k>159.9</IncidencePer100k>
      <Name>Cork</Name>
    </HspcIncidence>
    <HspcIncidence>
      <ConfirmedCases>200</ConfirmedCases>
      <IncidencePer100k>155.2</IncidencePer100k>
      <Name>Louth</Name>
    </HspcIncidence>
    <HspcIncidence>
      <ConfirmedCases>100</ConfirmedCases>
      <IncidencePer100k>152.6</IncidencePer100k>
      <Name>Sligo</Name>
    </HspcIncidence>
    <HspcIncidence>
      <ConfirmedCases>129</ConfirmedCases>
      <IncidencePer100k>152.3</IncidencePer100k>
      <Name>Laois</Name>
    </HspcIncidence>
    <HspcIncidence>
      <ConfirmedCases>61</ConfirmedCases>
      <IncidencePer100k>149.2</IncidencePer100k>
      <Name>Longford</Name>
    </HspcIncidence>
    <HspcIncidence>
      <ConfirmedCases>193</ConfirmedCases>
      <IncidencePer100k>147.9</IncidencePer100k>
      <Name>Mayo</Name>
    </HspcIncidence>
    <HspcIncidence>
      <ConfirmedCases>209</ConfirmedCases>
      <IncidencePer100k>141.5</IncidencePer100k>
      <Name>Kerry</Name>
    </HspcIncidence>
    <HspcIncidence>
      <ConfirmedCases>107</ConfirmedCases>
      <IncidencePer100k>140.5</IncidencePer100k>
      <Name>Cavan</Name>
    </HspcIncidence>
    <HspcIncidence>
      <ConfirmedCases>157</ConfirmedCases>
      <IncidencePer100k>132.1</IncidencePer100k>
      <Name>Clare</Name>
    </HspcIncidence>
    <HspcIncidence>
      <ConfirmedCases>130</ConfirmedCases>
      <IncidencePer100k>131.0</IncidencePer100k>
      <Name>Kilkenny</Name>
    </HspcIncidence>
    <HspcIncidence>
      <ConfirmedCases>74</ConfirmedCases>
      <IncidencePer100k>130.0</IncidencePer100k>
      <Name>Carlow</Name>
    </HspcIncidence>
    <HspcIncidence>
      <ConfirmedCases>151</ConfirmedCases>
      <IncidencePer100k>130.0</IncidencePer100k>
      <Name>Waterford</Name>
    </HspcIncidence>
    <HspcIncidence>
      <ConfirmedCases>77</ConfirmedCases>
      <IncidencePer100k>125.4</IncidencePer100k>
      <Name>Monaghan</Name>
    </HspcIncidence>
    <HspcIncidence>
      <ConfirmedCases>198</ConfirmedCases>
      <IncidencePer100k>124.1</IncidencePer100k>
      <Name>Tipperary</Name>
    </HspcIncidence>
    <HspcIncidence>
      <ConfirmedCases>258</ConfirmedCases>
      <IncidencePer100k>116.0</IncidencePer100k>
      <Name>Kildare</Name>
    </HspcIncidence>
    <HspcIncidence>
      <ConfirmedCases>281</ConfirmedCases>
      <IncidencePer100k>108.9</IncidencePer100k>
      <Name>Galway</Name>
    </HspcIncidence>
    <HspcIncidence>
      <ConfirmedCases>83</ConfirmedCases>
      <IncidencePer100k>106.5</IncidencePer100k>
      <Name>Offaly</Name>
    </HspcIncidence>
    <HspcIncidence>
      <ConfirmedCases>110</ConfirmedCases>
      <IncidencePer100k>77.2</IncidencePer100k>
      <Name>Wicklow</Name>
    </HspcIncidence>
    <HspcIncidence>
      <ConfirmedCases>102</ConfirmedCases>
      <IncidencePer100k>68.1</IncidencePer100k>
      <Name>Wexford</Name>
    </HspcIncidence>
    <HspcIncidence>
      <ConfirmedCases>12</ConfirmedCases>
      <IncidencePer100k>37.4</IncidencePer100k>
      <Name>Leitrim</Name>
    </HspcIncidence>
  </CountyRates>
  <FromDate>2020-10-27T00:00:00</FromDate>
  <Hospitalised>
    <HspcHospitalised>
      <CasesAdmittedToIcu>0</CasesAdmittedToIcu>
      <CasesAdmittedToIcuPercent>0</CasesAdmittedToIcuPercent>
      <CasesHospitalised>6</CasesHospitalised>
      <CasesHospitalisedPercent>1.54</CasesHospitalisedPercent>
      <Name>0To4</Name>
      <NumberOfCases>309</NumberOfCases>
    </HspcHospitalised>
    <HspcHospitalised>
      <CasesAdmittedToIcu>0</CasesAdmittedToIcu>
      <CasesAdmittedToIcuPercent>0</CasesAdmittedToIcuPercent>
      <CasesHospitalised>5</CasesHospitalised>
      <CasesHospitalisedPercent>1.29</CasesHospitalisedPercent>
      <Name>5To12</Name>
      <NumberOfCases>597</NumberOfCases>
    </HspcHospitalised>
    <HspcHospitalised>
      <CasesAdmittedToIcu>0</CasesAdmittedToIcu>
      <CasesAdmittedToIcuPercent>0</CasesAdmittedToIcuPercent>
      <CasesHospitalised>6</CasesHospitalised>
      <CasesHospitalisedPercent>1.54</CasesHospitalisedPercent>
      <Name>13To18</Name>
      <NumberOfCases>597</NumberOfCases>
    </HspcHospitalised>
    <HspcHospitalised>
      <CasesAdmittedToIcu>2</CasesAdmittedToIcu>
      <CasesAdmittedToIcuPercent>9.52</CasesAdmittedToIcuPercent>
      <CasesHospitalised>11</CasesHospitalised>
      <CasesHospitalisedPercent>2.83</CasesHospitalisedPercent>
      <Name>19To24</Name>
      <NumberOfCases>888</NumberOfCases>
    </HspcHospitalised>
    <HspcHospitalised>
      <CasesAdmittedToIcu>0</CasesAdmittedToIcu>
      <CasesAdmittedToIcuPercent>0</CasesAdmittedToIcuPercent>
      <CasesHospitalised>27</CasesHospitalised>
      <CasesHospitalisedPercent>6.94</CasesHospitalisedPercent>
      <Name>25To34</Name>
      <NumberOfCases>1129</NumberOfCases>
    </HspcHospitalised>
    <HspcHospitalised>
      <CasesAdmittedToIcu>2</CasesAdmittedToIcu>
      <CasesAdmittedToIcuPercent>9.52</CasesAdmittedToIcuPercent>
      <CasesHospitalised>39</CasesHospitalised>
      <CasesHospitalisedPercent>10.03</CasesHospitalisedPercent>
      <Name>35To44</Name>
      <NumberOfCases>1103</NumberOfCases>
    </HspcHospitalised>
    <HspcHospitalised>
      <CasesAdmittedToIcu>3</CasesAdmittedToIcu>
      <CasesAdmittedToIcuPercent>14.29</CasesAdmittedToIcuPercent>
      <CasesHospitalised>43</CasesHospitalised>
      <CasesHospitalisedPercent>11.05</CasesHospitalisedPercent>
      <Name>45To54</Name>
      <NumberOfCases>1034</NumberOfCases>
    </HspcHospitalised>
    <HspcHospitalised>
      <CasesAdmittedToIcu>2</CasesAdmittedToIcu>
      <CasesAdmittedToIcuPercent>9.52</CasesAdmittedToIcuPercent>
      <CasesHospitalised>37</CasesHospitalised>
      <CasesHospitalisedPercent>9.51</CasesHospitalisedPercent>
      <Name>55To64</Name>
      <NumberOfCases>686</NumberOfCases>
    </HspcHospitalised>
    <HspcHospitalised>
      <CasesAdmittedToIcu>6</CasesAdmittedToIcu>
      <CasesAdmittedToIcuPercent>28.57</CasesAdmittedToIcuPercent>
      <CasesHospitalised>77</CasesHospitalised>
      <CasesHospitalisedPercent>19.79</CasesHospitalisedPercent>
      <Name>65To74</Name>
      <NumberOfCases>425</NumberOfCases>
    </HspcHospitalised>
    <HspcHospitalised>
      <CasesAdmittedToIcu>5</CasesAdmittedToIcu>
      <CasesAdmittedToIcuPercent>23.81</CasesAdmittedToIcuPercent>
      <CasesHospitalised>89</CasesHospitalised>
      <CasesHospitalisedPercent>22.88</CasesHospitalisedPercent>
      <Name>75To84</Name>
      <NumberOfCases>265</NumberOfCases>
    </HspcHospitalised>
    <HspcHospitalised>
      <CasesAdmittedToIcu>1</CasesAdmittedToIcu>
      <CasesAdmittedToIcuPercent>4.76</CasesAdmittedToIcuPercent>
      <CasesHospitalised>49</CasesHospitalised>
      <CasesHospitalisedPercent>12.6</CasesHospitalisedPercent>
      <Name>85Plus</Name>
      <NumberOfCases>177</NumberOfCases>
    </HspcHospitalised>
    <HspcHospitalised>
      <CasesAdmittedToIcu>0</CasesAdmittedToIcu>
      <CasesAdmittedToIcuPercent>0</CasesAdmittedToIcuPercent>
      <CasesHospitalised>0</CasesHospitalised>
      <CasesHospitalisedPercent>0</CasesHospitalisedPercent>
      <Name>Unknown</Name>
      <NumberOfCases>2</NumberOfCases>
    </HspcHospitalised>
  </Hospitalised>
  <PreparedDate>2020-11-10T00:00:00</PreparedDate>
  <SexCharacteristics>
    <Female>
      <Absolute>3745</Absolute>
      <Percent>51.93</Percent>
    </Female>
    <Male>
      <Absolute>3456</Absolute>
      <Percent>47.92</Percent>
    </Male>
    <MaleFemaleRatio>0.92</MaleFemaleRatio>
    <Unknown>
      <Absolute>11</Absolute>
      <Percent>0.15</Percent>
    </Unknown>
  </SexCharacteristics>
  <SourceFileName>COVID-19_14_day_epidemiology_report_20201110 -Website.pdf</SourceFileName>
  <SymptomStatusAtTimeOfTestCharacteristics>
    <No i:nil="true" />
    <Unknown i:nil="true" />
    <Yes i:nil="true" />
  </SymptomStatusAtTimeOfTestCharacteristics>
  <ToDate>2020-11-09T00:00:00</ToDate>
  <TotalConfirmedCases>
    <Absolute>7212</Absolute>
    <Percent>100</Percent>
  </TotalConfirmedCases>
  <UnderlyingConditionsCharacteristics>
    <No i:nil="true" />
    <Unknown i:nil="true" />
    <Yes i:nil="true" />
  </UnderlyingConditionsCharacteristics>
</HspcDailyEpidemiology>