﻿<?xml version="1.0" encoding="utf-8"?>
<HspcDailyEpidemiology xmlns:i="http://www.w3.org/2001/XMLSchema-instance" xmlns="http://schemas.datacontract.org/2004/07/CovidStats.DailyEpidemiology">
  <AgeCharacteristics>
    <Age0To4>
      <Absolute>180</Absolute>
      <Percent>4.78</Percent>
    </Age0To4>
    <Age13To18>
      <Absolute>296</Absolute>
      <Percent>7.86</Percent>
    </Age13To18>
    <Age19To24>
      <Absolute>377</Absolute>
      <Percent>10.02</Percent>
    </Age19To24>
    <Age25To34>
      <Absolute>583</Absolute>
      <Percent>15.49</Percent>
    </Age25To34>
    <Age35To44>
      <Absolute>588</Absolute>
      <Percent>15.62</Percent>
    </Age35To44>
    <Age45To54>
      <Absolute>518</Absolute>
      <Percent>13.76</Percent>
    </Age45To54>
    <Age55To64>
      <Absolute>354</Absolute>
      <Percent>9.4</Percent>
    </Age55To64>
    <Age5To12>
      <Absolute>382</Absolute>
      <Percent>10.15</Percent>
    </Age5To12>
    <Age65To74>
      <Absolute>206</Absolute>
      <Percent>5.47</Percent>
    </Age65To74>
    <Age75To84>
      <Absolute>156</Absolute>
      <Percent>4.14</Percent>
    </Age75To84>
    <Age85Plus>
      <Absolute>124</Absolute>
      <Percent>3.29</Percent>
    </Age85Plus>
    <AgeUnknown>
      <Absolute>0</Absolute>
      <Percent>0</Percent>
    </AgeUnknown>
    <MeanAge>37</MeanAge>
    <MedianAge>35</MedianAge>
  </AgeCharacteristics>
  <CCARates>
    <HspcIncidence>
      <ConfirmedCases>107</ConfirmedCases>
      <IncidencePer100k>78.6</IncidencePer100k>
      <Name>DublinSouth</Name>
    </HspcIncidence>
    <HspcIncidence>
      <ConfirmedCases>200</ConfirmedCases>
      <IncidencePer100k>161.7</IncidencePer100k>
      <Name>DublinSouthEast</Name>
    </HspcIncidence>
    <HspcIncidence>
      <ConfirmedCases>98</ConfirmedCases>
      <IncidencePer100k>65.4</IncidencePer100k>
      <Name>DublinSouthCity</Name>
    </HspcIncidence>
    <HspcIncidence>
      <ConfirmedCases>115</ConfirmedCases>
      <IncidencePer100k>71.5</IncidencePer100k>
      <Name>DublinSouthWest</Name>
    </HspcIncidence>
    <HspcIncidence>
      <ConfirmedCases>118</ConfirmedCases>
      <IncidencePer100k>76.0</IncidencePer100k>
      <Name>DublinWest</Name>
    </HspcIncidence>
    <HspcIncidence>
      <ConfirmedCases>195</ConfirmedCases>
      <IncidencePer100k>93.9</IncidencePer100k>
      <Name>DublinNorthWest</Name>
    </HspcIncidence>
    <HspcIncidence>
      <ConfirmedCases>195</ConfirmedCases>
      <IncidencePer100k>126.1</IncidencePer100k>
      <Name>DublinNorthCentral</Name>
    </HspcIncidence>
    <HspcIncidence>
      <ConfirmedCases>197</ConfirmedCases>
      <IncidencePer100k>76.0</IncidencePer100k>
      <Name>DublinNorth</Name>
    </HspcIncidence>
  </CCARates>
  <CHORates>
    <HspcIncidence>
      <ConfirmedCases>530</ConfirmedCases>
      <IncidencePer100k>135.5</IncidencePer100k>
      <Name>CHO1</Name>
    </HspcIncidence>
    <HspcIncidence>
      <ConfirmedCases>288</ConfirmedCases>
      <IncidencePer100k>63.6</IncidencePer100k>
      <Name>CHO2</Name>
    </HspcIncidence>
    <HspcIncidence>
      <ConfirmedCases>323</ConfirmedCases>
      <IncidencePer100k>83.9</IncidencePer100k>
      <Name>CHO3</Name>
    </HspcIncidence>
    <HspcIncidence>
      <ConfirmedCases>182</ConfirmedCases>
      <IncidencePer100k>26.4</IncidencePer100k>
      <Name>CHO4</Name>
    </HspcIncidence>
    <HspcIncidence>
      <ConfirmedCases>473</ConfirmedCases>
      <IncidencePer100k>92.7</IncidencePer100k>
      <Name>CHO5</Name>
    </HspcIncidence>
    <HspcIncidence>
      <ConfirmedCases>473</ConfirmedCases>
      <IncidencePer100k>123.4</IncidencePer100k>
      <Name>CHO6</Name>
    </HspcIncidence>
    <HspcIncidence>
      <ConfirmedCases>451</ConfirmedCases>
      <IncidencePer100k>63.7</IncidencePer100k>
      <Name>CHO7</Name>
    </HspcIncidence>
    <HspcIncidence>
      <ConfirmedCases>457</ConfirmedCases>
      <IncidencePer100k>73.8</IncidencePer100k>
      <Name>CHO8</Name>
    </HspcIncidence>
    <HspcIncidence>
      <ConfirmedCases>587</ConfirmedCases>
      <IncidencePer100k>94.5</IncidencePer100k>
      <Name>CHO9</Name>
    </HspcIncidence>
  </CHORates>
  <CountyRates>
    <HspcIncidence>
      <ConfirmedCases>367</ConfirmedCases>
      <IncidencePer100k>230.5</IncidencePer100k>
      <Name>Donegal</Name>
    </HspcIncidence>
    <HspcIncidence>
      <ConfirmedCases>174</ConfirmedCases>
      <IncidencePer100k>175.3</IncidencePer100k>
      <Name>Kilkenny</Name>
    </HspcIncidence>
    <HspcIncidence>
      <ConfirmedCases>206</ConfirmedCases>
      <IncidencePer100k>159.8</IncidencePer100k>
      <Name>Louth</Name>
    </HspcIncidence>
    <HspcIncidence>
      <ConfirmedCases>77</ConfirmedCases>
      <IncidencePer100k>135.2</IncidencePer100k>
      <Name>Carlow</Name>
    </HspcIncidence>
    <HspcIncidence>
      <ConfirmedCases>80</ConfirmedCases>
      <IncidencePer100k>130.3</IncidencePer100k>
      <Name>Monaghan</Name>
    </HspcIncidence>
    <HspcIncidence>
      <ConfirmedCases>249</ConfirmedCases>
      <IncidencePer100k>127.8</IncidencePer100k>
      <Name>Limerick</Name>
    </HspcIncidence>
    <HspcIncidence>
      <ConfirmedCases>168</ConfirmedCases>
      <IncidencePer100k>118.0</IncidencePer100k>
      <Name>Wicklow</Name>
    </HspcIncidence>
    <HspcIncidence>
      <ConfirmedCases>1225</ConfirmedCases>
      <IncidencePer100k>90.9</IncidencePer100k>
      <Name>Dublin</Name>
    </HspcIncidence>
    <HspcIncidence>
      <ConfirmedCases>34</ConfirmedCases>
      <IncidencePer100k>83.2</IncidencePer100k>
      <Name>Longford</Name>
    </HspcIncidence>
    <HspcIncidence>
      <ConfirmedCases>96</ConfirmedCases>
      <IncidencePer100k>82.6</IncidencePer100k>
      <Name>Waterford</Name>
    </HspcIncidence>
    <HspcIncidence>
      <ConfirmedCases>125</ConfirmedCases>
      <IncidencePer100k>78.3</IncidencePer100k>
      <Name>Tipperary</Name>
    </HspcIncidence>
    <HspcIncidence>
      <ConfirmedCases>99</ConfirmedCases>
      <IncidencePer100k>75.9</IncidencePer100k>
      <Name>Mayo</Name>
    </HspcIncidence>
    <HspcIncidence>
      <ConfirmedCases>55</ConfirmedCases>
      <IncidencePer100k>72.2</IncidencePer100k>
      <Name>Cavan</Name>
    </HspcIncidence>
    <HspcIncidence>
      <ConfirmedCases>49</ConfirmedCases>
      <IncidencePer100k>62.9</IncidencePer100k>
      <Name>Offaly</Name>
    </HspcIncidence>
    <HspcIncidence>
      <ConfirmedCases>155</ConfirmedCases>
      <IncidencePer100k>60.1</IncidencePer100k>
      <Name>Galway</Name>
    </HspcIncidence>
    <HspcIncidence>
      <ConfirmedCases>107</ConfirmedCases>
      <IncidencePer100k>54.9</IncidencePer100k>
      <Name>Meath</Name>
    </HspcIncidence>
    <HspcIncidence>
      <ConfirmedCases>118</ConfirmedCases>
      <IncidencePer100k>53.0</IncidencePer100k>
      <Name>Kildare</Name>
    </HspcIncidence>
    <HspcIncidence>
      <ConfirmedCases>34</ConfirmedCases>
      <IncidencePer100k>52.7</IncidencePer100k>
      <Name>Roscommon</Name>
    </HspcIncidence>
    <HspcIncidence>
      <ConfirmedCases>42</ConfirmedCases>
      <IncidencePer100k>49.6</IncidencePer100k>
      <Name>Laois</Name>
    </HspcIncidence>
    <HspcIncidence>
      <ConfirmedCases>22</ConfirmedCases>
      <IncidencePer100k>33.6</IncidencePer100k>
      <Name>Sligo</Name>
    </HspcIncidence>
    <HspcIncidence>
      <ConfirmedCases>39</ConfirmedCases>
      <IncidencePer100k>32.8</IncidencePer100k>
      <Name>Clare</Name>
    </HspcIncidence>
    <HspcIncidence>
      <ConfirmedCases>147</ConfirmedCases>
      <IncidencePer100k>27.1</IncidencePer100k>
      <Name>Cork</Name>
    </HspcIncidence>
    <HspcIncidence>
      <ConfirmedCases>37</ConfirmedCases>
      <IncidencePer100k>24.7</IncidencePer100k>
      <Name>Wexford</Name>
    </HspcIncidence>
    <HspcIncidence>
      <ConfirmedCases>35</ConfirmedCases>
      <IncidencePer100k>23.7</IncidencePer100k>
      <Name>Kerry</Name>
    </HspcIncidence>
    <HspcIncidence>
      <ConfirmedCases>18</ConfirmedCases>
      <IncidencePer100k>20.3</IncidencePer100k>
      <Name>Westmeath</Name>
    </HspcIncidence>
    <HspcIncidence>
      <ConfirmedCases>6</ConfirmedCases>
      <IncidencePer100k>18.7</IncidencePer100k>
      <Name>Leitrim</Name>
    </HspcIncidence>
  </CountyRates>
  <FromDate>2020-11-26T00:00:00</FromDate>
  <Hospitalised>
    <HspcHospitalised>
      <CasesAdmittedToIcu>0</CasesAdmittedToIcu>
      <CasesAdmittedToIcuPercent>0</CasesAdmittedToIcuPercent>
      <CasesHospitalised>3</CasesHospitalised>
      <CasesHospitalisedPercent>1.38</CasesHospitalisedPercent>
      <Name>0To4</Name>
      <NumberOfCases>180</NumberOfCases>
    </HspcHospitalised>
    <HspcHospitalised>
      <CasesAdmittedToIcu>0</CasesAdmittedToIcu>
      <CasesAdmittedToIcuPercent>0</CasesAdmittedToIcuPercent>
      <CasesHospitalised>4</CasesHospitalised>
      <CasesHospitalisedPercent>1.83</CasesHospitalisedPercent>
      <Name>5To12</Name>
      <NumberOfCases>382</NumberOfCases>
    </HspcHospitalised>
    <HspcHospitalised>
      <CasesAdmittedToIcu>0</CasesAdmittedToIcu>
      <CasesAdmittedToIcuPercent>0</CasesAdmittedToIcuPercent>
      <CasesHospitalised>4</CasesHospitalised>
      <CasesHospitalisedPercent>1.83</CasesHospitalisedPercent>
      <Name>13To18</Name>
      <NumberOfCases>296</NumberOfCases>
    </HspcHospitalised>
    <HspcHospitalised>
      <CasesAdmittedToIcu>0</CasesAdmittedToIcu>
      <CasesAdmittedToIcuPercent>0</CasesAdmittedToIcuPercent>
      <CasesHospitalised>5</CasesHospitalised>
      <CasesHospitalisedPercent>2.29</CasesHospitalisedPercent>
      <Name>19To24</Name>
      <NumberOfCases>377</NumberOfCases>
    </HspcHospitalised>
    <HspcHospitalised>
      <CasesAdmittedToIcu>1</CasesAdmittedToIcu>
      <CasesAdmittedToIcuPercent>7.69</CasesAdmittedToIcuPercent>
      <CasesHospitalised>18</CasesHospitalised>
      <CasesHospitalisedPercent>8.26</CasesHospitalisedPercent>
      <Name>25To34</Name>
      <NumberOfCases>583</NumberOfCases>
    </HspcHospitalised>
    <HspcHospitalised>
      <CasesAdmittedToIcu>4</CasesAdmittedToIcu>
      <CasesAdmittedToIcuPercent>30.77</CasesAdmittedToIcuPercent>
      <CasesHospitalised>12</CasesHospitalised>
      <CasesHospitalisedPercent>5.50</CasesHospitalisedPercent>
      <Name>35To44</Name>
      <NumberOfCases>588</NumberOfCases>
    </HspcHospitalised>
    <HspcHospitalised>
      <CasesAdmittedToIcu>2</CasesAdmittedToIcu>
      <CasesAdmittedToIcuPercent>15.38</CasesAdmittedToIcuPercent>
      <CasesHospitalised>20</CasesHospitalised>
      <CasesHospitalisedPercent>9.17</CasesHospitalisedPercent>
      <Name>45To54</Name>
      <NumberOfCases>518</NumberOfCases>
    </HspcHospitalised>
    <HspcHospitalised>
      <CasesAdmittedToIcu>2</CasesAdmittedToIcu>
      <CasesAdmittedToIcuPercent>15.38</CasesAdmittedToIcuPercent>
      <CasesHospitalised>28</CasesHospitalised>
      <CasesHospitalisedPercent>12.84</CasesHospitalisedPercent>
      <Name>55To64</Name>
      <NumberOfCases>354</NumberOfCases>
    </HspcHospitalised>
    <HspcHospitalised>
      <CasesAdmittedToIcu>1</CasesAdmittedToIcu>
      <CasesAdmittedToIcuPercent>7.69</CasesAdmittedToIcuPercent>
      <CasesHospitalised>49</CasesHospitalised>
      <CasesHospitalisedPercent>22.48</CasesHospitalisedPercent>
      <Name>65To74</Name>
      <NumberOfCases>206</NumberOfCases>
    </HspcHospitalised>
    <HspcHospitalised>
      <CasesAdmittedToIcu>3</CasesAdmittedToIcu>
      <CasesAdmittedToIcuPercent>23.08</CasesAdmittedToIcuPercent>
      <CasesHospitalised>46</CasesHospitalised>
      <CasesHospitalisedPercent>21.10</CasesHospitalisedPercent>
      <Name>75To84</Name>
      <NumberOfCases>156</NumberOfCases>
    </HspcHospitalised>
    <HspcHospitalised>
      <CasesAdmittedToIcu>0</CasesAdmittedToIcu>
      <CasesAdmittedToIcuPercent>0</CasesAdmittedToIcuPercent>
      <CasesHospitalised>29</CasesHospitalised>
      <CasesHospitalisedPercent>13.30</CasesHospitalisedPercent>
      <Name>85Plus</Name>
      <NumberOfCases>124</NumberOfCases>
    </HspcHospitalised>
  </Hospitalised>
  <PreparedDate>2020-12-10T00:00:00</PreparedDate>
  <SexCharacteristics>
    <Female>
      <Absolute>1907</Absolute>
      <Percent>50.66</Percent>
    </Female>
    <Male>
      <Absolute>1848</Absolute>
      <Percent>49.1</Percent>
    </Male>
    <MaleFemaleRatio>0.97</MaleFemaleRatio>
    <Unknown>
      <Absolute>9</Absolute>
      <Percent>0.24</Percent>
    </Unknown>
  </SexCharacteristics>
  <SourceFileName>COVID-19_14_day_epidemiology_report_20201210 - website.pdf</SourceFileName>
  <SymptomStatusAtTimeOfTestCharacteristics>
    <No>
      <Absolute>961</Absolute>
      <Percent>25.53</Percent>
    </No>
    <Unknown>
      <Absolute>544</Absolute>
      <Percent>14.45</Percent>
    </Unknown>
    <Yes>
      <Absolute>2259</Absolute>
      <Percent>60.02</Percent>
    </Yes>
  </SymptomStatusAtTimeOfTestCharacteristics>
  <ToDate>2020-12-09T00:00:00</ToDate>
  <TotalConfirmedCases>
    <Absolute>3764</Absolute>
    <Percent>100</Percent>
  </TotalConfirmedCases>
  <UnderlyingConditionsCharacteristics>
    <No>
      <Absolute>2131</Absolute>
      <Percent>56.62</Percent>
    </No>
    <Unknown>
      <Absolute>474</Absolute>
      <Percent>12.59</Percent>
    </Unknown>
    <Yes>
      <Absolute>1159</Absolute>
      <Percent>30.79</Percent>
    </Yes>
  </UnderlyingConditionsCharacteristics>
</HspcDailyEpidemiology>