﻿<?xml version="1.0" encoding="utf-8"?>
<HspcDailyEpidemiology xmlns:i="http://www.w3.org/2001/XMLSchema-instance" xmlns="http://schemas.datacontract.org/2004/07/CovidStats.DailyEpidemiology">
  <AgeCharacteristics>
    <Age0To4>
      <Absolute>474</Absolute>
      <Percent>3.29</Percent>
    </Age0To4>
    <Age13To18>
      <Absolute>0</Absolute>
      <Percent>0</Percent>
    </Age13To18>
    <Age19To24>
      <Absolute>0</Absolute>
      <Percent>0</Percent>
    </Age19To24>
    <Age25To34>
      <Absolute>2400</Absolute>
      <Percent>16.66</Percent>
    </Age25To34>
    <Age35To44>
      <Absolute>1969</Absolute>
      <Percent>13.67</Percent>
    </Age35To44>
    <Age45To54>
      <Absolute>1873</Absolute>
      <Percent>13</Percent>
    </Age45To54>
    <Age55To64>
      <Absolute>1426</Absolute>
      <Percent>9.9</Percent>
    </Age55To64>
    <Age5To12>
      <Absolute>0</Absolute>
      <Percent>0</Percent>
    </Age5To12>
    <Age65To74>
      <Absolute>670</Absolute>
      <Percent>4.65</Percent>
    </Age65To74>
    <Age75To84>
      <Absolute>334</Absolute>
      <Percent>2.32</Percent>
    </Age75To84>
    <Age85Plus>
      <Absolute>209</Absolute>
      <Percent>1.45</Percent>
    </Age85Plus>
    <AgeUnknown>
      <Absolute>5</Absolute>
      <Percent>0.03</Percent>
    </AgeUnknown>
    <MeanAge>35</MeanAge>
    <MedianAge>31</MedianAge>
  </AgeCharacteristics>
  <CCARates>
    <HspcIncidence>
      <ConfirmedCases>150</ConfirmedCases>
      <IncidencePer100k>110.2</IncidencePer100k>
      <Name>DublinSouth</Name>
    </HspcIncidence>
    <HspcIncidence>
      <ConfirmedCases>334</ConfirmedCases>
      <IncidencePer100k>270.0</IncidencePer100k>
      <Name>DublinSouthEast</Name>
    </HspcIncidence>
    <HspcIncidence>
      <ConfirmedCases>246</ConfirmedCases>
      <IncidencePer100k>164.1</IncidencePer100k>
      <Name>DublinSouthCity</Name>
    </HspcIncidence>
    <HspcIncidence>
      <ConfirmedCases>335</ConfirmedCases>
      <IncidencePer100k>208.2</IncidencePer100k>
      <Name>DublinSouthWest</Name>
    </HspcIncidence>
    <HspcIncidence>
      <ConfirmedCases>533</ConfirmedCases>
      <IncidencePer100k>343.1</IncidencePer100k>
      <Name>DublinWest</Name>
    </HspcIncidence>
    <HspcIncidence>
      <ConfirmedCases>802</ConfirmedCases>
      <IncidencePer100k>386.2</IncidencePer100k>
      <Name>DublinNorthWest</Name>
    </HspcIncidence>
    <HspcIncidence>
      <ConfirmedCases>475</ConfirmedCases>
      <IncidencePer100k>307.3</IncidencePer100k>
      <Name>DublinNorthCentral</Name>
    </HspcIncidence>
    <HspcIncidence>
      <ConfirmedCases>533</ConfirmedCases>
      <IncidencePer100k>205.7</IncidencePer100k>
      <Name>DublinNorth</Name>
    </HspcIncidence>
  </CCARates>
  <CHORates>
    <HspcIncidence>
      <ConfirmedCases>1909</ConfirmedCases>
      <IncidencePer100k>487.9</IncidencePer100k>
      <Name>CHO1</Name>
    </HspcIncidence>
    <HspcIncidence>
      <ConfirmedCases>1381</ConfirmedCases>
      <IncidencePer100k>304.8</IncidencePer100k>
      <Name>CHO2</Name>
    </HspcIncidence>
    <HspcIncidence>
      <ConfirmedCases>1012</ConfirmedCases>
      <IncidencePer100k>262.9</IncidencePer100k>
      <Name>CHO3</Name>
    </HspcIncidence>
    <HspcIncidence>
      <ConfirmedCases>2240</ConfirmedCases>
      <IncidencePer100k>324.4</IncidencePer100k>
      <Name>CHO4</Name>
    </HspcIncidence>
    <HspcIncidence>
      <ConfirmedCases>1063</ConfirmedCases>
      <IncidencePer100k>208.3</IncidencePer100k>
      <Name>CHO5</Name>
    </HspcIncidence>
    <HspcIncidence>
      <ConfirmedCases>657</ConfirmedCases>
      <IncidencePer100k>171.5</IncidencePer100k>
      <Name>CHO6</Name>
    </HspcIncidence>
    <HspcIncidence>
      <ConfirmedCases>1803</ConfirmedCases>
      <IncidencePer100k>254.8</IncidencePer100k>
      <Name>CHO7</Name>
    </HspcIncidence>
    <HspcIncidence>
      <ConfirmedCases>2522</ConfirmedCases>
      <IncidencePer100k>407.2</IncidencePer100k>
      <Name>CHO8</Name>
    </HspcIncidence>
    <HspcIncidence>
      <ConfirmedCases>1810</ConfirmedCases>
      <IncidencePer100k>291.3</IncidencePer100k>
      <Name>CHO9</Name>
    </HspcIncidence>
  </CHORates>
  <CountyRates>
    <HspcIncidence>
      <ConfirmedCases>804</ConfirmedCases>
      <IncidencePer100k>1055.5</IncidencePer100k>
      <Name>Cavan</Name>
    </HspcIncidence>
    <HspcIncidence>
      <ConfirmedCases>1287</ConfirmedCases>
      <IncidencePer100k>659.9</IncidencePer100k>
      <Name>Meath</Name>
    </HspcIncidence>
    <HspcIncidence>
      <ConfirmedCases>371</ConfirmedCases>
      <IncidencePer100k>417.9</IncidencePer100k>
      <Name>Westmeath</Name>
    </HspcIncidence>
    <HspcIncidence>
      <ConfirmedCases>248</ConfirmedCases>
      <IncidencePer100k>404.0</IncidencePer100k>
      <Name>Monaghan</Name>
    </HspcIncidence>
    <HspcIncidence>
      <ConfirmedCases>260</ConfirmedCases>
      <IncidencePer100k>396.7</IncidencePer100k>
      <Name>Sligo</Name>
    </HspcIncidence>
    <HspcIncidence>
      <ConfirmedCases>917</ConfirmedCases>
      <IncidencePer100k>355.3</IncidencePer100k>
      <Name>Galway</Name>
    </HspcIncidence>
    <HspcIncidence>
      <ConfirmedCases>1844</ConfirmedCases>
      <IncidencePer100k>339.7</IncidencePer100k>
      <Name>Cork</Name>
    </HspcIncidence>
    <HspcIncidence>
      <ConfirmedCases>511</ConfirmedCases>
      <IncidencePer100k>321.0</IncidencePer100k>
      <Name>Donegal</Name>
    </HspcIncidence>
    <HspcIncidence>
      <ConfirmedCases>681</ConfirmedCases>
      <IncidencePer100k>306.1</IncidencePer100k>
      <Name>Kildare</Name>
    </HspcIncidence>
    <HspcIncidence>
      <ConfirmedCases>359</ConfirmedCases>
      <IncidencePer100k>302.1</IncidencePer100k>
      <Name>Clare</Name>
    </HspcIncidence>
    <HspcIncidence>
      <ConfirmedCases>451</ConfirmedCases>
      <IncidencePer100k>301.2</IncidencePer100k>
      <Name>Wexford</Name>
    </HspcIncidence>
    <HspcIncidence>
      <ConfirmedCases>571</ConfirmedCases>
      <IncidencePer100k>293.0</IncidencePer100k>
      <Name>Limerick</Name>
    </HspcIncidence>
    <HspcIncidence>
      <ConfirmedCases>373</ConfirmedCases>
      <IncidencePer100k>289.4</IncidencePer100k>
      <Name>Louth</Name>
    </HspcIncidence>
    <HspcIncidence>
      <ConfirmedCases>116</ConfirmedCases>
      <IncidencePer100k>283.8</IncidencePer100k>
      <Name>Longford</Name>
    </HspcIncidence>
    <HspcIncidence>
      <ConfirmedCases>87</ConfirmedCases>
      <IncidencePer100k>271.5</IncidencePer100k>
      <Name>Leitrim</Name>
    </HspcIncidence>
    <HspcIncidence>
      <ConfirmedCases>398</ConfirmedCases>
      <IncidencePer100k>269.5</IncidencePer100k>
      <Name>Kerry</Name>
    </HspcIncidence>
    <HspcIncidence>
      <ConfirmedCases>167</ConfirmedCases>
      <IncidencePer100k>258.7</IncidencePer100k>
      <Name>Roscommon</Name>
    </HspcIncidence>
    <HspcIncidence>
      <ConfirmedCases>3413</ConfirmedCases>
      <IncidencePer100k>253.3</IncidencePer100k>
      <Name>Dublin</Name>
    </HspcIncidence>
    <HspcIncidence>
      <ConfirmedCases>138</ConfirmedCases>
      <IncidencePer100k>242.4</IncidencePer100k>
      <Name>Carlow</Name>
    </HspcIncidence>
    <HspcIncidence>
      <ConfirmedCases>297</ConfirmedCases>
      <IncidencePer100k>227.6</IncidencePer100k>
      <Name>Mayo</Name>
    </HspcIncidence>
    <HspcIncidence>
      <ConfirmedCases>188</ConfirmedCases>
      <IncidencePer100k>222.0</IncidencePer100k>
      <Name>Laois</Name>
    </HspcIncidence>
    <HspcIncidence>
      <ConfirmedCases>173</ConfirmedCases>
      <IncidencePer100k>221.9</IncidencePer100k>
      <Name>Offaly</Name>
    </HspcIncidence>
    <HspcIncidence>
      <ConfirmedCases>176</ConfirmedCases>
      <IncidencePer100k>177.4</IncidencePer100k>
      <Name>Kilkenny</Name>
    </HspcIncidence>
    <HspcIncidence>
      <ConfirmedCases>201</ConfirmedCases>
      <IncidencePer100k>173.0</IncidencePer100k>
      <Name>Waterford</Name>
    </HspcIncidence>
    <HspcIncidence>
      <ConfirmedCases>181</ConfirmedCases>
      <IncidencePer100k>127.1</IncidencePer100k>
      <Name>Wicklow</Name>
    </HspcIncidence>
    <HspcIncidence>
      <ConfirmedCases>192</ConfirmedCases>
      <IncidencePer100k>120.3</IncidencePer100k>
      <Name>Tipperary</Name>
    </HspcIncidence>
  </CountyRates>
  <FromDate>2020-10-08T00:00:00</FromDate>
  <Hospitalised>
    <HspcHospitalised>
      <CasesAdmittedToIcu>0</CasesAdmittedToIcu>
      <CasesAdmittedToIcuPercent>0</CasesAdmittedToIcuPercent>
      <CasesHospitalised>7</CasesHospitalised>
      <CasesHospitalisedPercent>1.93</CasesHospitalisedPercent>
      <Name>0To4</Name>
      <NumberOfCases>474</NumberOfCases>
    </HspcHospitalised>
    <HspcHospitalised>
      <CasesAdmittedToIcu>1</CasesAdmittedToIcu>
      <CasesAdmittedToIcuPercent>4.17</CasesAdmittedToIcuPercent>
      <CasesHospitalised>8</CasesHospitalised>
      <CasesHospitalisedPercent>2.2</CasesHospitalisedPercent>
      <Name>5To14</Name>
      <NumberOfCases>1200</NumberOfCases>
    </HspcHospitalised>
    <HspcHospitalised>
      <CasesAdmittedToIcu>1</CasesAdmittedToIcu>
      <CasesAdmittedToIcuPercent>4.17</CasesAdmittedToIcuPercent>
      <CasesHospitalised>21</CasesHospitalised>
      <CasesHospitalisedPercent>5.79</CasesHospitalisedPercent>
      <Name>15To24</Name>
      <NumberOfCases>3844</NumberOfCases>
    </HspcHospitalised>
    <HspcHospitalised>
      <CasesAdmittedToIcu>0</CasesAdmittedToIcu>
      <CasesAdmittedToIcuPercent>0</CasesAdmittedToIcuPercent>
      <CasesHospitalised>35</CasesHospitalised>
      <CasesHospitalisedPercent>9.64</CasesHospitalisedPercent>
      <Name>25To34</Name>
      <NumberOfCases>2400</NumberOfCases>
    </HspcHospitalised>
    <HspcHospitalised>
      <CasesAdmittedToIcu>3</CasesAdmittedToIcu>
      <CasesAdmittedToIcuPercent>12.5</CasesAdmittedToIcuPercent>
      <CasesHospitalised>28</CasesHospitalised>
      <CasesHospitalisedPercent>7.71</CasesHospitalisedPercent>
      <Name>35To44</Name>
      <NumberOfCases>1969</NumberOfCases>
    </HspcHospitalised>
    <HspcHospitalised>
      <CasesAdmittedToIcu>2</CasesAdmittedToIcu>
      <CasesAdmittedToIcuPercent>8.33</CasesAdmittedToIcuPercent>
      <CasesHospitalised>38</CasesHospitalised>
      <CasesHospitalisedPercent>10.47</CasesHospitalisedPercent>
      <Name>45To54</Name>
      <NumberOfCases>1873</NumberOfCases>
    </HspcHospitalised>
    <HspcHospitalised>
      <CasesAdmittedToIcu>3</CasesAdmittedToIcu>
      <CasesAdmittedToIcuPercent>12.5</CasesAdmittedToIcuPercent>
      <CasesHospitalised>51</CasesHospitalised>
      <CasesHospitalisedPercent>14.05</CasesHospitalisedPercent>
      <Name>55To64</Name>
      <NumberOfCases>1426</NumberOfCases>
    </HspcHospitalised>
    <HspcHospitalised>
      <CasesAdmittedToIcu>10</CasesAdmittedToIcu>
      <CasesAdmittedToIcuPercent>41.67</CasesAdmittedToIcuPercent>
      <CasesHospitalised>57</CasesHospitalised>
      <CasesHospitalisedPercent>15.7</CasesHospitalisedPercent>
      <Name>65To74</Name>
      <NumberOfCases>670</NumberOfCases>
    </HspcHospitalised>
    <HspcHospitalised>
      <CasesAdmittedToIcu>4</CasesAdmittedToIcu>
      <CasesAdmittedToIcuPercent>16.67</CasesAdmittedToIcuPercent>
      <CasesHospitalised>70</CasesHospitalised>
      <CasesHospitalisedPercent>19.28</CasesHospitalisedPercent>
      <Name>75To84</Name>
      <NumberOfCases>334</NumberOfCases>
    </HspcHospitalised>
    <HspcHospitalised>
      <CasesAdmittedToIcu>0</CasesAdmittedToIcu>
      <CasesAdmittedToIcuPercent>0</CasesAdmittedToIcuPercent>
      <CasesHospitalised>47</CasesHospitalised>
      <CasesHospitalisedPercent>12.95</CasesHospitalisedPercent>
      <Name>85Plus</Name>
      <NumberOfCases>209</NumberOfCases>
    </HspcHospitalised>
    <HspcHospitalised>
      <CasesAdmittedToIcu>1</CasesAdmittedToIcu>
      <CasesAdmittedToIcuPercent>0.28</CasesAdmittedToIcuPercent>
      <CasesHospitalised>0</CasesHospitalised>
      <CasesHospitalisedPercent>0</CasesHospitalisedPercent>
      <Name>Unknown</Name>
      <NumberOfCases>5</NumberOfCases>
    </HspcHospitalised>
  </Hospitalised>
  <PreparedDate>2020-10-22T00:00:00</PreparedDate>
  <SexCharacteristics>
    <Female>
      <Absolute>7218</Absolute>
      <Percent>50.11</Percent>
    </Female>
    <Male>
      <Absolute>7172</Absolute>
      <Percent>49.79</Percent>
    </Male>
    <MaleFemaleRatio>0.99</MaleFemaleRatio>
    <Unknown>
      <Absolute>14</Absolute>
      <Percent>0.1</Percent>
    </Unknown>
  </SexCharacteristics>
  <SourceFileName>COVID-19_14_day_epidemiology_report_20201022 - website.pdf</SourceFileName>
  <SymptomStatusAtTimeOfTestCharacteristics>
    <No i:nil="true" />
    <Unknown i:nil="true" />
    <Yes i:nil="true" />
  </SymptomStatusAtTimeOfTestCharacteristics>
  <ToDate>2020-10-21T00:00:00</ToDate>
  <TotalConfirmedCases>
    <Absolute>14404</Absolute>
    <Percent>100</Percent>
  </TotalConfirmedCases>
  <UnderlyingConditionsCharacteristics>
    <No i:nil="true" />
    <Unknown i:nil="true" />
    <Yes i:nil="true" />
  </UnderlyingConditionsCharacteristics>
</HspcDailyEpidemiology>