﻿<?xml version="1.0" encoding="utf-8"?>
<HspcDailyEpidemiology xmlns:i="http://www.w3.org/2001/XMLSchema-instance" xmlns="http://schemas.datacontract.org/2004/07/CovidStats.DailyEpidemiology">
  <AgeCharacteristics>
    <Age0To4>
      <Absolute>1169</Absolute>
      <Percent>2.11</Percent>
    </Age0To4>
    <Age13To18>
      <Absolute>3345</Absolute>
      <Percent>6.04</Percent>
    </Age13To18>
    <Age19To24>
      <Absolute>8391</Absolute>
      <Percent>15.16</Percent>
    </Age19To24>
    <Age25To34>
      <Absolute>11111</Absolute>
      <Percent>20.08</Percent>
    </Age25To34>
    <Age35To44>
      <Absolute>8754</Absolute>
      <Percent>15.82</Percent>
    </Age35To44>
    <Age45To54>
      <Absolute>8144</Absolute>
      <Percent>14.72</Percent>
    </Age45To54>
    <Age55To64>
      <Absolute>6842</Absolute>
      <Percent>12.36</Percent>
    </Age55To64>
    <Age5To12>
      <Absolute>2152</Absolute>
      <Percent>3.89</Percent>
    </Age5To12>
    <Age65To74>
      <Absolute>3029</Absolute>
      <Percent>5.47</Percent>
    </Age65To74>
    <Age75To84>
      <Absolute>1520</Absolute>
      <Percent>2.75</Percent>
    </Age75To84>
    <Age85Plus>
      <Absolute>879</Absolute>
      <Percent>1.59</Percent>
    </Age85Plus>
    <AgeUnknown>
      <Absolute>8</Absolute>
      <Percent>0.01</Percent>
    </AgeUnknown>
    <MeanAge>39</MeanAge>
    <MedianAge>36</MedianAge>
  </AgeCharacteristics>
  <CCARates>
    <HspcIncidence>
      <ConfirmedCases>1244</ConfirmedCases>
      <IncidencePer100k>914.2</IncidencePer100k>
      <Name>DublinSouth</Name>
    </HspcIncidence>
    <HspcIncidence>
      <ConfirmedCases>2489</ConfirmedCases>
      <IncidencePer100k>2012.1</IncidencePer100k>
      <Name>DublinSouthEast</Name>
    </HspcIncidence>
    <HspcIncidence>
      <ConfirmedCases>1632</ConfirmedCases>
      <IncidencePer100k>1088.5</IncidencePer100k>
      <Name>DublinSouthCity</Name>
    </HspcIncidence>
    <HspcIncidence>
      <ConfirmedCases>1983</ConfirmedCases>
      <IncidencePer100k>1232.5</IncidencePer100k>
      <Name>DublinSouthWest</Name>
    </HspcIncidence>
    <HspcIncidence>
      <ConfirmedCases>1871</ConfirmedCases>
      <IncidencePer100k>1204.4</IncidencePer100k>
      <Name>DublinWest</Name>
    </HspcIncidence>
    <HspcIncidence>
      <ConfirmedCases>3320</ConfirmedCases>
      <IncidencePer100k>1598.7</IncidencePer100k>
      <Name>DublinNorthWest</Name>
    </HspcIncidence>
    <HspcIncidence>
      <ConfirmedCases>2627</ConfirmedCases>
      <IncidencePer100k>1699.4</IncidencePer100k>
      <Name>DublinNorthCentral</Name>
    </HspcIncidence>
    <HspcIncidence>
      <ConfirmedCases>2885</ConfirmedCases>
      <IncidencePer100k>1113.2</IncidencePer100k>
      <Name>DublinNorth</Name>
    </HspcIncidence>
  </CCARates>
  <CHORates>
    <HspcIncidence>
      <ConfirmedCases>4622</ConfirmedCases>
      <IncidencePer100k>1181.2</IncidencePer100k>
      <Name>CHO1</Name>
    </HspcIncidence>
    <HspcIncidence>
      <ConfirmedCases>2963</ConfirmedCases>
      <IncidencePer100k>653.9</IncidencePer100k>
      <Name>CHO2</Name>
    </HspcIncidence>
    <HspcIncidence>
      <ConfirmedCases>4196</ConfirmedCases>
      <IncidencePer100k>1089.9</IncidencePer100k>
      <Name>CHO3</Name>
    </HspcIncidence>
    <HspcIncidence>
      <ConfirmedCases>6058</ConfirmedCases>
      <IncidencePer100k>877.2</IncidencePer100k>
      <Name>CHO4</Name>
    </HspcIncidence>
    <HspcIncidence>
      <ConfirmedCases>3931</ConfirmedCases>
      <IncidencePer100k>770.3</IncidencePer100k>
      <Name>CHO5</Name>
    </HspcIncidence>
    <HspcIncidence>
      <ConfirmedCases>3846</ConfirmedCases>
      <IncidencePer100k>1003.7</IncidencePer100k>
      <Name>CHO6</Name>
    </HspcIncidence>
    <HspcIncidence>
      <ConfirmedCases>6205</ConfirmedCases>
      <IncidencePer100k>876.8</IncidencePer100k>
      <Name>CHO7</Name>
    </HspcIncidence>
    <HspcIncidence>
      <ConfirmedCases>5766</ConfirmedCases>
      <IncidencePer100k>931.1</IncidencePer100k>
      <Name>CHO8</Name>
    </HspcIncidence>
    <HspcIncidence>
      <ConfirmedCases>6973</ConfirmedCases>
      <IncidencePer100k>1122.1</IncidencePer100k>
      <Name>CHO9</Name>
    </HspcIncidence>
  </CHORates>
  <CountyRates>
    <HspcIncidence>
      <ConfirmedCases>1410</ConfirmedCases>
      <IncidencePer100k>2296.9</IncidencePer100k>
      <Name>Monaghan</Name>
    </HspcIncidence>
    <HspcIncidence>
      <ConfirmedCases>2589</ConfirmedCases>
      <IncidencePer100k>2008.8</IncidencePer100k>
      <Name>Louth</Name>
    </HspcIncidence>
    <HspcIncidence>
      <ConfirmedCases>3237</ConfirmedCases>
      <IncidencePer100k>1660.9</IncidencePer100k>
      <Name>Limerick</Name>
    </HspcIncidence>
    <HspcIncidence>
      <ConfirmedCases>1611</ConfirmedCases>
      <IncidencePer100k>1386.7</IncidencePer100k>
      <Name>Waterford</Name>
    </HspcIncidence>
    <HspcIncidence>
      <ConfirmedCases>1050</ConfirmedCases>
      <IncidencePer100k>1378.4</IncidencePer100k>
      <Name>Cavan</Name>
    </HspcIncidence>
    <HspcIncidence>
      <ConfirmedCases>18064</ConfirmedCases>
      <IncidencePer100k>1340.7</IncidencePer100k>
      <Name>Dublin</Name>
    </HspcIncidence>
    <HspcIncidence>
      <ConfirmedCases>2083</ConfirmedCases>
      <IncidencePer100k>1308.5</IncidencePer100k>
      <Name>Donegal</Name>
    </HspcIncidence>
    <HspcIncidence>
      <ConfirmedCases>6547</ConfirmedCases>
      <IncidencePer100k>1206.0</IncidencePer100k>
      <Name>Cork</Name>
    </HspcIncidence>
    <HspcIncidence>
      <ConfirmedCases>1424</ConfirmedCases>
      <IncidencePer100k>1198.5</IncidencePer100k>
      <Name>Clare</Name>
    </HspcIncidence>
    <HspcIncidence>
      <ConfirmedCases>1784</ConfirmedCases>
      <IncidencePer100k>1191.5</IncidencePer100k>
      <Name>Wexford</Name>
    </HspcIncidence>
    <HspcIncidence>
      <ConfirmedCases>1450</ConfirmedCases>
      <IncidencePer100k>1111.1</IncidencePer100k>
      <Name>Mayo</Name>
    </HspcIncidence>
    <HspcIncidence>
      <ConfirmedCases>631</ConfirmedCases>
      <IncidencePer100k>1108.3</IncidencePer100k>
      <Name>Carlow</Name>
    </HspcIncidence>
    <HspcIncidence>
      <ConfirmedCases>711</ConfirmedCases>
      <IncidencePer100k>1084.9</IncidencePer100k>
      <Name>Sligo</Name>
    </HspcIncidence>
    <HspcIncidence>
      <ConfirmedCases>2016</ConfirmedCases>
      <IncidencePer100k>1033.6</IncidencePer100k>
      <Name>Meath</Name>
    </HspcIncidence>
    <HspcIncidence>
      <ConfirmedCases>1006</ConfirmedCases>
      <IncidencePer100k>1013.8</IncidencePer100k>
      <Name>Kilkenny</Name>
    </HspcIncidence>
    <HspcIncidence>
      <ConfirmedCases>1402</ConfirmedCases>
      <IncidencePer100k>949.2</IncidencePer100k>
      <Name>Kerry</Name>
    </HspcIncidence>
    <HspcIncidence>
      <ConfirmedCases>1947</ConfirmedCases>
      <IncidencePer100k>875.0</IncidencePer100k>
      <Name>Kildare</Name>
    </HspcIncidence>
    <HspcIncidence>
      <ConfirmedCases>639</ConfirmedCases>
      <IncidencePer100k>819.6</IncidencePer100k>
      <Name>Offaly</Name>
    </HspcIncidence>
    <HspcIncidence>
      <ConfirmedCases>326</ConfirmedCases>
      <IncidencePer100k>797.6</IncidencePer100k>
      <Name>Longford</Name>
    </HspcIncidence>
    <HspcIncidence>
      <ConfirmedCases>612</ConfirmedCases>
      <IncidencePer100k>722.6</IncidencePer100k>
      <Name>Laois</Name>
    </HspcIncidence>
    <HspcIncidence>
      <ConfirmedCases>457</ConfirmedCases>
      <IncidencePer100k>708.0</IncidencePer100k>
      <Name>Roscommon</Name>
    </HspcIncidence>
    <HspcIncidence>
      <ConfirmedCases>1777</ConfirmedCases>
      <IncidencePer100k>688.6</IncidencePer100k>
      <Name>Galway</Name>
    </HspcIncidence>
    <HspcIncidence>
      <ConfirmedCases>209</ConfirmedCases>
      <IncidencePer100k>652.2</IncidencePer100k>
      <Name>Leitrim</Name>
    </HspcIncidence>
    <HspcIncidence>
      <ConfirmedCases>568</ConfirmedCases>
      <IncidencePer100k>639.9</IncidencePer100k>
      <Name>Westmeath</Name>
    </HspcIncidence>
    <HspcIncidence>
      <ConfirmedCases>1019</ConfirmedCases>
      <IncidencePer100k>638.7</IncidencePer100k>
      <Name>Tipperary</Name>
    </HspcIncidence>
    <HspcIncidence>
      <ConfirmedCases>775</ConfirmedCases>
      <IncidencePer100k>544.1</IncidencePer100k>
      <Name>Wicklow</Name>
    </HspcIncidence>
  </CountyRates>
  <FromDate>2020-12-26T00:00:00</FromDate>
  <Hospitalised>
    <HspcHospitalised>
      <CasesAdmittedToIcu>1</CasesAdmittedToIcu>
      <CasesAdmittedToIcuPercent>0.1</CasesAdmittedToIcuPercent>
      <CasesHospitalised>18</CasesHospitalised>
      <CasesHospitalisedPercent>1.5</CasesHospitalisedPercent>
      <Name>0To4</Name>
      <NumberOfCases>1169</NumberOfCases>
    </HspcHospitalised>
    <HspcHospitalised>
      <CasesAdmittedToIcu>0</CasesAdmittedToIcu>
      <CasesAdmittedToIcuPercent>0</CasesAdmittedToIcuPercent>
      <CasesHospitalised>5</CasesHospitalised>
      <CasesHospitalisedPercent>0.2</CasesHospitalisedPercent>
      <Name>5To12</Name>
      <NumberOfCases>2152</NumberOfCases>
    </HspcHospitalised>
    <HspcHospitalised>
      <CasesAdmittedToIcu>1</CasesAdmittedToIcu>
      <CasesAdmittedToIcuPercent>0.0</CasesAdmittedToIcuPercent>
      <CasesHospitalised>24</CasesHospitalised>
      <CasesHospitalisedPercent>0.7</CasesHospitalisedPercent>
      <Name>13To18</Name>
      <NumberOfCases>3345</NumberOfCases>
    </HspcHospitalised>
    <HspcHospitalised>
      <CasesAdmittedToIcu>0</CasesAdmittedToIcu>
      <CasesAdmittedToIcuPercent>0</CasesAdmittedToIcuPercent>
      <CasesHospitalised>43</CasesHospitalised>
      <CasesHospitalisedPercent>0.5</CasesHospitalisedPercent>
      <Name>19To24</Name>
      <NumberOfCases>8391</NumberOfCases>
    </HspcHospitalised>
    <HspcHospitalised>
      <CasesAdmittedToIcu>4</CasesAdmittedToIcu>
      <CasesAdmittedToIcuPercent>0.0</CasesAdmittedToIcuPercent>
      <CasesHospitalised>101</CasesHospitalised>
      <CasesHospitalisedPercent>0.9</CasesHospitalisedPercent>
      <Name>25To34</Name>
      <NumberOfCases>11111</NumberOfCases>
    </HspcHospitalised>
    <HspcHospitalised>
      <CasesAdmittedToIcu>2</CasesAdmittedToIcu>
      <CasesAdmittedToIcuPercent>0.0</CasesAdmittedToIcuPercent>
      <CasesHospitalised>94</CasesHospitalised>
      <CasesHospitalisedPercent>1.1</CasesHospitalisedPercent>
      <Name>35To44</Name>
      <NumberOfCases>8754</NumberOfCases>
    </HspcHospitalised>
    <HspcHospitalised>
      <CasesAdmittedToIcu>9</CasesAdmittedToIcu>
      <CasesAdmittedToIcuPercent>0.1</CasesAdmittedToIcuPercent>
      <CasesHospitalised>126</CasesHospitalised>
      <CasesHospitalisedPercent>1.5</CasesHospitalisedPercent>
      <Name>45To54</Name>
      <NumberOfCases>8144</NumberOfCases>
    </HspcHospitalised>
    <HspcHospitalised>
      <CasesAdmittedToIcu>18</CasesAdmittedToIcu>
      <CasesAdmittedToIcuPercent>0.3</CasesAdmittedToIcuPercent>
      <CasesHospitalised>135</CasesHospitalised>
      <CasesHospitalisedPercent>2.0</CasesHospitalisedPercent>
      <Name>55To64</Name>
      <NumberOfCases>6842</NumberOfCases>
    </HspcHospitalised>
    <HspcHospitalised>
      <CasesAdmittedToIcu>22</CasesAdmittedToIcu>
      <CasesAdmittedToIcuPercent>0.7</CasesAdmittedToIcuPercent>
      <CasesHospitalised>222</CasesHospitalised>
      <CasesHospitalisedPercent>7.3</CasesHospitalisedPercent>
      <Name>65To74</Name>
      <NumberOfCases>3029</NumberOfCases>
    </HspcHospitalised>
    <HspcHospitalised>
      <CasesAdmittedToIcu>11</CasesAdmittedToIcu>
      <CasesAdmittedToIcuPercent>0.7</CasesAdmittedToIcuPercent>
      <CasesHospitalised>235</CasesHospitalised>
      <CasesHospitalisedPercent>15.5</CasesHospitalisedPercent>
      <Name>75To84</Name>
      <NumberOfCases>1520</NumberOfCases>
    </HspcHospitalised>
    <HspcHospitalised>
      <CasesAdmittedToIcu>1</CasesAdmittedToIcu>
      <CasesAdmittedToIcuPercent>0.1</CasesAdmittedToIcuPercent>
      <CasesHospitalised>174</CasesHospitalised>
      <CasesHospitalisedPercent>19.8</CasesHospitalisedPercent>
      <Name>85Plus</Name>
      <NumberOfCases>879</NumberOfCases>
    </HspcHospitalised>
    <HspcHospitalised>
      <CasesAdmittedToIcu>0</CasesAdmittedToIcu>
      <CasesAdmittedToIcuPercent>0</CasesAdmittedToIcuPercent>
      <CasesHospitalised>0</CasesHospitalised>
      <CasesHospitalisedPercent>0</CasesHospitalisedPercent>
      <Name>Unknown</Name>
      <NumberOfCases>8</NumberOfCases>
    </HspcHospitalised>
  </Hospitalised>
  <PreparedDate>2021-01-09T00:00:00</PreparedDate>
  <SexCharacteristics>
    <Female>
      <Absolute>28743</Absolute>
      <Percent>51.94</Percent>
    </Female>
    <Male>
      <Absolute>26470</Absolute>
      <Percent>47.83</Percent>
    </Male>
    <MaleFemaleRatio>0.92</MaleFemaleRatio>
    <Unknown>
      <Absolute>131</Absolute>
      <Percent>0.24</Percent>
    </Unknown>
  </SexCharacteristics>
  <SourceFileName>COVID-19_14_day_epidemiology_report-website_20200109.pdf</SourceFileName>
  <SymptomStatusAtTimeOfTestCharacteristics>
    <No>
      <Absolute>165</Absolute>
      <Percent>0.3</Percent>
    </No>
    <Unknown>
      <Absolute>54484</Absolute>
      <Percent>98.45</Percent>
    </Unknown>
    <Yes>
      <Absolute>695</Absolute>
      <Percent>1.26</Percent>
    </Yes>
  </SymptomStatusAtTimeOfTestCharacteristics>
  <ToDate>2021-01-08T00:00:00</ToDate>
  <TotalConfirmedCases>
    <Absolute>55344</Absolute>
    <Percent>100</Percent>
  </TotalConfirmedCases>
  <UnderlyingConditionsCharacteristics>
    <No>
      <Absolute>674</Absolute>
      <Percent>1.22</Percent>
    </No>
    <Unknown>
      <Absolute>54483</Absolute>
      <Percent>98.44</Percent>
    </Unknown>
    <Yes>
      <Absolute>187</Absolute>
      <Percent>0.34</Percent>
    </Yes>
  </UnderlyingConditionsCharacteristics>
</HspcDailyEpidemiology>