﻿<?xml version="1.0" encoding="utf-8"?>
<HspcDailyEpidemiology xmlns:i="http://www.w3.org/2001/XMLSchema-instance" xmlns="http://schemas.datacontract.org/2004/07/CovidStats.DailyEpidemiology">
  <AgeCharacteristics>
    <Age0To4>
      <Absolute>442</Absolute>
      <Percent>3.4</Percent>
    </Age0To4>
    <Age13To18>
      <Absolute>783</Absolute>
      <Percent>6.03</Percent>
    </Age13To18>
    <Age19To24>
      <Absolute>1917</Absolute>
      <Percent>14.76</Percent>
    </Age19To24>
    <Age25To34>
      <Absolute>2517</Absolute>
      <Percent>19.38</Percent>
    </Age25To34>
    <Age35To44>
      <Absolute>2046</Absolute>
      <Percent>15.75</Percent>
    </Age35To44>
    <Age45To54>
      <Absolute>1791</Absolute>
      <Percent>13.79</Percent>
    </Age45To54>
    <Age55To64>
      <Absolute>1427</Absolute>
      <Percent>10.99</Percent>
    </Age55To64>
    <Age5To12>
      <Absolute>779</Absolute>
      <Percent>6</Percent>
    </Age5To12>
    <Age65To74>
      <Absolute>671</Absolute>
      <Percent>5.17</Percent>
    </Age65To74>
    <Age75To84>
      <Absolute>384</Absolute>
      <Percent>2.96</Percent>
    </Age75To84>
    <Age85Plus>
      <Absolute>227</Absolute>
      <Percent>1.75</Percent>
    </Age85Plus>
    <AgeUnknown>
      <Absolute>3</Absolute>
      <Percent>0.02</Percent>
    </AgeUnknown>
    <MeanAge>37</MeanAge>
    <MedianAge>35</MedianAge>
  </AgeCharacteristics>
  <CCARates>
    <HspcIncidence>
      <ConfirmedCases>282</ConfirmedCases>
      <IncidencePer100k>207.2</IncidencePer100k>
      <Name>DublinSouth</Name>
    </HspcIncidence>
    <HspcIncidence>
      <ConfirmedCases>718</ConfirmedCases>
      <IncidencePer100k>580.4</IncidencePer100k>
      <Name>DublinSouthEast</Name>
    </HspcIncidence>
    <HspcIncidence>
      <ConfirmedCases>317</ConfirmedCases>
      <IncidencePer100k>211.4</IncidencePer100k>
      <Name>DublinSouthCity</Name>
    </HspcIncidence>
    <HspcIncidence>
      <ConfirmedCases>342</ConfirmedCases>
      <IncidencePer100k>212.6</IncidencePer100k>
      <Name>DublinSouthWest</Name>
    </HspcIncidence>
    <HspcIncidence>
      <ConfirmedCases>420</ConfirmedCases>
      <IncidencePer100k>270.4</IncidencePer100k>
      <Name>DublinWest</Name>
    </HspcIncidence>
    <HspcIncidence>
      <ConfirmedCases>716</ConfirmedCases>
      <IncidencePer100k>344.8</IncidencePer100k>
      <Name>DublinNorthWest</Name>
    </HspcIncidence>
    <HspcIncidence>
      <ConfirmedCases>749</ConfirmedCases>
      <IncidencePer100k>484.5</IncidencePer100k>
      <Name>DublinNorthCentral</Name>
    </HspcIncidence>
    <HspcIncidence>
      <ConfirmedCases>612</ConfirmedCases>
      <IncidencePer100k>236.2</IncidencePer100k>
      <Name>DublinNorth</Name>
    </HspcIncidence>
  </CCARates>
  <CHORates>
    <HspcIncidence>
      <ConfirmedCases>1579</ConfirmedCases>
      <IncidencePer100k>403.5</IncidencePer100k>
      <Name>CHO1</Name>
    </HspcIncidence>
    <HspcIncidence>
      <ConfirmedCases>826</ConfirmedCases>
      <IncidencePer100k>182.3</IncidencePer100k>
      <Name>CHO2</Name>
    </HspcIncidence>
    <HspcIncidence>
      <ConfirmedCases>1121</ConfirmedCases>
      <IncidencePer100k>291.2</IncidencePer100k>
      <Name>CHO3</Name>
    </HspcIncidence>
    <HspcIncidence>
      <ConfirmedCases>1710</ConfirmedCases>
      <IncidencePer100k>247.6</IncidencePer100k>
      <Name>CHO4</Name>
    </HspcIncidence>
    <HspcIncidence>
      <ConfirmedCases>1298</ConfirmedCases>
      <IncidencePer100k>254.3</IncidencePer100k>
      <Name>CHO5</Name>
    </HspcIncidence>
    <HspcIncidence>
      <ConfirmedCases>1192</ConfirmedCases>
      <IncidencePer100k>311.1</IncidencePer100k>
      <Name>CHO6</Name>
    </HspcIncidence>
    <HspcIncidence>
      <ConfirmedCases>1542</ConfirmedCases>
      <IncidencePer100k>217.9</IncidencePer100k>
      <Name>CHO7</Name>
    </HspcIncidence>
    <HspcIncidence>
      <ConfirmedCases>1641</ConfirmedCases>
      <IncidencePer100k>265.0</IncidencePer100k>
      <Name>CHO8</Name>
    </HspcIncidence>
    <HspcIncidence>
      <ConfirmedCases>2077</ConfirmedCases>
      <IncidencePer100k>334.2</IncidencePer100k>
      <Name>CHO9</Name>
    </HspcIncidence>
  </CHORates>
  <CountyRates>
    <HspcIncidence>
      <ConfirmedCases>828</ConfirmedCases>
      <IncidencePer100k>520.1</IncidencePer100k>
      <Name>Donegal</Name>
    </HspcIncidence>
    <HspcIncidence>
      <ConfirmedCases>316</ConfirmedCases>
      <IncidencePer100k>514.8</IncidencePer100k>
      <Name>Monaghan</Name>
    </HspcIncidence>
    <HspcIncidence>
      <ConfirmedCases>641</ConfirmedCases>
      <IncidencePer100k>497.3</IncidencePer100k>
      <Name>Louth</Name>
    </HspcIncidence>
    <HspcIncidence>
      <ConfirmedCases>792</ConfirmedCases>
      <IncidencePer100k>406.4</IncidencePer100k>
      <Name>Limerick</Name>
    </HspcIncidence>
    <HspcIncidence>
      <ConfirmedCases>571</ConfirmedCases>
      <IncidencePer100k>381.4</IncidencePer100k>
      <Name>Wexford</Name>
    </HspcIncidence>
    <HspcIncidence>
      <ConfirmedCases>308</ConfirmedCases>
      <IncidencePer100k>310.4</IncidencePer100k>
      <Name>Kilkenny</Name>
    </HspcIncidence>
    <HspcIncidence>
      <ConfirmedCases>4157</ConfirmedCases>
      <IncidencePer100k>308.5</IncidencePer100k>
      <Name>Dublin</Name>
    </HspcIncidence>
    <HspcIncidence>
      <ConfirmedCases>227</ConfirmedCases>
      <IncidencePer100k>298.0</IncidencePer100k>
      <Name>Cavan</Name>
    </HspcIncidence>
    <HspcIncidence>
      <ConfirmedCases>436</ConfirmedCases>
      <IncidencePer100k>295.2</IncidencePer100k>
      <Name>Kerry</Name>
    </HspcIncidence>
    <HspcIncidence>
      <ConfirmedCases>178</ConfirmedCases>
      <IncidencePer100k>271.6</IncidencePer100k>
      <Name>Sligo</Name>
    </HspcIncidence>
    <HspcIncidence>
      <ConfirmedCases>525</ConfirmedCases>
      <IncidencePer100k>269.2</IncidencePer100k>
      <Name>Meath</Name>
    </HspcIncidence>
    <HspcIncidence>
      <ConfirmedCases>201</ConfirmedCases>
      <IncidencePer100k>237.3</IncidencePer100k>
      <Name>Laois</Name>
    </HspcIncidence>
    <HspcIncidence>
      <ConfirmedCases>135</ConfirmedCases>
      <IncidencePer100k>237.1</IncidencePer100k>
      <Name>Carlow</Name>
    </HspcIncidence>
    <HspcIncidence>
      <ConfirmedCases>1274</ConfirmedCases>
      <IncidencePer100k>234.7</IncidencePer100k>
      <Name>Cork</Name>
    </HspcIncidence>
    <HspcIncidence>
      <ConfirmedCases>273</ConfirmedCases>
      <IncidencePer100k>209.2</IncidencePer100k>
      <Name>Mayo</Name>
    </HspcIncidence>
    <HspcIncidence>
      <ConfirmedCases>453</ConfirmedCases>
      <IncidencePer100k>203.6</IncidencePer100k>
      <Name>Kildare</Name>
    </HspcIncidence>
    <HspcIncidence>
      <ConfirmedCases>216</ConfirmedCases>
      <IncidencePer100k>185.9</IncidencePer100k>
      <Name>Waterford</Name>
    </HspcIncidence>
    <HspcIncidence>
      <ConfirmedCases>473</ConfirmedCases>
      <IncidencePer100k>183.3</IncidencePer100k>
      <Name>Galway</Name>
    </HspcIncidence>
    <HspcIncidence>
      <ConfirmedCases>214</ConfirmedCases>
      <IncidencePer100k>180.1</IncidencePer100k>
      <Name>Clare</Name>
    </HspcIncidence>
    <HspcIncidence>
      <ConfirmedCases>149</ConfirmedCases>
      <IncidencePer100k>167.8</IncidencePer100k>
      <Name>Westmeath</Name>
    </HspcIncidence>
    <HspcIncidence>
      <ConfirmedCases>202</ConfirmedCases>
      <IncidencePer100k>141.8</IncidencePer100k>
      <Name>Wicklow</Name>
    </HspcIncidence>
    <HspcIncidence>
      <ConfirmedCases>80</ConfirmedCases>
      <IncidencePer100k>123.9</IncidencePer100k>
      <Name>Roscommon</Name>
    </HspcIncidence>
    <HspcIncidence>
      <ConfirmedCases>184</ConfirmedCases>
      <IncidencePer100k>115.3</IncidencePer100k>
      <Name>Tipperary</Name>
    </HspcIncidence>
    <HspcIncidence>
      <ConfirmedCases>83</ConfirmedCases>
      <IncidencePer100k>106.5</IncidencePer100k>
      <Name>Offaly</Name>
    </HspcIncidence>
    <HspcIncidence>
      <ConfirmedCases>41</ConfirmedCases>
      <IncidencePer100k>100.3</IncidencePer100k>
      <Name>Longford</Name>
    </HspcIncidence>
    <HspcIncidence>
      <ConfirmedCases>30</ConfirmedCases>
      <IncidencePer100k>93.6</IncidencePer100k>
      <Name>Leitrim</Name>
    </HspcIncidence>
  </CountyRates>
  <FromDate>2020-12-16T00:00:00</FromDate>
  <Hospitalised>
    <HspcHospitalised>
      <CasesAdmittedToIcu>0</CasesAdmittedToIcu>
      <CasesAdmittedToIcuPercent>0</CasesAdmittedToIcuPercent>
      <CasesHospitalised>3</CasesHospitalised>
      <CasesHospitalisedPercent>0.69</CasesHospitalisedPercent>
      <Name>0To4</Name>
      <NumberOfCases>442</NumberOfCases>
    </HspcHospitalised>
    <HspcHospitalised>
      <CasesAdmittedToIcu>0</CasesAdmittedToIcu>
      <CasesAdmittedToIcuPercent>0</CasesAdmittedToIcuPercent>
      <CasesHospitalised>9</CasesHospitalised>
      <CasesHospitalisedPercent>2.06</CasesHospitalisedPercent>
      <Name>5To12</Name>
      <NumberOfCases>779</NumberOfCases>
    </HspcHospitalised>
    <HspcHospitalised>
      <CasesAdmittedToIcu>0</CasesAdmittedToIcu>
      <CasesAdmittedToIcuPercent>0</CasesAdmittedToIcuPercent>
      <CasesHospitalised>10</CasesHospitalised>
      <CasesHospitalisedPercent>2.29</CasesHospitalisedPercent>
      <Name>13To18</Name>
      <NumberOfCases>783</NumberOfCases>
    </HspcHospitalised>
    <HspcHospitalised>
      <CasesAdmittedToIcu>0</CasesAdmittedToIcu>
      <CasesAdmittedToIcuPercent>0</CasesAdmittedToIcuPercent>
      <CasesHospitalised>27</CasesHospitalised>
      <CasesHospitalisedPercent>6.19</CasesHospitalisedPercent>
      <Name>19To24</Name>
      <NumberOfCases>1917</NumberOfCases>
    </HspcHospitalised>
    <HspcHospitalised>
      <CasesAdmittedToIcu>1</CasesAdmittedToIcu>
      <CasesAdmittedToIcuPercent>7.69</CasesAdmittedToIcuPercent>
      <CasesHospitalised>35</CasesHospitalised>
      <CasesHospitalisedPercent>8.03</CasesHospitalisedPercent>
      <Name>25To34</Name>
      <NumberOfCases>2517</NumberOfCases>
    </HspcHospitalised>
    <HspcHospitalised>
      <CasesAdmittedToIcu>1</CasesAdmittedToIcu>
      <CasesAdmittedToIcuPercent>7.69</CasesAdmittedToIcuPercent>
      <CasesHospitalised>32</CasesHospitalised>
      <CasesHospitalisedPercent>7.34</CasesHospitalisedPercent>
      <Name>35To44</Name>
      <NumberOfCases>2046</NumberOfCases>
    </HspcHospitalised>
    <HspcHospitalised>
      <CasesAdmittedToIcu>1</CasesAdmittedToIcu>
      <CasesAdmittedToIcuPercent>7.69</CasesAdmittedToIcuPercent>
      <CasesHospitalised>52</CasesHospitalised>
      <CasesHospitalisedPercent>11.93</CasesHospitalisedPercent>
      <Name>45To54</Name>
      <NumberOfCases>1791</NumberOfCases>
    </HspcHospitalised>
    <HspcHospitalised>
      <CasesAdmittedToIcu>6</CasesAdmittedToIcu>
      <CasesAdmittedToIcuPercent>46.15</CasesAdmittedToIcuPercent>
      <CasesHospitalised>52</CasesHospitalised>
      <CasesHospitalisedPercent>11.93</CasesHospitalisedPercent>
      <Name>55To64</Name>
      <NumberOfCases>1427</NumberOfCases>
    </HspcHospitalised>
    <HspcHospitalised>
      <CasesAdmittedToIcu>2</CasesAdmittedToIcu>
      <CasesAdmittedToIcuPercent>15.38</CasesAdmittedToIcuPercent>
      <CasesHospitalised>62</CasesHospitalised>
      <CasesHospitalisedPercent>14.22</CasesHospitalisedPercent>
      <Name>65To74</Name>
      <NumberOfCases>671</NumberOfCases>
    </HspcHospitalised>
    <HspcHospitalised>
      <CasesAdmittedToIcu>2</CasesAdmittedToIcu>
      <CasesAdmittedToIcuPercent>15.38</CasesAdmittedToIcuPercent>
      <CasesHospitalised>88</CasesHospitalised>
      <CasesHospitalisedPercent>20.18</CasesHospitalisedPercent>
      <Name>75To84</Name>
      <NumberOfCases>384</NumberOfCases>
    </HspcHospitalised>
    <HspcHospitalised>
      <CasesAdmittedToIcu>0</CasesAdmittedToIcu>
      <CasesAdmittedToIcuPercent>0</CasesAdmittedToIcuPercent>
      <CasesHospitalised>66</CasesHospitalised>
      <CasesHospitalisedPercent>15.14</CasesHospitalisedPercent>
      <Name>85Plus</Name>
      <NumberOfCases>227</NumberOfCases>
    </HspcHospitalised>
    <HspcHospitalised>
      <CasesAdmittedToIcu>0</CasesAdmittedToIcu>
      <CasesAdmittedToIcuPercent>0</CasesAdmittedToIcuPercent>
      <CasesHospitalised>0</CasesHospitalised>
      <CasesHospitalisedPercent>0</CasesHospitalisedPercent>
      <Name>Unknown</Name>
      <NumberOfCases>3</NumberOfCases>
    </HspcHospitalised>
  </Hospitalised>
  <PreparedDate>2020-12-30T00:00:00</PreparedDate>
  <SexCharacteristics>
    <Female>
      <Absolute>6466</Absolute>
      <Percent>49.79</Percent>
    </Female>
    <Male>
      <Absolute>6479</Absolute>
      <Percent>49.89</Percent>
    </Male>
    <MaleFemaleRatio>1</MaleFemaleRatio>
    <Unknown>
      <Absolute>42</Absolute>
      <Percent>0.32</Percent>
    </Unknown>
  </SexCharacteristics>
  <SourceFileName>COVID-19_14 day epidemiology report_20201230_Website.pdf</SourceFileName>
  <SymptomStatusAtTimeOfTestCharacteristics>
    <No>
      <Absolute>1485</Absolute>
      <Percent>11.43</Percent>
    </No>
    <Unknown>
      <Absolute>6852</Absolute>
      <Percent>52.76</Percent>
    </Unknown>
    <Yes>
      <Absolute>4650</Absolute>
      <Percent>35.81</Percent>
    </Yes>
  </SymptomStatusAtTimeOfTestCharacteristics>
  <ToDate>2020-12-29T00:00:00</ToDate>
  <TotalConfirmedCases>
    <Absolute>12987</Absolute>
    <Percent>100</Percent>
  </TotalConfirmedCases>
  <UnderlyingConditionsCharacteristics>
    <No>
      <Absolute>4536</Absolute>
      <Percent>34.93</Percent>
    </No>
    <Unknown>
      <Absolute>6726</Absolute>
      <Percent>51.79</Percent>
    </Unknown>
    <Yes>
      <Absolute>1725</Absolute>
      <Percent>13.28</Percent>
    </Yes>
  </UnderlyingConditionsCharacteristics>
</HspcDailyEpidemiology>