﻿<?xml version="1.0" encoding="utf-8"?>
<HspcDailyEpidemiology xmlns:i="http://www.w3.org/2001/XMLSchema-instance" xmlns="http://schemas.datacontract.org/2004/07/CovidStats.DailyEpidemiology">
  <AgeCharacteristics>
    <Age0To4>
      <Absolute>240</Absolute>
      <Percent>2.64</Percent>
    </Age0To4>
    <Age13To18>
      <Absolute>0</Absolute>
      <Percent>0</Percent>
    </Age13To18>
    <Age19To24>
      <Absolute>0</Absolute>
      <Percent>0</Percent>
    </Age19To24>
    <Age25To34>
      <Absolute>1620</Absolute>
      <Percent>17.84</Percent>
    </Age25To34>
    <Age35To44>
      <Absolute>1263</Absolute>
      <Percent>13.91</Percent>
    </Age35To44>
    <Age45To54>
      <Absolute>1176</Absolute>
      <Percent>12.95</Percent>
    </Age45To54>
    <Age55To64>
      <Absolute>892</Absolute>
      <Percent>9.82</Percent>
    </Age55To64>
    <Age5To12>
      <Absolute>0</Absolute>
      <Percent>0</Percent>
    </Age5To12>
    <Age65To74>
      <Absolute>423</Absolute>
      <Percent>4.66</Percent>
    </Age65To74>
    <Age75To84>
      <Absolute>233</Absolute>
      <Percent>2.57</Percent>
    </Age75To84>
    <Age85Plus>
      <Absolute>141</Absolute>
      <Percent>1.55</Percent>
    </Age85Plus>
    <AgeUnknown>
      <Absolute>5</Absolute>
      <Percent>0.06</Percent>
    </AgeUnknown>
    <MeanAge>36</MeanAge>
    <MedianAge>32</MedianAge>
  </AgeCharacteristics>
  <CCARates />
  <CHORates i:nil="true" />
  <CountyRates i:nil="true" />
  <FromDate>2020-09-30T00:00:00</FromDate>
  <Hospitalised>
    <HspcHospitalised>
      <CasesAdmittedToIcu>0</CasesAdmittedToIcu>
      <CasesAdmittedToIcuPercent>0</CasesAdmittedToIcuPercent>
      <CasesHospitalised>9</CasesHospitalised>
      <CasesHospitalisedPercent>3.47</CasesHospitalisedPercent>
      <Name>0To4</Name>
      <NumberOfCases>240</NumberOfCases>
    </HspcHospitalised>
    <HspcHospitalised>
      <CasesAdmittedToIcu>0</CasesAdmittedToIcu>
      <CasesAdmittedToIcuPercent>0</CasesAdmittedToIcuPercent>
      <CasesHospitalised>7</CasesHospitalised>
      <CasesHospitalisedPercent>2.7</CasesHospitalisedPercent>
      <Name>5To14</Name>
      <NumberOfCases>606</NumberOfCases>
    </HspcHospitalised>
    <HspcHospitalised>
      <CasesAdmittedToIcu>0</CasesAdmittedToIcu>
      <CasesAdmittedToIcuPercent>0</CasesAdmittedToIcuPercent>
      <CasesHospitalised>19</CasesHospitalised>
      <CasesHospitalisedPercent>7.34</CasesHospitalisedPercent>
      <Name>15To24</Name>
      <NumberOfCases>2480</NumberOfCases>
    </HspcHospitalised>
    <HspcHospitalised>
      <CasesAdmittedToIcu>0</CasesAdmittedToIcu>
      <CasesAdmittedToIcuPercent>0</CasesAdmittedToIcuPercent>
      <CasesHospitalised>27</CasesHospitalised>
      <CasesHospitalisedPercent>10.42</CasesHospitalisedPercent>
      <Name>25To34</Name>
      <NumberOfCases>1620</NumberOfCases>
    </HspcHospitalised>
    <HspcHospitalised>
      <CasesAdmittedToIcu>3</CasesAdmittedToIcu>
      <CasesAdmittedToIcuPercent>15</CasesAdmittedToIcuPercent>
      <CasesHospitalised>19</CasesHospitalised>
      <CasesHospitalisedPercent>7.34</CasesHospitalisedPercent>
      <Name>35To44</Name>
      <NumberOfCases>1263</NumberOfCases>
    </HspcHospitalised>
    <HspcHospitalised>
      <CasesAdmittedToIcu>0</CasesAdmittedToIcu>
      <CasesAdmittedToIcuPercent>0</CasesAdmittedToIcuPercent>
      <CasesHospitalised>14</CasesHospitalised>
      <CasesHospitalisedPercent>5.41</CasesHospitalisedPercent>
      <Name>45To54</Name>
      <NumberOfCases>1176</NumberOfCases>
    </HspcHospitalised>
    <HspcHospitalised>
      <CasesAdmittedToIcu>5</CasesAdmittedToIcu>
      <CasesAdmittedToIcuPercent>25</CasesAdmittedToIcuPercent>
      <CasesHospitalised>40</CasesHospitalised>
      <CasesHospitalisedPercent>15.44</CasesHospitalisedPercent>
      <Name>55To64</Name>
      <NumberOfCases>892</NumberOfCases>
    </HspcHospitalised>
    <HspcHospitalised>
      <CasesAdmittedToIcu>8</CasesAdmittedToIcu>
      <CasesAdmittedToIcuPercent>40</CasesAdmittedToIcuPercent>
      <CasesHospitalised>34</CasesHospitalised>
      <CasesHospitalisedPercent>13.13</CasesHospitalisedPercent>
      <Name>65To74</Name>
      <NumberOfCases>423</NumberOfCases>
    </HspcHospitalised>
    <HspcHospitalised>
      <CasesAdmittedToIcu>4</CasesAdmittedToIcu>
      <CasesAdmittedToIcuPercent>20</CasesAdmittedToIcuPercent>
      <CasesHospitalised>57</CasesHospitalised>
      <CasesHospitalisedPercent>22.01</CasesHospitalisedPercent>
      <Name>75To84</Name>
      <NumberOfCases>233</NumberOfCases>
    </HspcHospitalised>
    <HspcHospitalised>
      <CasesAdmittedToIcu>0</CasesAdmittedToIcu>
      <CasesAdmittedToIcuPercent>0</CasesAdmittedToIcuPercent>
      <CasesHospitalised>32</CasesHospitalised>
      <CasesHospitalisedPercent>12.36</CasesHospitalisedPercent>
      <Name>85Plus</Name>
      <NumberOfCases>141</NumberOfCases>
    </HspcHospitalised>
    <HspcHospitalised>
      <CasesAdmittedToIcu>1</CasesAdmittedToIcu>
      <CasesAdmittedToIcuPercent>0.39</CasesAdmittedToIcuPercent>
      <CasesHospitalised>0</CasesHospitalised>
      <CasesHospitalisedPercent>0</CasesHospitalisedPercent>
      <Name>Unknown</Name>
      <NumberOfCases>5</NumberOfCases>
    </HspcHospitalised>
  </Hospitalised>
  <PreparedDate>2020-10-14T00:00:00</PreparedDate>
  <SexCharacteristics>
    <Female>
      <Absolute>4473</Absolute>
      <Percent>49.27</Percent>
    </Female>
    <Male>
      <Absolute>4590</Absolute>
      <Percent>50.56</Percent>
    </Male>
    <MaleFemaleRatio>1.03</MaleFemaleRatio>
    <Unknown>
      <Absolute>16</Absolute>
      <Percent>0.18</Percent>
    </Unknown>
  </SexCharacteristics>
  <SourceFileName>COVID-19_14_day_epidemiology_report_20201014 - website.pdf</SourceFileName>
  <SymptomStatusAtTimeOfTestCharacteristics>
    <No>
      <Absolute>1393</Absolute>
      <Percent>15.34</Percent>
    </No>
    <Unknown>
      <Absolute>2213</Absolute>
      <Percent>24.37</Percent>
    </Unknown>
    <Yes>
      <Absolute>5473</Absolute>
      <Percent>60.28</Percent>
    </Yes>
  </SymptomStatusAtTimeOfTestCharacteristics>
  <ToDate>2020-10-13T00:00:00</ToDate>
  <TotalConfirmedCases>
    <Absolute>9079</Absolute>
    <Percent>100</Percent>
  </TotalConfirmedCases>
  <UnderlyingConditionsCharacteristics>
    <No>
      <Absolute>5579</Absolute>
      <Percent>61.45</Percent>
    </No>
    <Unknown>
      <Absolute>2078</Absolute>
      <Percent>22.89</Percent>
    </Unknown>
    <Yes>
      <Absolute>1422</Absolute>
      <Percent>15.66</Percent>
    </Yes>
  </UnderlyingConditionsCharacteristics>
</HspcDailyEpidemiology>