﻿<?xml version="1.0" encoding="utf-8"?>
<HspcDailyEpidemiology xmlns:i="http://www.w3.org/2001/XMLSchema-instance" xmlns="http://schemas.datacontract.org/2004/07/CovidStats.DailyEpidemiology">
  <AgeCharacteristics>
    <Age0To4>
      <Absolute>1122</Absolute>
      <Percent>2.17</Percent>
    </Age0To4>
    <Age13To18>
      <Absolute>3124</Absolute>
      <Percent>6.03</Percent>
    </Age13To18>
    <Age19To24>
      <Absolute>7908</Absolute>
      <Percent>15.27</Percent>
    </Age19To24>
    <Age25To34>
      <Absolute>10454</Absolute>
      <Percent>20.18</Percent>
    </Age25To34>
    <Age35To44>
      <Absolute>8154</Absolute>
      <Percent>15.74</Percent>
    </Age35To44>
    <Age45To54>
      <Absolute>7601</Absolute>
      <Percent>14.68</Percent>
    </Age45To54>
    <Age55To64>
      <Absolute>6359</Absolute>
      <Percent>12.28</Percent>
    </Age55To64>
    <Age5To12>
      <Absolute>2072</Absolute>
      <Percent>4</Percent>
    </Age5To12>
    <Age65To74>
      <Absolute>2801</Absolute>
      <Percent>5.41</Percent>
    </Age65To74>
    <Age75To84>
      <Absolute>1382</Absolute>
      <Percent>2.67</Percent>
    </Age75To84>
    <Age85Plus>
      <Absolute>810</Absolute>
      <Percent>1.56</Percent>
    </Age85Plus>
    <AgeUnknown>
      <Absolute>8</Absolute>
      <Percent>0.02</Percent>
    </AgeUnknown>
    <MeanAge>39</MeanAge>
    <MedianAge>36</MedianAge>
  </AgeCharacteristics>
  <CCARates>
    <HspcIncidence>
      <ConfirmedCases>1050</ConfirmedCases>
      <IncidencePer100k>771.6</IncidencePer100k>
      <Name>DublinSouth</Name>
    </HspcIncidence>
    <HspcIncidence>
      <ConfirmedCases>2142</ConfirmedCases>
      <IncidencePer100k>1731.6</IncidencePer100k>
      <Name>DublinSouthEast</Name>
    </HspcIncidence>
    <HspcIncidence>
      <ConfirmedCases>1374</ConfirmedCases>
      <IncidencePer100k>916.4</IncidencePer100k>
      <Name>DublinSouthCity</Name>
    </HspcIncidence>
    <HspcIncidence>
      <ConfirmedCases>1675</ConfirmedCases>
      <IncidencePer100k>1041.0</IncidencePer100k>
      <Name>DublinSouthWest</Name>
    </HspcIncidence>
    <HspcIncidence>
      <ConfirmedCases>1486</ConfirmedCases>
      <IncidencePer100k>956.6</IncidencePer100k>
      <Name>DublinWest</Name>
    </HspcIncidence>
    <HspcIncidence>
      <ConfirmedCases>2551</ConfirmedCases>
      <IncidencePer100k>1228.4</IncidencePer100k>
      <Name>DublinNorthWest</Name>
    </HspcIncidence>
    <HspcIncidence>
      <ConfirmedCases>2167</ConfirmedCases>
      <IncidencePer100k>1401.8</IncidencePer100k>
      <Name>DublinNorthCentral</Name>
    </HspcIncidence>
    <HspcIncidence>
      <ConfirmedCases>2255</ConfirmedCases>
      <IncidencePer100k>870.1</IncidencePer100k>
      <Name>DublinNorth</Name>
    </HspcIncidence>
  </CCARates>
  <CHORates>
    <HspcIncidence>
      <ConfirmedCases>5233</ConfirmedCases>
      <IncidencePer100k>1337.4</IncidencePer100k>
      <Name>CHO1</Name>
    </HspcIncidence>
    <HspcIncidence>
      <ConfirmedCases>3322</ConfirmedCases>
      <IncidencePer100k>733.2</IncidencePer100k>
      <Name>CHO2</Name>
    </HspcIncidence>
    <HspcIncidence>
      <ConfirmedCases>4937</ConfirmedCases>
      <IncidencePer100k>1282.3</IncidencePer100k>
      <Name>CHO3</Name>
    </HspcIncidence>
    <HspcIncidence>
      <ConfirmedCases>7514</ConfirmedCases>
      <IncidencePer100k>1088.1</IncidencePer100k>
      <Name>CHO4</Name>
    </HspcIncidence>
    <HspcIncidence>
      <ConfirmedCases>4227</ConfirmedCases>
      <IncidencePer100k>828.3</IncidencePer100k>
      <Name>CHO5</Name>
    </HspcIncidence>
    <HspcIncidence>
      <ConfirmedCases>4409</ConfirmedCases>
      <IncidencePer100k>1150.7</IncidencePer100k>
      <Name>CHO6</Name>
    </HspcIncidence>
    <HspcIncidence>
      <ConfirmedCases>7321</ConfirmedCases>
      <IncidencePer100k>1034.5</IncidencePer100k>
      <Name>CHO7</Name>
    </HspcIncidence>
    <HspcIncidence>
      <ConfirmedCases>6475</ConfirmedCases>
      <IncidencePer100k>1045.6</IncidencePer100k>
      <Name>CHO8</Name>
    </HspcIncidence>
    <HspcIncidence>
      <ConfirmedCases>8317</ConfirmedCases>
      <IncidencePer100k>1338.4</IncidencePer100k>
      <Name>CHO9</Name>
    </HspcIncidence>
  </CHORates>
  <CountyRates>
    <HspcIncidence>
      <ConfirmedCases>1301</ConfirmedCases>
      <IncidencePer100k>2119.4</IncidencePer100k>
      <Name>Monaghan</Name>
    </HspcIncidence>
    <HspcIncidence>
      <ConfirmedCases>2371</ConfirmedCases>
      <IncidencePer100k>1839.6</IncidencePer100k>
      <Name>Louth</Name>
    </HspcIncidence>
    <HspcIncidence>
      <ConfirmedCases>3137</ConfirmedCases>
      <IncidencePer100k>1609.6</IncidencePer100k>
      <Name>Limerick</Name>
    </HspcIncidence>
    <HspcIncidence>
      <ConfirmedCases>2055</ConfirmedCases>
      <IncidencePer100k>1290.9</IncidencePer100k>
      <Name>Donegal</Name>
    </HspcIncidence>
    <HspcIncidence>
      <ConfirmedCases>17361</ConfirmedCases>
      <IncidencePer100k>1288.5</IncidencePer100k>
      <Name>Dublin</Name>
    </HspcIncidence>
    <HspcIncidence>
      <ConfirmedCases>981</ConfirmedCases>
      <IncidencePer100k>1287.8</IncidencePer100k>
      <Name>Cavan</Name>
    </HspcIncidence>
    <HspcIncidence>
      <ConfirmedCases>6150</ConfirmedCases>
      <IncidencePer100k>1132.9</IncidencePer100k>
      <Name>Cork</Name>
    </HspcIncidence>
    <HspcIncidence>
      <ConfirmedCases>1332</ConfirmedCases>
      <IncidencePer100k>1121.1</IncidencePer100k>
      <Name>Clare</Name>
    </HspcIncidence>
    <HspcIncidence>
      <ConfirmedCases>700</ConfirmedCases>
      <IncidencePer100k>1068.1</IncidencePer100k>
      <Name>Sligo</Name>
    </HspcIncidence>
    <HspcIncidence>
      <ConfirmedCases>1283</ConfirmedCases>
      <IncidencePer100k>983.1</IncidencePer100k>
      <Name>Mayo</Name>
    </HspcIncidence>
    <HspcIncidence>
      <ConfirmedCases>1889</ConfirmedCases>
      <IncidencePer100k>968.5</IncidencePer100k>
      <Name>Meath</Name>
    </HspcIncidence>
    <HspcIncidence>
      <ConfirmedCases>1113</ConfirmedCases>
      <IncidencePer100k>958.0</IncidencePer100k>
      <Name>Waterford</Name>
    </HspcIncidence>
    <HspcIncidence>
      <ConfirmedCases>1417</ConfirmedCases>
      <IncidencePer100k>946.4</IncidencePer100k>
      <Name>Wexford</Name>
    </HspcIncidence>
    <HspcIncidence>
      <ConfirmedCases>1366</ConfirmedCases>
      <IncidencePer100k>924.8</IncidencePer100k>
      <Name>Kerry</Name>
    </HspcIncidence>
    <HspcIncidence>
      <ConfirmedCases>514</ConfirmedCases>
      <IncidencePer100k>902.8</IncidencePer100k>
      <Name>Carlow</Name>
    </HspcIncidence>
    <HspcIncidence>
      <ConfirmedCases>1936</ConfirmedCases>
      <IncidencePer100k>870.1</IncidencePer100k>
      <Name>Kildare</Name>
    </HspcIncidence>
    <HspcIncidence>
      <ConfirmedCases>643</ConfirmedCases>
      <IncidencePer100k>824.8</IncidencePer100k>
      <Name>Offaly</Name>
    </HspcIncidence>
    <HspcIncidence>
      <ConfirmedCases>326</ConfirmedCases>
      <IncidencePer100k>797.6</IncidencePer100k>
      <Name>Longford</Name>
    </HspcIncidence>
    <HspcIncidence>
      <ConfirmedCases>786</ConfirmedCases>
      <IncidencePer100k>792.1</IncidencePer100k>
      <Name>Kilkenny</Name>
    </HspcIncidence>
    <HspcIncidence>
      <ConfirmedCases>629</ConfirmedCases>
      <IncidencePer100k>742.6</IncidencePer100k>
      <Name>Laois</Name>
    </HspcIncidence>
    <HspcIncidence>
      <ConfirmedCases>579</ConfirmedCases>
      <IncidencePer100k>652.2</IncidencePer100k>
      <Name>Westmeath</Name>
    </HspcIncidence>
    <HspcIncidence>
      <ConfirmedCases>1651</ConfirmedCases>
      <IncidencePer100k>639.8</IncidencePer100k>
      <Name>Galway</Name>
    </HspcIncidence>
    <HspcIncidence>
      <ConfirmedCases>205</ConfirmedCases>
      <IncidencePer100k>639.7</IncidencePer100k>
      <Name>Leitrim</Name>
    </HspcIncidence>
    <HspcIncidence>
      <ConfirmedCases>388</ConfirmedCases>
      <IncidencePer100k>601.1</IncidencePer100k>
      <Name>Roscommon</Name>
    </HspcIncidence>
    <HspcIncidence>
      <ConfirmedCases>922</ConfirmedCases>
      <IncidencePer100k>577.9</IncidencePer100k>
      <Name>Tipperary</Name>
    </HspcIncidence>
    <HspcIncidence>
      <ConfirmedCases>760</ConfirmedCases>
      <IncidencePer100k>533.6</IncidencePer100k>
      <Name>Wicklow</Name>
    </HspcIncidence>
  </CountyRates>
  <FromDate>2020-12-25T00:00:00</FromDate>
  <Hospitalised>
    <HspcHospitalised>
      <CasesAdmittedToIcu>1</CasesAdmittedToIcu>
      <CasesAdmittedToIcuPercent>1.6</CasesAdmittedToIcuPercent>
      <CasesHospitalised>15</CasesHospitalised>
      <CasesHospitalisedPercent>1.4</CasesHospitalisedPercent>
      <Name>0To4</Name>
      <NumberOfCases>1122</NumberOfCases>
    </HspcHospitalised>
    <HspcHospitalised>
      <CasesAdmittedToIcu>0</CasesAdmittedToIcu>
      <CasesAdmittedToIcuPercent>0.0</CasesAdmittedToIcuPercent>
      <CasesHospitalised>5</CasesHospitalised>
      <CasesHospitalisedPercent>0.5</CasesHospitalisedPercent>
      <Name>5To12</Name>
      <NumberOfCases>2072</NumberOfCases>
    </HspcHospitalised>
    <HspcHospitalised>
      <CasesAdmittedToIcu>1</CasesAdmittedToIcu>
      <CasesAdmittedToIcuPercent>1.6</CasesAdmittedToIcuPercent>
      <CasesHospitalised>23</CasesHospitalised>
      <CasesHospitalisedPercent>2.2</CasesHospitalisedPercent>
      <Name>13To18</Name>
      <NumberOfCases>3124</NumberOfCases>
    </HspcHospitalised>
    <HspcHospitalised>
      <CasesAdmittedToIcu>0</CasesAdmittedToIcu>
      <CasesAdmittedToIcuPercent>0.0</CasesAdmittedToIcuPercent>
      <CasesHospitalised>41</CasesHospitalised>
      <CasesHospitalisedPercent>3.8</CasesHospitalisedPercent>
      <Name>19To24</Name>
      <NumberOfCases>7908</NumberOfCases>
    </HspcHospitalised>
    <HspcHospitalised>
      <CasesAdmittedToIcu>4</CasesAdmittedToIcu>
      <CasesAdmittedToIcuPercent>6.6</CasesAdmittedToIcuPercent>
      <CasesHospitalised>99</CasesHospitalised>
      <CasesHospitalisedPercent>9.3</CasesHospitalisedPercent>
      <Name>25To34</Name>
      <NumberOfCases>10454</NumberOfCases>
    </HspcHospitalised>
    <HspcHospitalised>
      <CasesAdmittedToIcu>0</CasesAdmittedToIcu>
      <CasesAdmittedToIcuPercent>0.0</CasesAdmittedToIcuPercent>
      <CasesHospitalised>89</CasesHospitalised>
      <CasesHospitalisedPercent>8.3</CasesHospitalisedPercent>
      <Name>35To44</Name>
      <NumberOfCases>8154</NumberOfCases>
    </HspcHospitalised>
    <HspcHospitalised>
      <CasesAdmittedToIcu>7</CasesAdmittedToIcu>
      <CasesAdmittedToIcuPercent>11.5</CasesAdmittedToIcuPercent>
      <CasesHospitalised>108</CasesHospitalised>
      <CasesHospitalisedPercent>10.1</CasesHospitalisedPercent>
      <Name>45To54</Name>
      <NumberOfCases>7601</NumberOfCases>
    </HspcHospitalised>
    <HspcHospitalised>
      <CasesAdmittedToIcu>14</CasesAdmittedToIcu>
      <CasesAdmittedToIcuPercent>23.0</CasesAdmittedToIcuPercent>
      <CasesHospitalised>126</CasesHospitalised>
      <CasesHospitalisedPercent>11.8</CasesHospitalisedPercent>
      <Name>55To64</Name>
      <NumberOfCases>6359</NumberOfCases>
    </HspcHospitalised>
    <HspcHospitalised>
      <CasesAdmittedToIcu>22</CasesAdmittedToIcu>
      <CasesAdmittedToIcuPercent>36.1</CasesAdmittedToIcuPercent>
      <CasesHospitalised>192</CasesHospitalised>
      <CasesHospitalisedPercent>18.0</CasesHospitalisedPercent>
      <Name>65To74</Name>
      <NumberOfCases>2801</NumberOfCases>
    </HspcHospitalised>
    <HspcHospitalised>
      <CasesAdmittedToIcu>11</CasesAdmittedToIcu>
      <CasesAdmittedToIcuPercent>18.0</CasesAdmittedToIcuPercent>
      <CasesHospitalised>210</CasesHospitalised>
      <CasesHospitalisedPercent>19.7</CasesHospitalisedPercent>
      <Name>75To84</Name>
      <NumberOfCases>1382</NumberOfCases>
    </HspcHospitalised>
    <HspcHospitalised>
      <CasesAdmittedToIcu>1</CasesAdmittedToIcu>
      <CasesAdmittedToIcuPercent>1.6</CasesAdmittedToIcuPercent>
      <CasesHospitalised>158</CasesHospitalised>
      <CasesHospitalisedPercent>14.8</CasesHospitalisedPercent>
      <Name>85Plus</Name>
      <NumberOfCases>810</NumberOfCases>
    </HspcHospitalised>
    <HspcHospitalised>
      <CasesAdmittedToIcu>1</CasesAdmittedToIcu>
      <CasesAdmittedToIcuPercent>0.1</CasesAdmittedToIcuPercent>
      <CasesHospitalised>0</CasesHospitalised>
      <CasesHospitalisedPercent>0</CasesHospitalisedPercent>
      <Name>Unknown</Name>
      <NumberOfCases>8</NumberOfCases>
    </HspcHospitalised>
  </Hospitalised>
  <PreparedDate>2021-01-08T00:00:00</PreparedDate>
  <SexCharacteristics>
    <Female>
      <Absolute>26843</Absolute>
      <Percent>51.83</Percent>
    </Female>
    <Male>
      <Absolute>24830</Absolute>
      <Percent>47.94</Percent>
    </Male>
    <MaleFemaleRatio>0.93</MaleFemaleRatio>
    <Unknown>
      <Absolute>122</Absolute>
      <Percent>0.24</Percent>
    </Unknown>
  </SexCharacteristics>
  <SourceFileName>COVID-19_14_day_epidemiology_WEBSITE report_20210108_updated_20200109.pdf</SourceFileName>
  <SymptomStatusAtTimeOfTestCharacteristics>
    <No i:nil="true" />
    <Unknown i:nil="true" />
    <Yes i:nil="true" />
  </SymptomStatusAtTimeOfTestCharacteristics>
  <ToDate>2021-01-07T00:00:00</ToDate>
  <TotalConfirmedCases>
    <Absolute>51795</Absolute>
    <Percent>100</Percent>
  </TotalConfirmedCases>
  <UnderlyingConditionsCharacteristics>
    <No i:nil="true" />
    <Unknown i:nil="true" />
    <Yes i:nil="true" />
  </UnderlyingConditionsCharacteristics>
</HspcDailyEpidemiology>