﻿<?xml version="1.0" encoding="utf-8"?>
<HspcDailyEpidemiology xmlns:i="http://www.w3.org/2001/XMLSchema-instance" xmlns="http://schemas.datacontract.org/2004/07/CovidStats.DailyEpidemiology">
  <AgeCharacteristics>
    <Age0To4>
      <Absolute>356</Absolute>
      <Percent>3.57</Percent>
    </Age0To4>
    <Age13To18>
      <Absolute>654</Absolute>
      <Percent>6.55</Percent>
    </Age13To18>
    <Age19To24>
      <Absolute>1320</Absolute>
      <Percent>13.23</Percent>
    </Age19To24>
    <Age25To34>
      <Absolute>1835</Absolute>
      <Percent>18.39</Percent>
    </Age25To34>
    <Age35To44>
      <Absolute>1615</Absolute>
      <Percent>16.18</Percent>
    </Age35To44>
    <Age45To54>
      <Absolute>1386</Absolute>
      <Percent>13.89</Percent>
    </Age45To54>
    <Age55To64>
      <Absolute>1102</Absolute>
      <Percent>11.04</Percent>
    </Age55To64>
    <Age5To12>
      <Absolute>695</Absolute>
      <Percent>6.96</Percent>
    </Age5To12>
    <Age65To74>
      <Absolute>498</Absolute>
      <Percent>4.99</Percent>
    </Age65To74>
    <Age75To84>
      <Absolute>325</Absolute>
      <Percent>3.26</Percent>
    </Age75To84>
    <Age85Plus>
      <Absolute>191</Absolute>
      <Percent>1.91</Percent>
    </Age85Plus>
    <AgeUnknown>
      <Absolute>2</Absolute>
      <Percent>0.02</Percent>
    </AgeUnknown>
    <MeanAge>37</MeanAge>
    <MedianAge>35</MedianAge>
  </AgeCharacteristics>
  <CCARates>
    <HspcIncidence>
      <ConfirmedCases>236</ConfirmedCases>
      <IncidencePer100k>173.4</IncidencePer100k>
      <Name>DublinSouth</Name>
    </HspcIncidence>
    <HspcIncidence>
      <ConfirmedCases>579</ConfirmedCases>
      <IncidencePer100k>468.1</IncidencePer100k>
      <Name>DublinSouthEast</Name>
    </HspcIncidence>
    <HspcIncidence>
      <ConfirmedCases>250</ConfirmedCases>
      <IncidencePer100k>166.7</IncidencePer100k>
      <Name>DublinSouthCity</Name>
    </HspcIncidence>
    <HspcIncidence>
      <ConfirmedCases>278</ConfirmedCases>
      <IncidencePer100k>172.8</IncidencePer100k>
      <Name>DublinSouthWest</Name>
    </HspcIncidence>
    <HspcIncidence>
      <ConfirmedCases>363</ConfirmedCases>
      <IncidencePer100k>233.7</IncidencePer100k>
      <Name>DublinWest</Name>
    </HspcIncidence>
    <HspcIncidence>
      <ConfirmedCases>582</ConfirmedCases>
      <IncidencePer100k>280.3</IncidencePer100k>
      <Name>DublinNorthWest</Name>
    </HspcIncidence>
    <HspcIncidence>
      <ConfirmedCases>588</ConfirmedCases>
      <IncidencePer100k>380.4</IncidencePer100k>
      <Name>DublinNorthCentral</Name>
    </HspcIncidence>
    <HspcIncidence>
      <ConfirmedCases>478</ConfirmedCases>
      <IncidencePer100k>184.4</IncidencePer100k>
      <Name>DublinNorth</Name>
    </HspcIncidence>
  </CCARates>
  <CHORates i:nil="true" />
  <CountyRates>
    <HspcIncidence>
      <ConfirmedCases>678</ConfirmedCases>
      <IncidencePer100k>425.90079903512739333634856000</IncidencePer100k>
      <Name>Donegal</Name>
    </HspcIncidence>
    <HspcIncidence>
      <ConfirmedCases>522</ConfirmedCases>
      <IncidencePer100k>348.64615754531732143572755000</IncidencePer100k>
      <Name>Wexford</Name>
    </HspcIncidence>
    <HspcIncidence>
      <ConfirmedCases>652</ConfirmedCases>
      <IncidencePer100k>334.53224490633610228887783000</IncidencePer100k>
      <Name>Limerick</Name>
    </HspcIncidence>
    <HspcIncidence>
      <ConfirmedCases>394</ConfirmedCases>
      <IncidencePer100k>305.70125073709692436609665000</IncidencePer100k>
      <Name>Louth</Name>
    </HspcIncidence>
    <HspcIncidence>
      <ConfirmedCases>177</ConfirmedCases>
      <IncidencePer100k>288.33936076629850454501026000</IncidencePer100k>
      <Name>Monaghan</Name>
    </HspcIncidence>
    <HspcIncidence>
      <ConfirmedCases>266</ConfirmedCases>
      <IncidencePer100k>268.05869074492099322799097000</IncidencePer100k>
      <Name>Kilkenny</Name>
    </HspcIncidence>
    <HspcIncidence>
      <ConfirmedCases>368</ConfirmedCases>
      <IncidencePer100k>249.14188223983968261490654000</IncidencePer100k>
      <Name>Kerry</Name>
    </HspcIncidence>
    <HspcIncidence>
      <ConfirmedCases>3356</ConfirmedCases>
      <IncidencePer100k>249.44217416058546070245176000</IncidencePer100k>
      <Name>Dublin</Name>
    </HspcIncidence>
    <HspcIncidence>
      <ConfirmedCases>128</ConfirmedCases>
      <IncidencePer100k>224.82962130260661842197710000</IncidencePer100k>
      <Name>Carlow</Name>
    </HspcIncidence>
    <HspcIncidence>
      <ConfirmedCases>149</ConfirmedCases>
      <IncidencePer100k>195.59966393614786809493804000</IncidencePer100k>
      <Name>Cavan</Name>
    </HspcIncidence>
    <HspcIncidence>
      <ConfirmedCases>126</ConfirmedCases>
      <IncidencePer100k>192.26367589837491416800183000</IncidencePer100k>
      <Name>Sligo</Name>
    </HspcIncidence>
    <HspcIncidence>
      <ConfirmedCases>161</ConfirmedCases>
      <IncidencePer100k>190.08937742777193997426119000</IncidencePer100k>
      <Name>Laois</Name>
    </HspcIncidence>
    <HspcIncidence>
      <ConfirmedCases>344</ConfirmedCases>
      <IncidencePer100k>176.37045999876950841861324000</IncidencePer100k>
      <Name>Meath</Name>
    </HspcIncidence>
    <HspcIncidence>
      <ConfirmedCases>375</ConfirmedCases>
      <IncidencePer100k>168.53629597670154244418078000</IncidencePer100k>
      <Name>Kildare</Name>
    </HspcIncidence>
    <HspcIncidence>
      <ConfirmedCases>882</ConfirmedCases>
      <IncidencePer100k>162.47043480183027918389001000</IncidencePer100k>
      <Name>Cork</Name>
    </HspcIncidence>
    <HspcIncidence>
      <ConfirmedCases>186</ConfirmedCases>
      <IncidencePer100k>160.10191433686819997245558000</IncidencePer100k>
      <Name>Waterford</Name>
    </HspcIncidence>
    <HspcIncidence>
      <ConfirmedCases>169</ConfirmedCases>
      <IncidencePer100k>129.49496961848789720091643000</IncidencePer100k>
      <Name>Mayo</Name>
    </HspcIncidence>
    <HspcIncidence>
      <ConfirmedCases>318</ConfirmedCases>
      <IncidencePer100k>123.22811150981562284447682000</IncidencePer100k>
      <Name>Galway</Name>
    </HspcIncidence>
    <HspcIncidence>
      <ConfirmedCases>137</ConfirmedCases>
      <IncidencePer100k>115.30336567999528686972403000</IncidencePer100k>
      <Name>Clare</Name>
    </HspcIncidence>
    <HspcIncidence>
      <ConfirmedCases>101</ConfirmedCases>
      <IncidencePer100k>113.77717697420299650782922000</IncidencePer100k>
      <Name>Westmeath</Name>
    </HspcIncidence>
    <HspcIncidence>
      <ConfirmedCases>160</ConfirmedCases>
      <IncidencePer100k>112.33982797963840617869054000</IncidencePer100k>
      <Name>Wicklow</Name>
    </HspcIncidence>
    <HspcIncidence>
      <ConfirmedCases>150</ConfirmedCases>
      <IncidencePer100k>94.01264783488872036251277000</IncidencePer100k>
      <Name>Tipperary</Name>
    </HspcIncidence>
    <HspcIncidence>
      <ConfirmedCases>57</ConfirmedCases>
      <IncidencePer100k>88.31184928111056023797719000</IncidencePer100k>
      <Name>Roscommon</Name>
    </HspcIncidence>
    <HspcIncidence>
      <ConfirmedCases>36</ConfirmedCases>
      <IncidencePer100k>88.07770410784625547427397000</IncidencePer100k>
      <Name>Longford</Name>
    </HspcIncidence>
    <HspcIncidence>
      <ConfirmedCases>65</ConfirmedCases>
      <IncidencePer100k>83.37502084375521093880273000</IncidencePer100k>
      <Name>Offaly</Name>
    </HspcIncidence>
    <HspcIncidence>
      <ConfirmedCases>22</ConfirmedCases>
      <IncidencePer100k>68.655598551991012358007740000</IncidencePer100k>
      <Name>Leitrim</Name>
    </HspcIncidence>
  </CountyRates>
  <FromDate>2020-12-13T00:00:00</FromDate>
  <Hospitalised>
    <HspcHospitalised>
      <CasesAdmittedToIcu>0</CasesAdmittedToIcu>
      <CasesAdmittedToIcuPercent>0</CasesAdmittedToIcuPercent>
      <CasesHospitalised>1</CasesHospitalised>
      <CasesHospitalisedPercent>0.26</CasesHospitalisedPercent>
      <Name>0To4</Name>
      <NumberOfCases>356</NumberOfCases>
    </HspcHospitalised>
    <HspcHospitalised>
      <CasesAdmittedToIcu>0</CasesAdmittedToIcu>
      <CasesAdmittedToIcuPercent>0</CasesAdmittedToIcuPercent>
      <CasesHospitalised>6</CasesHospitalised>
      <CasesHospitalisedPercent>1.53</CasesHospitalisedPercent>
      <Name>5To12</Name>
      <NumberOfCases>695</NumberOfCases>
    </HspcHospitalised>
    <HspcHospitalised>
      <CasesAdmittedToIcu>0</CasesAdmittedToIcu>
      <CasesAdmittedToIcuPercent>0</CasesAdmittedToIcuPercent>
      <CasesHospitalised>10</CasesHospitalised>
      <CasesHospitalisedPercent>2.55</CasesHospitalisedPercent>
      <Name>13To18</Name>
      <NumberOfCases>654</NumberOfCases>
    </HspcHospitalised>
    <HspcHospitalised>
      <CasesAdmittedToIcu>0</CasesAdmittedToIcu>
      <CasesAdmittedToIcuPercent>0</CasesAdmittedToIcuPercent>
      <CasesHospitalised>24</CasesHospitalised>
      <CasesHospitalisedPercent>6.12</CasesHospitalisedPercent>
      <Name>19To24</Name>
      <NumberOfCases>1320</NumberOfCases>
    </HspcHospitalised>
    <HspcHospitalised>
      <CasesAdmittedToIcu>0</CasesAdmittedToIcu>
      <CasesAdmittedToIcuPercent>0</CasesAdmittedToIcuPercent>
      <CasesHospitalised>25</CasesHospitalised>
      <CasesHospitalisedPercent>6.38</CasesHospitalisedPercent>
      <Name>25To34</Name>
      <NumberOfCases>1835</NumberOfCases>
    </HspcHospitalised>
    <HspcHospitalised>
      <CasesAdmittedToIcu>1</CasesAdmittedToIcu>
      <CasesAdmittedToIcuPercent>9.09</CasesAdmittedToIcuPercent>
      <CasesHospitalised>38</CasesHospitalised>
      <CasesHospitalisedPercent>9.69</CasesHospitalisedPercent>
      <Name>35To44</Name>
      <NumberOfCases>1615</NumberOfCases>
    </HspcHospitalised>
    <HspcHospitalised>
      <CasesAdmittedToIcu>2</CasesAdmittedToIcu>
      <CasesAdmittedToIcuPercent>18.18</CasesAdmittedToIcuPercent>
      <CasesHospitalised>41</CasesHospitalised>
      <CasesHospitalisedPercent>10.46</CasesHospitalisedPercent>
      <Name>45To54</Name>
      <NumberOfCases>1386</NumberOfCases>
    </HspcHospitalised>
    <HspcHospitalised>
      <CasesAdmittedToIcu>4</CasesAdmittedToIcu>
      <CasesAdmittedToIcuPercent>36.36</CasesAdmittedToIcuPercent>
      <CasesHospitalised>53</CasesHospitalised>
      <CasesHospitalisedPercent>13.52</CasesHospitalisedPercent>
      <Name>55To64</Name>
      <NumberOfCases>1102</NumberOfCases>
    </HspcHospitalised>
    <HspcHospitalised>
      <CasesAdmittedToIcu>1</CasesAdmittedToIcu>
      <CasesAdmittedToIcuPercent>9.09</CasesAdmittedToIcuPercent>
      <CasesHospitalised>54</CasesHospitalised>
      <CasesHospitalisedPercent>13.78</CasesHospitalisedPercent>
      <Name>65To74</Name>
      <NumberOfCases>498</NumberOfCases>
    </HspcHospitalised>
    <HspcHospitalised>
      <CasesAdmittedToIcu>3</CasesAdmittedToIcu>
      <CasesAdmittedToIcuPercent>27.27</CasesAdmittedToIcuPercent>
      <CasesHospitalised>86</CasesHospitalised>
      <CasesHospitalisedPercent>21.94</CasesHospitalisedPercent>
      <Name>75To84</Name>
      <NumberOfCases>325</NumberOfCases>
    </HspcHospitalised>
    <HspcHospitalised>
      <CasesAdmittedToIcu>0</CasesAdmittedToIcu>
      <CasesAdmittedToIcuPercent>0</CasesAdmittedToIcuPercent>
      <CasesHospitalised>54</CasesHospitalised>
      <CasesHospitalisedPercent>13.78</CasesHospitalisedPercent>
      <Name>85Plus</Name>
      <NumberOfCases>191</NumberOfCases>
    </HspcHospitalised>
    <HspcHospitalised>
      <CasesAdmittedToIcu>0</CasesAdmittedToIcu>
      <CasesAdmittedToIcuPercent>0</CasesAdmittedToIcuPercent>
      <CasesHospitalised>0</CasesHospitalised>
      <CasesHospitalisedPercent>0</CasesHospitalisedPercent>
      <Name>Unknown</Name>
      <NumberOfCases>2</NumberOfCases>
    </HspcHospitalised>
  </Hospitalised>
  <PreparedDate>2020-12-27T00:00:00</PreparedDate>
  <SexCharacteristics>
    <Female>
      <Absolute>4994</Absolute>
      <Percent>50.05</Percent>
    </Female>
    <Male>
      <Absolute>4933</Absolute>
      <Percent>49.43</Percent>
    </Male>
    <MaleFemaleRatio>0.99</MaleFemaleRatio>
    <Unknown>
      <Absolute>52</Absolute>
      <Percent>0.52</Percent>
    </Unknown>
  </SexCharacteristics>
  <SourceFileName>COVID-19_14_day epidemiology report_v1.0_27.12.2020  - website.pdf</SourceFileName>
  <SymptomStatusAtTimeOfTestCharacteristics>
    <No>
      <Absolute>1699</Absolute>
      <Percent>17.03</Percent>
    </No>
    <Unknown>
      <Absolute>3433</Absolute>
      <Percent>34.4</Percent>
    </Unknown>
    <Yes>
      <Absolute>4847</Absolute>
      <Percent>48.57</Percent>
    </Yes>
  </SymptomStatusAtTimeOfTestCharacteristics>
  <ToDate>2020-12-26T00:00:00</ToDate>
  <TotalConfirmedCases>
    <Absolute>9979</Absolute>
    <Percent>100</Percent>
  </TotalConfirmedCases>
  <UnderlyingConditionsCharacteristics>
    <No>
      <Absolute>4773</Absolute>
      <Percent>47.83</Percent>
    </No>
    <Unknown>
      <Absolute>3288</Absolute>
      <Percent>32.95</Percent>
    </Unknown>
    <Yes>
      <Absolute>1918</Absolute>
      <Percent>19.22</Percent>
    </Yes>
  </UnderlyingConditionsCharacteristics>
</HspcDailyEpidemiology>