﻿<?xml version="1.0" encoding="utf-8"?>
<HspcDailyEpidemiology xmlns:i="http://www.w3.org/2001/XMLSchema-instance" xmlns="http://schemas.datacontract.org/2004/07/CovidStats.DailyEpidemiology">
  <AgeCharacteristics>
    <Age0To4>
      <Absolute>175</Absolute>
      <Percent>4.51</Percent>
    </Age0To4>
    <Age13To18>
      <Absolute>297</Absolute>
      <Percent>7.65</Percent>
    </Age13To18>
    <Age19To24>
      <Absolute>368</Absolute>
      <Percent>9.48</Percent>
    </Age19To24>
    <Age25To34>
      <Absolute>634</Absolute>
      <Percent>16.34</Percent>
    </Age25To34>
    <Age35To44>
      <Absolute>605</Absolute>
      <Percent>15.59</Percent>
    </Age35To44>
    <Age45To54>
      <Absolute>554</Absolute>
      <Percent>14.28</Percent>
    </Age45To54>
    <Age55To64>
      <Absolute>367</Absolute>
      <Percent>9.46</Percent>
    </Age55To64>
    <Age5To12>
      <Absolute>396</Absolute>
      <Percent>10.21</Percent>
    </Age5To12>
    <Age65To74>
      <Absolute>205</Absolute>
      <Percent>5.28</Percent>
    </Age65To74>
    <Age75To84>
      <Absolute>160</Absolute>
      <Percent>4.12</Percent>
    </Age75To84>
    <Age85Plus>
      <Absolute>119</Absolute>
      <Percent>3.07</Percent>
    </Age85Plus>
    <AgeUnknown>
      <Absolute>0</Absolute>
      <Percent>0</Percent>
    </AgeUnknown>
    <MeanAge>37</MeanAge>
    <MedianAge>36</MedianAge>
  </AgeCharacteristics>
  <CCARates>
    <HspcIncidence>
      <ConfirmedCases>100</ConfirmedCases>
      <IncidencePer100k>73.5</IncidencePer100k>
      <Name>DublinSouth</Name>
    </HspcIncidence>
    <HspcIncidence>
      <ConfirmedCases>191</ConfirmedCases>
      <IncidencePer100k>154.4</IncidencePer100k>
      <Name>DublinSouthEast</Name>
    </HspcIncidence>
    <HspcIncidence>
      <ConfirmedCases>98</ConfirmedCases>
      <IncidencePer100k>65.4</IncidencePer100k>
      <Name>DublinSouthCity</Name>
    </HspcIncidence>
    <HspcIncidence>
      <ConfirmedCases>106</ConfirmedCases>
      <IncidencePer100k>65.9</IncidencePer100k>
      <Name>DublinSouthWest</Name>
    </HspcIncidence>
    <HspcIncidence>
      <ConfirmedCases>122</ConfirmedCases>
      <IncidencePer100k>78.5</IncidencePer100k>
      <Name>DublinWest</Name>
    </HspcIncidence>
    <HspcIncidence>
      <ConfirmedCases>198</ConfirmedCases>
      <IncidencePer100k>95.3</IncidencePer100k>
      <Name>DublinNorthWest</Name>
    </HspcIncidence>
    <HspcIncidence>
      <ConfirmedCases>203</ConfirmedCases>
      <IncidencePer100k>131.3</IncidencePer100k>
      <Name>DublinNorthCentral</Name>
    </HspcIncidence>
    <HspcIncidence>
      <ConfirmedCases>223</ConfirmedCases>
      <IncidencePer100k>86.0</IncidencePer100k>
      <Name>DublinNorth</Name>
    </HspcIncidence>
  </CCARates>
  <CHORates>
    <HspcIncidence>
      <ConfirmedCases>536</ConfirmedCases>
      <IncidencePer100k>137.0</IncidencePer100k>
      <Name>CHO1</Name>
    </HspcIncidence>
    <HspcIncidence>
      <ConfirmedCases>318</ConfirmedCases>
      <IncidencePer100k>70.2</IncidencePer100k>
      <Name>CHO2</Name>
    </HspcIncidence>
    <HspcIncidence>
      <ConfirmedCases>320</ConfirmedCases>
      <IncidencePer100k>83.1</IncidencePer100k>
      <Name>CHO3</Name>
    </HspcIncidence>
    <HspcIncidence>
      <ConfirmedCases>156</ConfirmedCases>
      <IncidencePer100k>22.6</IncidencePer100k>
      <Name>CHO4</Name>
    </HspcIncidence>
    <HspcIncidence>
      <ConfirmedCases>501</ConfirmedCases>
      <IncidencePer100k>98.2</IncidencePer100k>
      <Name>CHO5</Name>
    </HspcIncidence>
    <HspcIncidence>
      <ConfirmedCases>454</ConfirmedCases>
      <IncidencePer100k>118.5</IncidencePer100k>
      <Name>CHO6</Name>
    </HspcIncidence>
    <HspcIncidence>
      <ConfirmedCases>451</ConfirmedCases>
      <IncidencePer100k>63.7</IncidencePer100k>
      <Name>CHO7</Name>
    </HspcIncidence>
    <HspcIncidence>
      <ConfirmedCases>520</ConfirmedCases>
      <IncidencePer100k>84.0</IncidencePer100k>
      <Name>CHO8</Name>
    </HspcIncidence>
    <HspcIncidence>
      <ConfirmedCases>624</ConfirmedCases>
      <IncidencePer100k>100.4</IncidencePer100k>
      <Name>CHO9</Name>
    </HspcIncidence>
  </CHORates>
  <CountyRates>
    <HspcIncidence>
      <ConfirmedCases>345</ConfirmedCases>
      <IncidencePer100k>216.7</IncidencePer100k>
      <Name>Donegal</Name>
    </HspcIncidence>
    <HspcIncidence>
      <ConfirmedCases>190</ConfirmedCases>
      <IncidencePer100k>191.5</IncidencePer100k>
      <Name>Kilkenny</Name>
    </HspcIncidence>
    <HspcIncidence>
      <ConfirmedCases>223</ConfirmedCases>
      <IncidencePer100k>173.0</IncidencePer100k>
      <Name>Louth</Name>
    </HspcIncidence>
    <HspcIncidence>
      <ConfirmedCases>90</ConfirmedCases>
      <IncidencePer100k>158.1</IncidencePer100k>
      <Name>Carlow</Name>
    </HspcIncidence>
    <HspcIncidence>
      <ConfirmedCases>85</ConfirmedCases>
      <IncidencePer100k>138.5</IncidencePer100k>
      <Name>Monaghan</Name>
    </HspcIncidence>
    <HspcIncidence>
      <ConfirmedCases>244</ConfirmedCases>
      <IncidencePer100k>125.2</IncidencePer100k>
      <Name>Limerick</Name>
    </HspcIncidence>
    <HspcIncidence>
      <ConfirmedCases>50</ConfirmedCases>
      <IncidencePer100k>122.3</IncidencePer100k>
      <Name>Longford</Name>
    </HspcIncidence>
    <HspcIncidence>
      <ConfirmedCases>165</ConfirmedCases>
      <IncidencePer100k>115.9</IncidencePer100k>
      <Name>Wicklow</Name>
    </HspcIncidence>
    <HspcIncidence>
      <ConfirmedCases>134</ConfirmedCases>
      <IncidencePer100k>102.7</IncidencePer100k>
      <Name>Mayo</Name>
    </HspcIncidence>
    <HspcIncidence>
      <ConfirmedCases>74</ConfirmedCases>
      <IncidencePer100k>97.1</IncidencePer100k>
      <Name>Cavan</Name>
    </HspcIncidence>
    <HspcIncidence>
      <ConfirmedCases>1241</ConfirmedCases>
      <IncidencePer100k>92.1</IncidencePer100k>
      <Name>Dublin</Name>
    </HspcIncidence>
    <HspcIncidence>
      <ConfirmedCases>128</ConfirmedCases>
      <IncidencePer100k>80.2</IncidencePer100k>
      <Name>Tipperary</Name>
    </HspcIncidence>
    <HspcIncidence>
      <ConfirmedCases>62</ConfirmedCases>
      <IncidencePer100k>73.2</IncidencePer100k>
      <Name>Laois</Name>
    </HspcIncidence>
    <HspcIncidence>
      <ConfirmedCases>85</ConfirmedCases>
      <IncidencePer100k>73.2</IncidencePer100k>
      <Name>Waterford</Name>
    </HspcIncidence>
    <HspcIncidence>
      <ConfirmedCases>47</ConfirmedCases>
      <IncidencePer100k>60.3</IncidencePer100k>
      <Name>Offaly</Name>
    </HspcIncidence>
    <HspcIncidence>
      <ConfirmedCases>155</ConfirmedCases>
      <IncidencePer100k>60.1</IncidencePer100k>
      <Name>Galway</Name>
    </HspcIncidence>
    <HspcIncidence>
      <ConfirmedCases>114</ConfirmedCases>
      <IncidencePer100k>58.4</IncidencePer100k>
      <Name>Meath</Name>
    </HspcIncidence>
    <HspcIncidence>
      <ConfirmedCases>123</ConfirmedCases>
      <IncidencePer100k>55.3</IncidencePer100k>
      <Name>Kildare</Name>
    </HspcIncidence>
    <HspcIncidence>
      <ConfirmedCases>29</ConfirmedCases>
      <IncidencePer100k>44.9</IncidencePer100k>
      <Name>Roscommon</Name>
    </HspcIncidence>
    <HspcIncidence>
      <ConfirmedCases>26</ConfirmedCases>
      <IncidencePer100k>39.7</IncidencePer100k>
      <Name>Sligo</Name>
    </HspcIncidence>
    <HspcIncidence>
      <ConfirmedCases>39</ConfirmedCases>
      <IncidencePer100k>32.8</IncidencePer100k>
      <Name>Clare</Name>
    </HspcIncidence>
    <HspcIncidence>
      <ConfirmedCases>46</ConfirmedCases>
      <IncidencePer100k>30.7</IncidencePer100k>
      <Name>Wexford</Name>
    </HspcIncidence>
    <HspcIncidence>
      <ConfirmedCases>23</ConfirmedCases>
      <IncidencePer100k>25.9</IncidencePer100k>
      <Name>Westmeath</Name>
    </HspcIncidence>
    <HspcIncidence>
      <ConfirmedCases>128</ConfirmedCases>
      <IncidencePer100k>23.6</IncidencePer100k>
      <Name>Cork</Name>
    </HspcIncidence>
    <HspcIncidence>
      <ConfirmedCases>28</ConfirmedCases>
      <IncidencePer100k>19.0</IncidencePer100k>
      <Name>Kerry</Name>
    </HspcIncidence>
    <HspcIncidence>
      <ConfirmedCases>6</ConfirmedCases>
      <IncidencePer100k>18.7</IncidencePer100k>
      <Name>Leitrim</Name>
    </HspcIncidence>
  </CountyRates>
  <FromDate>2020-11-28T00:00:00</FromDate>
  <Hospitalised>
    <HspcHospitalised>
      <CasesAdmittedToIcu>0</CasesAdmittedToIcu>
      <CasesAdmittedToIcuPercent>0.00</CasesAdmittedToIcuPercent>
      <CasesHospitalised>3</CasesHospitalised>
      <CasesHospitalisedPercent>1.37</CasesHospitalisedPercent>
      <Name>0To4</Name>
      <NumberOfCases>175</NumberOfCases>
    </HspcHospitalised>
    <HspcHospitalised>
      <CasesAdmittedToIcu>0</CasesAdmittedToIcu>
      <CasesAdmittedToIcuPercent>0.00</CasesAdmittedToIcuPercent>
      <CasesHospitalised>3</CasesHospitalised>
      <CasesHospitalisedPercent>1.37</CasesHospitalisedPercent>
      <Name>5To12</Name>
      <NumberOfCases>396</NumberOfCases>
    </HspcHospitalised>
    <HspcHospitalised>
      <CasesAdmittedToIcu>0</CasesAdmittedToIcu>
      <CasesAdmittedToIcuPercent>0.00</CasesAdmittedToIcuPercent>
      <CasesHospitalised>6</CasesHospitalised>
      <CasesHospitalisedPercent>2.74</CasesHospitalisedPercent>
      <Name>13To18</Name>
      <NumberOfCases>297</NumberOfCases>
    </HspcHospitalised>
    <HspcHospitalised>
      <CasesAdmittedToIcu>0</CasesAdmittedToIcu>
      <CasesAdmittedToIcuPercent>0.00</CasesAdmittedToIcuPercent>
      <CasesHospitalised>4</CasesHospitalised>
      <CasesHospitalisedPercent>1.83</CasesHospitalisedPercent>
      <Name>19To24</Name>
      <NumberOfCases>368</NumberOfCases>
    </HspcHospitalised>
    <HspcHospitalised>
      <CasesAdmittedToIcu>1</CasesAdmittedToIcu>
      <CasesAdmittedToIcuPercent>8.33</CasesAdmittedToIcuPercent>
      <CasesHospitalised>20</CasesHospitalised>
      <CasesHospitalisedPercent>9.13</CasesHospitalisedPercent>
      <Name>25To34</Name>
      <NumberOfCases>634</NumberOfCases>
    </HspcHospitalised>
    <HspcHospitalised>
      <CasesAdmittedToIcu>3</CasesAdmittedToIcu>
      <CasesAdmittedToIcuPercent>25.00</CasesAdmittedToIcuPercent>
      <CasesHospitalised>10</CasesHospitalised>
      <CasesHospitalisedPercent>4.57</CasesHospitalisedPercent>
      <Name>35To44</Name>
      <NumberOfCases>605</NumberOfCases>
    </HspcHospitalised>
    <HspcHospitalised>
      <CasesAdmittedToIcu>2</CasesAdmittedToIcu>
      <CasesAdmittedToIcuPercent>16.67</CasesAdmittedToIcuPercent>
      <CasesHospitalised>20</CasesHospitalised>
      <CasesHospitalisedPercent>9.13</CasesHospitalisedPercent>
      <Name>45To54</Name>
      <NumberOfCases>554</NumberOfCases>
    </HspcHospitalised>
    <HspcHospitalised>
      <CasesAdmittedToIcu>1</CasesAdmittedToIcu>
      <CasesAdmittedToIcuPercent>8.33</CasesAdmittedToIcuPercent>
      <CasesHospitalised>27</CasesHospitalised>
      <CasesHospitalisedPercent>12.33</CasesHospitalisedPercent>
      <Name>55To64</Name>
      <NumberOfCases>367</NumberOfCases>
    </HspcHospitalised>
    <HspcHospitalised>
      <CasesAdmittedToIcu>1</CasesAdmittedToIcu>
      <CasesAdmittedToIcuPercent>8.33</CasesAdmittedToIcuPercent>
      <CasesHospitalised>50</CasesHospitalised>
      <CasesHospitalisedPercent>22.83</CasesHospitalisedPercent>
      <Name>65To74</Name>
      <NumberOfCases>205</NumberOfCases>
    </HspcHospitalised>
    <HspcHospitalised>
      <CasesAdmittedToIcu>4</CasesAdmittedToIcu>
      <CasesAdmittedToIcuPercent>33.33</CasesAdmittedToIcuPercent>
      <CasesHospitalised>47</CasesHospitalised>
      <CasesHospitalisedPercent>21.46</CasesHospitalisedPercent>
      <Name>75To84</Name>
      <NumberOfCases>160</NumberOfCases>
    </HspcHospitalised>
    <HspcHospitalised>
      <CasesAdmittedToIcu>0</CasesAdmittedToIcu>
      <CasesAdmittedToIcuPercent>0.00</CasesAdmittedToIcuPercent>
      <CasesHospitalised>29</CasesHospitalised>
      <CasesHospitalisedPercent>13.24</CasesHospitalisedPercent>
      <Name>85Plus</Name>
      <NumberOfCases>119</NumberOfCases>
    </HspcHospitalised>
  </Hospitalised>
  <PreparedDate>2020-12-12T00:00:00</PreparedDate>
  <SexCharacteristics>
    <Female>
      <Absolute>1990</Absolute>
      <Percent>51.29</Percent>
    </Female>
    <Male>
      <Absolute>1882</Absolute>
      <Percent>48.51</Percent>
    </Male>
    <MaleFemaleRatio>0.95</MaleFemaleRatio>
    <Unknown>
      <Absolute>8</Absolute>
      <Percent>0.21</Percent>
    </Unknown>
  </SexCharacteristics>
  <SourceFileName>COVID-19_14 day epidemiology report_20201212_website_v2.pdf</SourceFileName>
  <SymptomStatusAtTimeOfTestCharacteristics>
    <No>
      <Absolute>980</Absolute>
      <Percent>25.26</Percent>
    </No>
    <Unknown>
      <Absolute>529</Absolute>
      <Percent>13.63</Percent>
    </Unknown>
    <Yes>
      <Absolute>2371</Absolute>
      <Percent>61.11</Percent>
    </Yes>
  </SymptomStatusAtTimeOfTestCharacteristics>
  <ToDate>2020-12-11T00:00:00</ToDate>
  <TotalConfirmedCases>
    <Absolute>3880</Absolute>
    <Percent>100</Percent>
  </TotalConfirmedCases>
  <UnderlyingConditionsCharacteristics>
    <No>
      <Absolute>2228</Absolute>
      <Percent>57.42</Percent>
    </No>
    <Unknown>
      <Absolute>448</Absolute>
      <Percent>11.55</Percent>
    </Unknown>
    <Yes>
      <Absolute>1204</Absolute>
      <Percent>31.03</Percent>
    </Yes>
  </UnderlyingConditionsCharacteristics>
</HspcDailyEpidemiology>