﻿<?xml version="1.0" encoding="utf-8"?>
<HspcDailyEpidemiology xmlns:i="http://www.w3.org/2001/XMLSchema-instance" xmlns="http://schemas.datacontract.org/2004/07/CovidStats.DailyEpidemiology">
  <AgeCharacteristics>
    <Age0To4>
      <Absolute>207</Absolute>
      <Percent>4.18</Percent>
    </Age0To4>
    <Age13To18>
      <Absolute>467</Absolute>
      <Percent>9.44</Percent>
    </Age13To18>
    <Age19To24>
      <Absolute>605</Absolute>
      <Percent>12.22</Percent>
    </Age19To24>
    <Age25To34>
      <Absolute>772</Absolute>
      <Percent>15.6</Percent>
    </Age25To34>
    <Age35To44>
      <Absolute>773</Absolute>
      <Percent>15.62</Percent>
    </Age35To44>
    <Age45To54>
      <Absolute>681</Absolute>
      <Percent>13.76</Percent>
    </Age45To54>
    <Age55To64>
      <Absolute>438</Absolute>
      <Percent>8.85</Percent>
    </Age55To64>
    <Age5To12>
      <Absolute>418</Absolute>
      <Percent>8.45</Percent>
    </Age5To12>
    <Age65To74>
      <Absolute>242</Absolute>
      <Percent>4.89</Percent>
    </Age65To74>
    <Age75To84>
      <Absolute>207</Absolute>
      <Percent>4.18</Percent>
    </Age75To84>
    <Age85Plus>
      <Absolute>137</Absolute>
      <Percent>2.77</Percent>
    </Age85Plus>
    <AgeUnknown>
      <Absolute>2</Absolute>
      <Percent>0.04</Percent>
    </AgeUnknown>
    <MeanAge>37</MeanAge>
    <MedianAge>35</MedianAge>
  </AgeCharacteristics>
  <CCARates>
    <HspcIncidence>
      <ConfirmedCases>98</ConfirmedCases>
      <IncidencePer100k>72.0</IncidencePer100k>
      <Name>DublinSouth</Name>
    </HspcIncidence>
    <HspcIncidence>
      <ConfirmedCases>184</ConfirmedCases>
      <IncidencePer100k>148.7</IncidencePer100k>
      <Name>DublinSouthEast</Name>
    </HspcIncidence>
    <HspcIncidence>
      <ConfirmedCases>136</ConfirmedCases>
      <IncidencePer100k>90.7</IncidencePer100k>
      <Name>DublinSouthCity</Name>
    </HspcIncidence>
    <HspcIncidence>
      <ConfirmedCases>180</ConfirmedCases>
      <IncidencePer100k>111.9</IncidencePer100k>
      <Name>DublinSouthWest</Name>
    </HspcIncidence>
    <HspcIncidence>
      <ConfirmedCases>214</ConfirmedCases>
      <IncidencePer100k>137.8</IncidencePer100k>
      <Name>DublinWest</Name>
    </HspcIncidence>
    <HspcIncidence>
      <ConfirmedCases>285</ConfirmedCases>
      <IncidencePer100k>137.2</IncidencePer100k>
      <Name>DublinNorthWest</Name>
    </HspcIncidence>
    <HspcIncidence>
      <ConfirmedCases>272</ConfirmedCases>
      <IncidencePer100k>176.0</IncidencePer100k>
      <Name>DublinNorthCentral</Name>
    </HspcIncidence>
    <HspcIncidence>
      <ConfirmedCases>183</ConfirmedCases>
      <IncidencePer100k>70.6</IncidencePer100k>
      <Name>DublinNorth</Name>
    </HspcIncidence>
  </CCARates>
  <CHORates>
    <HspcIncidence>
      <ConfirmedCases>527</ConfirmedCases>
      <IncidencePer100k>134.7</IncidencePer100k>
      <Name>CHO1</Name>
    </HspcIncidence>
    <HspcIncidence>
      <ConfirmedCases>340</ConfirmedCases>
      <IncidencePer100k>75.0</IncidencePer100k>
      <Name>CHO2</Name>
    </HspcIncidence>
    <HspcIncidence>
      <ConfirmedCases>499</ConfirmedCases>
      <IncidencePer100k>129.6</IncidencePer100k>
      <Name>CHO3</Name>
    </HspcIncidence>
    <HspcIncidence>
      <ConfirmedCases>525</ConfirmedCases>
      <IncidencePer100k>76.0</IncidencePer100k>
      <Name>CHO4</Name>
    </HspcIncidence>
    <HspcIncidence>
      <ConfirmedCases>511</ConfirmedCases>
      <IncidencePer100k>100.1</IncidencePer100k>
      <Name>CHO5</Name>
    </HspcIncidence>
    <HspcIncidence>
      <ConfirmedCases>389</ConfirmedCases>
      <IncidencePer100k>101.5</IncidencePer100k>
      <Name>CHO6</Name>
    </HspcIncidence>
    <HspcIncidence>
      <ConfirmedCases>706</ConfirmedCases>
      <IncidencePer100k>99.8</IncidencePer100k>
      <Name>CHO7</Name>
    </HspcIncidence>
    <HspcIncidence>
      <ConfirmedCases>712</ConfirmedCases>
      <IncidencePer100k>115.0</IncidencePer100k>
      <Name>CHO8</Name>
    </HspcIncidence>
    <HspcIncidence>
      <ConfirmedCases>740</ConfirmedCases>
      <IncidencePer100k>119.1</IncidencePer100k>
      <Name>CHO9</Name>
    </HspcIncidence>
  </CHORates>
  <CountyRates>
    <HspcIncidence>
      <ConfirmedCases>347</ConfirmedCases>
      <IncidencePer100k>218.0</IncidencePer100k>
      <Name>Donegal</Name>
    </HspcIncidence>
    <HspcIncidence>
      <ConfirmedCases>260</ConfirmedCases>
      <IncidencePer100k>201.7</IncidencePer100k>
      <Name>Louth</Name>
    </HspcIncidence>
    <HspcIncidence>
      <ConfirmedCases>367</ConfirmedCases>
      <IncidencePer100k>188.3</IncidencePer100k>
      <Name>Limerick</Name>
    </HspcIncidence>
    <HspcIncidence>
      <ConfirmedCases>174</ConfirmedCases>
      <IncidencePer100k>149.8</IncidencePer100k>
      <Name>Waterford</Name>
    </HspcIncidence>
    <HspcIncidence>
      <ConfirmedCases>130</ConfirmedCases>
      <IncidencePer100k>131.0</IncidencePer100k>
      <Name>Kilkenny</Name>
    </HspcIncidence>
    <HspcIncidence>
      <ConfirmedCases>79</ConfirmedCases>
      <IncidencePer100k>122.4</IncidencePer100k>
      <Name>Roscommon</Name>
    </HspcIncidence>
    <HspcIncidence>
      <ConfirmedCases>1552</ConfirmedCases>
      <IncidencePer100k>115.2</IncidencePer100k>
      <Name>Dublin</Name>
    </HspcIncidence>
    <HspcIncidence>
      <ConfirmedCases>206</ConfirmedCases>
      <IncidencePer100k>105.6</IncidencePer100k>
      <Name>Meath</Name>
    </HspcIncidence>
    <HspcIncidence>
      <ConfirmedCases>64</ConfirmedCases>
      <IncidencePer100k>104.3</IncidencePer100k>
      <Name>Monaghan</Name>
    </HspcIncidence>
    <HspcIncidence>
      <ConfirmedCases>41</ConfirmedCases>
      <IncidencePer100k>100.3</IncidencePer100k>
      <Name>Longford</Name>
    </HspcIncidence>
    <HspcIncidence>
      <ConfirmedCases>76</ConfirmedCases>
      <IncidencePer100k>97.5</IncidencePer100k>
      <Name>Offaly</Name>
    </HspcIncidence>
    <HspcIncidence>
      <ConfirmedCases>151</ConfirmedCases>
      <IncidencePer100k>94.6</IncidencePer100k>
      <Name>Tipperary</Name>
    </HspcIncidence>
    <HspcIncidence>
      <ConfirmedCases>120</ConfirmedCases>
      <IncidencePer100k>91.9</IncidencePer100k>
      <Name>Mayo</Name>
    </HspcIncidence>
    <HspcIncidence>
      <ConfirmedCases>81</ConfirmedCases>
      <IncidencePer100k>91.2</IncidencePer100k>
      <Name>Westmeath</Name>
    </HspcIncidence>
    <HspcIncidence>
      <ConfirmedCases>65</ConfirmedCases>
      <IncidencePer100k>85.3</IncidencePer100k>
      <Name>Cavan</Name>
    </HspcIncidence>
    <HspcIncidence>
      <ConfirmedCases>446</ConfirmedCases>
      <IncidencePer100k>82.2</IncidencePer100k>
      <Name>Cork</Name>
    </HspcIncidence>
    <HspcIncidence>
      <ConfirmedCases>112</ConfirmedCases>
      <IncidencePer100k>78.6</IncidencePer100k>
      <Name>Wicklow</Name>
    </HspcIncidence>
    <HspcIncidence>
      <ConfirmedCases>44</ConfirmedCases>
      <IncidencePer100k>77.3</IncidencePer100k>
      <Name>Carlow</Name>
    </HspcIncidence>
    <HspcIncidence>
      <ConfirmedCases>171</ConfirmedCases>
      <IncidencePer100k>76.9</IncidencePer100k>
      <Name>Kildare</Name>
    </HspcIncidence>
    <HspcIncidence>
      <ConfirmedCases>90</ConfirmedCases>
      <IncidencePer100k>75.7</IncidencePer100k>
      <Name>Clare</Name>
    </HspcIncidence>
    <HspcIncidence>
      <ConfirmedCases>39</ConfirmedCases>
      <IncidencePer100k>59.5</IncidencePer100k>
      <Name>Sligo</Name>
    </HspcIncidence>
    <HspcIncidence>
      <ConfirmedCases>141</ConfirmedCases>
      <IncidencePer100k>54.6</IncidencePer100k>
      <Name>Galway</Name>
    </HspcIncidence>
    <HspcIncidence>
      <ConfirmedCases>46</ConfirmedCases>
      <IncidencePer100k>54.3</IncidencePer100k>
      <Name>Laois</Name>
    </HspcIncidence>
    <HspcIncidence>
      <ConfirmedCases>79</ConfirmedCases>
      <IncidencePer100k>53.5</IncidencePer100k>
      <Name>Kerry</Name>
    </HspcIncidence>
    <HspcIncidence>
      <ConfirmedCases>13</ConfirmedCases>
      <IncidencePer100k>40.6</IncidencePer100k>
      <Name>Leitrim</Name>
    </HspcIncidence>
    <HspcIncidence>
      <ConfirmedCases>55</ConfirmedCases>
      <IncidencePer100k>36.7</IncidencePer100k>
      <Name>Wexford</Name>
    </HspcIncidence>
  </CountyRates>
  <FromDate>2020-11-12T00:00:00</FromDate>
  <Hospitalised>
    <HspcHospitalised>
      <CasesAdmittedToIcu>0</CasesAdmittedToIcu>
      <CasesAdmittedToIcuPercent>0</CasesAdmittedToIcuPercent>
      <CasesHospitalised>2</CasesHospitalised>
      <CasesHospitalisedPercent>0.65</CasesHospitalisedPercent>
      <Name>0To4</Name>
      <NumberOfCases>207</NumberOfCases>
    </HspcHospitalised>
    <HspcHospitalised>
      <CasesAdmittedToIcu>0</CasesAdmittedToIcu>
      <CasesAdmittedToIcuPercent>0</CasesAdmittedToIcuPercent>
      <CasesHospitalised>1</CasesHospitalised>
      <CasesHospitalisedPercent>0.32</CasesHospitalisedPercent>
      <Name>5To12</Name>
      <NumberOfCases>418</NumberOfCases>
    </HspcHospitalised>
    <HspcHospitalised>
      <CasesAdmittedToIcu>0</CasesAdmittedToIcu>
      <CasesAdmittedToIcuPercent>0</CasesAdmittedToIcuPercent>
      <CasesHospitalised>8</CasesHospitalised>
      <CasesHospitalisedPercent>2.59</CasesHospitalisedPercent>
      <Name>13To18</Name>
      <NumberOfCases>467</NumberOfCases>
    </HspcHospitalised>
    <HspcHospitalised>
      <CasesAdmittedToIcu>0</CasesAdmittedToIcu>
      <CasesAdmittedToIcuPercent>0</CasesAdmittedToIcuPercent>
      <CasesHospitalised>8</CasesHospitalised>
      <CasesHospitalisedPercent>2.59</CasesHospitalisedPercent>
      <Name>19To24</Name>
      <NumberOfCases>605</NumberOfCases>
    </HspcHospitalised>
    <HspcHospitalised>
      <CasesAdmittedToIcu>0</CasesAdmittedToIcu>
      <CasesAdmittedToIcuPercent>0</CasesAdmittedToIcuPercent>
      <CasesHospitalised>14</CasesHospitalised>
      <CasesHospitalisedPercent>4.53</CasesHospitalisedPercent>
      <Name>25To34</Name>
      <NumberOfCases>772</NumberOfCases>
    </HspcHospitalised>
    <HspcHospitalised>
      <CasesAdmittedToIcu>2</CasesAdmittedToIcu>
      <CasesAdmittedToIcuPercent>14.29</CasesAdmittedToIcuPercent>
      <CasesHospitalised>24</CasesHospitalised>
      <CasesHospitalisedPercent>7.77</CasesHospitalisedPercent>
      <Name>35To44</Name>
      <NumberOfCases>773</NumberOfCases>
    </HspcHospitalised>
    <HspcHospitalised>
      <CasesAdmittedToIcu>1</CasesAdmittedToIcu>
      <CasesAdmittedToIcuPercent>7.14</CasesAdmittedToIcuPercent>
      <CasesHospitalised>28</CasesHospitalised>
      <CasesHospitalisedPercent>9.06</CasesHospitalisedPercent>
      <Name>45To54</Name>
      <NumberOfCases>681</NumberOfCases>
    </HspcHospitalised>
    <HspcHospitalised>
      <CasesAdmittedToIcu>3</CasesAdmittedToIcu>
      <CasesAdmittedToIcuPercent>21.43</CasesAdmittedToIcuPercent>
      <CasesHospitalised>32</CasesHospitalised>
      <CasesHospitalisedPercent>10.36</CasesHospitalisedPercent>
      <Name>55To64</Name>
      <NumberOfCases>438</NumberOfCases>
    </HspcHospitalised>
    <HspcHospitalised>
      <CasesAdmittedToIcu>3</CasesAdmittedToIcu>
      <CasesAdmittedToIcuPercent>21.43</CasesAdmittedToIcuPercent>
      <CasesHospitalised>47</CasesHospitalised>
      <CasesHospitalisedPercent>15.21</CasesHospitalisedPercent>
      <Name>65To74</Name>
      <NumberOfCases>242</NumberOfCases>
    </HspcHospitalised>
    <HspcHospitalised>
      <CasesAdmittedToIcu>5</CasesAdmittedToIcu>
      <CasesAdmittedToIcuPercent>35.71</CasesAdmittedToIcuPercent>
      <CasesHospitalised>90</CasesHospitalised>
      <CasesHospitalisedPercent>29.13</CasesHospitalisedPercent>
      <Name>75To84</Name>
      <NumberOfCases>207</NumberOfCases>
    </HspcHospitalised>
    <HspcHospitalised>
      <CasesAdmittedToIcu>0</CasesAdmittedToIcu>
      <CasesAdmittedToIcuPercent>0</CasesAdmittedToIcuPercent>
      <CasesHospitalised>55</CasesHospitalised>
      <CasesHospitalisedPercent>17.8</CasesHospitalisedPercent>
      <Name>85Plus</Name>
      <NumberOfCases>137</NumberOfCases>
    </HspcHospitalised>
    <HspcHospitalised>
      <CasesAdmittedToIcu>0</CasesAdmittedToIcu>
      <CasesAdmittedToIcuPercent>0</CasesAdmittedToIcuPercent>
      <CasesHospitalised>0</CasesHospitalised>
      <CasesHospitalisedPercent>0</CasesHospitalisedPercent>
      <Name>Unknown</Name>
      <NumberOfCases>2</NumberOfCases>
    </HspcHospitalised>
  </Hospitalised>
  <PreparedDate>2020-11-26T00:00:00</PreparedDate>
  <SexCharacteristics>
    <Female>
      <Absolute>2594</Absolute>
      <Percent>52.41</Percent>
    </Female>
    <Male>
      <Absolute>2340</Absolute>
      <Percent>47.28</Percent>
    </Male>
    <MaleFemaleRatio>0.9</MaleFemaleRatio>
    <Unknown>
      <Absolute>15</Absolute>
      <Percent>0.3</Percent>
    </Unknown>
  </SexCharacteristics>
  <SourceFileName>COVID-19_14_day_epidemiology_report_20201126 - website.pdf</SourceFileName>
  <SymptomStatusAtTimeOfTestCharacteristics>
    <No>
      <Absolute>1408</Absolute>
      <Percent>28.45</Percent>
    </No>
    <Unknown>
      <Absolute>664</Absolute>
      <Percent>13.42</Percent>
    </Unknown>
    <Yes>
      <Absolute>2877</Absolute>
      <Percent>58.13</Percent>
    </Yes>
  </SymptomStatusAtTimeOfTestCharacteristics>
  <ToDate>2020-11-25T00:00:00</ToDate>
  <TotalConfirmedCases>
    <Absolute>4949</Absolute>
    <Percent>100</Percent>
  </TotalConfirmedCases>
  <UnderlyingConditionsCharacteristics>
    <No>
      <Absolute>3173</Absolute>
      <Percent>64.11</Percent>
    </No>
    <Unknown>
      <Absolute>546</Absolute>
      <Percent>11.03</Percent>
    </Unknown>
    <Yes>
      <Absolute>1230</Absolute>
      <Percent>24.85</Percent>
    </Yes>
  </UnderlyingConditionsCharacteristics>
</HspcDailyEpidemiology>