﻿<?xml version="1.0" encoding="utf-8"?>
<HspcDailyEpidemiology xmlns:i="http://www.w3.org/2001/XMLSchema-instance" xmlns="http://schemas.datacontract.org/2004/07/CovidStats.DailyEpidemiology">
  <AgeCharacteristics>
    <Age0To4>
      <Absolute>96</Absolute>
      <Percent>4.3</Percent>
    </Age0To4>
    <Age13To18>
      <Absolute>0</Absolute>
      <Percent>0</Percent>
    </Age13To18>
    <Age19To24>
      <Absolute>0</Absolute>
      <Percent>0</Percent>
    </Age19To24>
    <Age25To34>
      <Absolute>426</Absolute>
      <Percent>19.1</Percent>
    </Age25To34>
    <Age35To44>
      <Absolute>345</Absolute>
      <Percent>15.47</Percent>
    </Age35To44>
    <Age45To54>
      <Absolute>271</Absolute>
      <Percent>12.15</Percent>
    </Age45To54>
    <Age55To64>
      <Absolute>201</Absolute>
      <Percent>9.01</Percent>
    </Age55To64>
    <Age5To12>
      <Absolute>0</Absolute>
      <Percent>0</Percent>
    </Age5To12>
    <Age65To74>
      <Absolute>120</Absolute>
      <Percent>5.38</Percent>
    </Age65To74>
    <Age75To84>
      <Absolute>57</Absolute>
      <Percent>2.56</Percent>
    </Age75To84>
    <Age85Plus>
      <Absolute>46</Absolute>
      <Percent>2.06</Percent>
    </Age85Plus>
    <AgeUnknown>
      <Absolute>1</Absolute>
      <Percent>0.04</Percent>
    </AgeUnknown>
    <MeanAge>36</MeanAge>
    <MedianAge>33</MedianAge>
  </AgeCharacteristics>
  <CCARates />
  <CHORates i:nil="true" />
  <CountyRates i:nil="true" />
  <FromDate>2020-08-30T00:00:00</FromDate>
  <Hospitalised i:nil="true" />
  <PreparedDate>2020-09-13T00:00:00</PreparedDate>
  <SexCharacteristics>
    <Female>
      <Absolute>1136</Absolute>
      <Percent>50.94</Percent>
    </Female>
    <Male>
      <Absolute>1084</Absolute>
      <Percent>48.61</Percent>
    </Male>
    <MaleFemaleRatio>0.95</MaleFemaleRatio>
    <Unknown>
      <Absolute>10</Absolute>
      <Percent>0.45</Percent>
    </Unknown>
  </SexCharacteristics>
  <SourceFileName>COVID-19_14_day_epidemiology_report_20200913_Website.pdf</SourceFileName>
  <SymptomStatusAtTimeOfTestCharacteristics>
    <No i:nil="true" />
    <Unknown i:nil="true" />
    <Yes i:nil="true" />
  </SymptomStatusAtTimeOfTestCharacteristics>
  <ToDate>2020-09-12T00:00:00</ToDate>
  <TotalConfirmedCases>
    <Absolute>2230</Absolute>
    <Percent>100</Percent>
  </TotalConfirmedCases>
  <UnderlyingConditionsCharacteristics>
    <No>
      <Absolute>1337</Absolute>
      <Percent>59.96</Percent>
    </No>
    <Unknown>
      <Absolute>277</Absolute>
      <Percent>12.42</Percent>
    </Unknown>
    <Yes>
      <Absolute>616</Absolute>
      <Percent>27.62</Percent>
    </Yes>
  </UnderlyingConditionsCharacteristics>
</HspcDailyEpidemiology>