﻿<?xml version="1.0" encoding="utf-8"?>
<HspcDailyEpidemiology xmlns:i="http://www.w3.org/2001/XMLSchema-instance" xmlns="http://schemas.datacontract.org/2004/07/CovidStats.DailyEpidemiology">
  <AgeCharacteristics>
    <Age0To4>
      <Absolute>170</Absolute>
      <Percent>2.66</Percent>
    </Age0To4>
    <Age13To18>
      <Absolute>0</Absolute>
      <Percent>0</Percent>
    </Age13To18>
    <Age19To24>
      <Absolute>0</Absolute>
      <Percent>0</Percent>
    </Age19To24>
    <Age25To34>
      <Absolute>1109</Absolute>
      <Percent>17.33</Percent>
    </Age25To34>
    <Age35To44>
      <Absolute>915</Absolute>
      <Percent>14.3</Percent>
    </Age35To44>
    <Age45To54>
      <Absolute>863</Absolute>
      <Percent>13.48</Percent>
    </Age45To54>
    <Age55To64>
      <Absolute>652</Absolute>
      <Percent>10.19</Percent>
    </Age55To64>
    <Age5To12>
      <Absolute>0</Absolute>
      <Percent>0</Percent>
    </Age5To12>
    <Age65To74>
      <Absolute>317</Absolute>
      <Percent>4.95</Percent>
    </Age65To74>
    <Age75To84>
      <Absolute>179</Absolute>
      <Percent>2.8</Percent>
    </Age75To84>
    <Age85Plus>
      <Absolute>108</Absolute>
      <Percent>1.69</Percent>
    </Age85Plus>
    <AgeUnknown>
      <Absolute>0</Absolute>
      <Percent>0</Percent>
    </AgeUnknown>
    <MeanAge>36</MeanAge>
    <MedianAge>33</MedianAge>
  </AgeCharacteristics>
  <CCARates />
  <CHORates i:nil="true" />
  <CountyRates i:nil="true" />
  <FromDate>2020-09-25T00:00:00</FromDate>
  <Hospitalised i:nil="true" />
  <PreparedDate>2020-10-09T00:00:00</PreparedDate>
  <SexCharacteristics>
    <Female>
      <Absolute>3203</Absolute>
      <Percent>50.05</Percent>
    </Female>
    <Male>
      <Absolute>3185</Absolute>
      <Percent>49.77</Percent>
    </Male>
    <MaleFemaleRatio>0.99</MaleFemaleRatio>
    <Unknown>
      <Absolute>12</Absolute>
      <Percent>0.19</Percent>
    </Unknown>
  </SexCharacteristics>
  <SourceFileName>COVID-19_14_day_epidemiology_report_20201009 - website.pdf</SourceFileName>
  <SymptomStatusAtTimeOfTestCharacteristics>
    <No i:nil="true" />
    <Unknown i:nil="true" />
    <Yes i:nil="true" />
  </SymptomStatusAtTimeOfTestCharacteristics>
  <ToDate>2020-10-08T00:00:00</ToDate>
  <TotalConfirmedCases>
    <Absolute>6400</Absolute>
    <Percent>100</Percent>
  </TotalConfirmedCases>
  <UnderlyingConditionsCharacteristics>
    <No>
      <Absolute>4051</Absolute>
      <Percent>63.3</Percent>
    </No>
    <Unknown>
      <Absolute>852</Absolute>
      <Percent>13.31</Percent>
    </Unknown>
    <Yes>
      <Absolute>1497</Absolute>
      <Percent>23.39</Percent>
    </Yes>
  </UnderlyingConditionsCharacteristics>
</HspcDailyEpidemiology>