﻿<?xml version="1.0" encoding="utf-8"?>
<HspcDailyEpidemiology xmlns:i="http://www.w3.org/2001/XMLSchema-instance" xmlns="http://schemas.datacontract.org/2004/07/CovidStats.DailyEpidemiology">
  <AgeCharacteristics>
    <Age0To4>
      <Absolute>473</Absolute>
      <Percent>3.09</Percent>
    </Age0To4>
    <Age13To18>
      <Absolute>920</Absolute>
      <Percent>6.01</Percent>
    </Age13To18>
    <Age19To24>
      <Absolute>2422</Absolute>
      <Percent>15.83</Percent>
    </Age19To24>
    <Age25To34>
      <Absolute>3023</Absolute>
      <Percent>19.76</Percent>
    </Age25To34>
    <Age35To44>
      <Absolute>2364</Absolute>
      <Percent>15.45</Percent>
    </Age35To44>
    <Age45To54>
      <Absolute>2107</Absolute>
      <Percent>13.77</Percent>
    </Age45To54>
    <Age55To64>
      <Absolute>1670</Absolute>
      <Percent>10.91</Percent>
    </Age55To64>
    <Age5To12>
      <Absolute>831</Absolute>
      <Percent>5.43</Percent>
    </Age5To12>
    <Age65To74>
      <Absolute>795</Absolute>
      <Percent>5.2</Percent>
    </Age65To74>
    <Age75To84>
      <Absolute>422</Absolute>
      <Percent>2.76</Percent>
    </Age75To84>
    <Age85Plus>
      <Absolute>272</Absolute>
      <Percent>1.78</Percent>
    </Age85Plus>
    <AgeUnknown>
      <Absolute>3</Absolute>
      <Percent>0.02</Percent>
    </AgeUnknown>
    <MeanAge>37</MeanAge>
    <MedianAge>34</MedianAge>
  </AgeCharacteristics>
  <CCARates>
    <HspcIncidence>
      <ConfirmedCases>306</ConfirmedCases>
      <IncidencePer100k>224.9</IncidencePer100k>
      <Name>DublinSouth</Name>
    </HspcIncidence>
    <HspcIncidence>
      <ConfirmedCases>764</ConfirmedCases>
      <IncidencePer100k>617.6</IncidencePer100k>
      <Name>DublinSouthEast</Name>
    </HspcIncidence>
    <HspcIncidence>
      <ConfirmedCases>347</ConfirmedCases>
      <IncidencePer100k>231.4</IncidencePer100k>
      <Name>DublinSouthCity</Name>
    </HspcIncidence>
    <HspcIncidence>
      <ConfirmedCases>373</ConfirmedCases>
      <IncidencePer100k>231.8</IncidencePer100k>
      <Name>DublinSouthWest</Name>
    </HspcIncidence>
    <HspcIncidence>
      <ConfirmedCases>454</ConfirmedCases>
      <IncidencePer100k>292.3</IncidencePer100k>
      <Name>DublinWest</Name>
    </HspcIncidence>
    <HspcIncidence>
      <ConfirmedCases>792</ConfirmedCases>
      <IncidencePer100k>381.4</IncidencePer100k>
      <Name>DublinNorthWest</Name>
    </HspcIncidence>
    <HspcIncidence>
      <ConfirmedCases>805</ConfirmedCases>
      <IncidencePer100k>520.8</IncidencePer100k>
      <Name>DublinNorthCentral</Name>
    </HspcIncidence>
    <HspcIncidence>
      <ConfirmedCases>664</ConfirmedCases>
      <IncidencePer100k>256.2</IncidencePer100k>
      <Name>DublinNorth</Name>
    </HspcIncidence>
  </CCARates>
  <CHORates i:nil="true" />
  <CountyRates>
    <HspcIncidence>
      <ConfirmedCases>357</ConfirmedCases>
      <IncidencePer100k>581.56582934219528882807155000</IncidencePer100k>
      <Name>Monaghan</Name>
    </HspcIncidence>
    <HspcIncidence>
      <ConfirmedCases>879</ConfirmedCases>
      <IncidencePer100k>552.16342529775365596261119000</IncidencePer100k>
      <Name>Donegal</Name>
    </HspcIncidence>
    <HspcIncidence>
      <ConfirmedCases>681</ConfirmedCases>
      <IncidencePer100k>528.38211104559138450079141000</IncidencePer100k>
      <Name>Louth</Name>
    </HspcIncidence>
    <HspcIncidence>
      <ConfirmedCases>987</ConfirmedCases>
      <IncidencePer100k>506.41614374624805668577058000</IncidencePer100k>
      <Name>Limerick</Name>
    </HspcIncidence>
    <HspcIncidence>
      <ConfirmedCases>555</ConfirmedCases>
      <IncidencePer100k>370.68700658553853141154940000</IncidencePer100k>
      <Name>Wexford</Name>
    </HspcIncidence>
    <HspcIncidence>
      <ConfirmedCases>278</ConfirmedCases>
      <IncidencePer100k>364.94433942449065322411258000</IncidencePer100k>
      <Name>Cavan</Name>
    </HspcIncidence>
    <HspcIncidence>
      <ConfirmedCases>4836</ConfirmedCases>
      <IncidencePer100k>359.44647027431206434954014000</IncidencePer100k>
      <Name>Dublin</Name>
    </HspcIncidence>
    <HspcIncidence>
      <ConfirmedCases>349</ConfirmedCases>
      <IncidencePer100k>351.70106417284746855852951000</IncidencePer100k>
      <Name>Kilkenny</Name>
    </HspcIncidence>
    <HspcIncidence>
      <ConfirmedCases>489</ConfirmedCases>
      <IncidencePer100k>331.06081634587392608339483000</IncidencePer100k>
      <Name>Kerry</Name>
    </HspcIncidence>
    <HspcIncidence>
      <ConfirmedCases>429</ConfirmedCases>
      <IncidencePer100k>328.71799980077696981771093000</IncidencePer100k>
      <Name>Mayo</Name>
    </HspcIncidence>
    <HspcIncidence>
      <ConfirmedCases>203</ConfirmedCases>
      <IncidencePer100k>309.75814450293736171511406000</IncidencePer100k>
      <Name>Sligo</Name>
    </HspcIncidence>
    <HspcIncidence>
      <ConfirmedCases>1574</ConfirmedCases>
      <IncidencePer100k>289.94156958966083836218012000</IncidencePer100k>
      <Name>Cork</Name>
    </HspcIncidence>
    <HspcIncidence>
      <ConfirmedCases>555</ConfirmedCases>
      <IncidencePer100k>284.55117819568917782654170000</IncidencePer100k>
      <Name>Meath</Name>
    </HspcIncidence>
    <HspcIncidence>
      <ConfirmedCases>726</ConfirmedCases>
      <IncidencePer100k>281.33210363561679932418294000</IncidencePer100k>
      <Name>Galway</Name>
    </HspcIncidence>
    <HspcIncidence>
      <ConfirmedCases>230</ConfirmedCases>
      <IncidencePer100k>271.55625346824562853465884000</IncidencePer100k>
      <Name>Laois</Name>
    </HspcIncidence>
    <HspcIncidence>
      <ConfirmedCases>153</ConfirmedCases>
      <IncidencePer100k>268.74165671327197358251950000</IncidencePer100k>
      <Name>Carlow</Name>
    </HspcIncidence>
    <HspcIncidence>
      <ConfirmedCases>278</ConfirmedCases>
      <IncidencePer100k>233.97325298568386678673927000</IncidencePer100k>
      <Name>Clare</Name>
    </HspcIncidence>
    <HspcIncidence>
      <ConfirmedCases>144</ConfirmedCases>
      <IncidencePer100k>223.10361923648983639067923000</IncidencePer100k>
      <Name>Roscommon</Name>
    </HspcIncidence>
    <HspcIncidence>
      <ConfirmedCases>495</ConfirmedCases>
      <IncidencePer100k>222.46791068924603602631863000</IncidencePer100k>
      <Name>Kildare</Name>
    </HspcIncidence>
    <HspcIncidence>
      <ConfirmedCases>186</ConfirmedCases>
      <IncidencePer100k>209.53024670496789455897263000</IncidencePer100k>
      <Name>Westmeath</Name>
    </HspcIncidence>
    <HspcIncidence>
      <ConfirmedCases>236</ConfirmedCases>
      <IncidencePer100k>203.14006335215535050268558000</IncidencePer100k>
      <Name>Waterford</Name>
    </HspcIncidence>
    <HspcIncidence>
      <ConfirmedCases>69</ConfirmedCases>
      <IncidencePer100k>168.81559954003865632569178000</IncidencePer100k>
      <Name>Longford</Name>
    </HspcIncidence>
    <HspcIncidence>
      <ConfirmedCases>126</ConfirmedCases>
      <IncidencePer100k>161.61927117404856274290992000</IncidencePer100k>
      <Name>Offaly</Name>
    </HspcIncidence>
    <HspcIncidence>
      <ConfirmedCases>220</ConfirmedCases>
      <IncidencePer100k>154.46726347200280849569949000</IncidencePer100k>
      <Name>Wicklow</Name>
    </HspcIncidence>
    <HspcIncidence>
      <ConfirmedCases>46</ConfirmedCases>
      <IncidencePer100k>143.55261515416302583947073000</IncidencePer100k>
      <Name>Leitrim</Name>
    </HspcIncidence>
    <HspcIncidence>
      <ConfirmedCases>221</ConfirmedCases>
      <IncidencePer100k>138.51196781006938133410215000</IncidencePer100k>
      <Name>Tipperary</Name>
    </HspcIncidence>
  </CountyRates>
  <FromDate>2020-12-18T00:00:00</FromDate>
  <Hospitalised>
    <HspcHospitalised>
      <CasesAdmittedToIcu>0</CasesAdmittedToIcu>
      <CasesAdmittedToIcuPercent>0</CasesAdmittedToIcuPercent>
      <CasesHospitalised>5</CasesHospitalised>
      <CasesHospitalisedPercent>1.09</CasesHospitalisedPercent>
      <Name>0To4</Name>
      <NumberOfCases>503</NumberOfCases>
    </HspcHospitalised>
    <HspcHospitalised>
      <CasesAdmittedToIcu>0</CasesAdmittedToIcu>
      <CasesAdmittedToIcuPercent>0</CasesAdmittedToIcuPercent>
      <CasesHospitalised>8</CasesHospitalised>
      <CasesHospitalisedPercent>2.19</CasesHospitalisedPercent>
      <Name>5To12</Name>
      <NumberOfCases>1285</NumberOfCases>
    </HspcHospitalised>
    <HspcHospitalised>
      <CasesAdmittedToIcu>0</CasesAdmittedToIcu>
      <CasesAdmittedToIcuPercent>0</CasesAdmittedToIcuPercent>
      <CasesHospitalised>14</CasesHospitalised>
      <CasesHospitalisedPercent>3.83</CasesHospitalisedPercent>
      <Name>15To24</Name>
      <NumberOfCases>1754</NumberOfCases>
    </HspcHospitalised>
    <HspcHospitalised>
      <CasesAdmittedToIcu>0</CasesAdmittedToIcu>
      <CasesAdmittedToIcuPercent>0</CasesAdmittedToIcuPercent>
      <CasesHospitalised>21</CasesHospitalised>
      <CasesHospitalisedPercent>5.74</CasesHospitalisedPercent>
      <Name>25To34</Name>
      <NumberOfCases>2784</NumberOfCases>
    </HspcHospitalised>
    <HspcHospitalised>
      <CasesAdmittedToIcu>1</CasesAdmittedToIcu>
      <CasesAdmittedToIcuPercent>4.55</CasesAdmittedToIcuPercent>
      <CasesHospitalised>28</CasesHospitalised>
      <CasesHospitalisedPercent>7.65</CasesHospitalisedPercent>
      <Name>35To44</Name>
      <NumberOfCases>1659</NumberOfCases>
    </HspcHospitalised>
    <HspcHospitalised>
      <CasesAdmittedToIcu>2</CasesAdmittedToIcu>
      <CasesAdmittedToIcuPercent>9.09</CasesAdmittedToIcuPercent>
      <CasesHospitalised>39</CasesHospitalised>
      <CasesHospitalisedPercent>10.66</CasesHospitalisedPercent>
      <Name>45To54</Name>
      <NumberOfCases>1661</NumberOfCases>
    </HspcHospitalised>
    <HspcHospitalised>
      <CasesAdmittedToIcu>2</CasesAdmittedToIcu>
      <CasesAdmittedToIcuPercent>9.09</CasesAdmittedToIcuPercent>
      <CasesHospitalised>51</CasesHospitalised>
      <CasesHospitalisedPercent>13.93</CasesHospitalisedPercent>
      <Name>55To64</Name>
      <NumberOfCases>1282</NumberOfCases>
    </HspcHospitalised>
    <HspcHospitalised>
      <CasesAdmittedToIcu>12</CasesAdmittedToIcu>
      <CasesAdmittedToIcuPercent>54.55</CasesAdmittedToIcuPercent>
      <CasesHospitalised>73</CasesHospitalised>
      <CasesHospitalisedPercent>19.95</CasesHospitalisedPercent>
      <Name>65To74</Name>
      <NumberOfCases>645</NumberOfCases>
    </HspcHospitalised>
    <HspcHospitalised>
      <CasesAdmittedToIcu>5</CasesAdmittedToIcu>
      <CasesAdmittedToIcuPercent>22.73</CasesAdmittedToIcuPercent>
      <CasesHospitalised>82</CasesHospitalised>
      <CasesHospitalisedPercent>22.4</CasesHospitalisedPercent>
      <Name>75To84</Name>
      <NumberOfCases>351</NumberOfCases>
    </HspcHospitalised>
    <HspcHospitalised>
      <CasesAdmittedToIcu>0</CasesAdmittedToIcu>
      <CasesAdmittedToIcuPercent>0</CasesAdmittedToIcuPercent>
      <CasesHospitalised>46</CasesHospitalised>
      <CasesHospitalisedPercent>12.57</CasesHospitalisedPercent>
      <Name>85Plus</Name>
      <NumberOfCases>219</NumberOfCases>
    </HspcHospitalised>
    <HspcHospitalised>
      <CasesAdmittedToIcu>0</CasesAdmittedToIcu>
      <CasesAdmittedToIcuPercent>0</CasesAdmittedToIcuPercent>
      <CasesHospitalised>0</CasesHospitalised>
      <CasesHospitalisedPercent>0</CasesHospitalisedPercent>
      <Name>Unknown</Name>
      <NumberOfCases>3</NumberOfCases>
    </HspcHospitalised>
  </Hospitalised>
  <PreparedDate>2021-01-01T00:00:00</PreparedDate>
  <SexCharacteristics>
    <Female>
      <Absolute>7685</Absolute>
      <Percent>50.22</Percent>
    </Female>
    <Male>
      <Absolute>7567</Absolute>
      <Percent>49.45</Percent>
    </Male>
    <MaleFemaleRatio>0.98</MaleFemaleRatio>
    <Unknown>
      <Absolute>50</Absolute>
      <Percent>0.33</Percent>
    </Unknown>
  </SexCharacteristics>
  <SourceFileName>COVID-19_14_day_epidemiology_report_20210101_website.pdf</SourceFileName>
  <SymptomStatusAtTimeOfTestCharacteristics>
    <No i:nil="true" />
    <Unknown i:nil="true" />
    <Yes i:nil="true" />
  </SymptomStatusAtTimeOfTestCharacteristics>
  <ToDate>2020-12-31T00:00:00</ToDate>
  <TotalConfirmedCases>
    <Absolute>15302</Absolute>
    <Percent>100</Percent>
  </TotalConfirmedCases>
  <UnderlyingConditionsCharacteristics>
    <No i:nil="true" />
    <Unknown i:nil="true" />
    <Yes i:nil="true" />
  </UnderlyingConditionsCharacteristics>
</HspcDailyEpidemiology>