﻿<?xml version="1.0" encoding="utf-8"?>
<HspcDailyEpidemiology xmlns:i="http://www.w3.org/2001/XMLSchema-instance" xmlns="http://schemas.datacontract.org/2004/07/CovidStats.DailyEpidemiology">
  <AgeCharacteristics>
    <Age0To4>
      <Absolute>209</Absolute>
      <Percent>4.16</Percent>
    </Age0To4>
    <Age13To18>
      <Absolute>484</Absolute>
      <Percent>9.63</Percent>
    </Age13To18>
    <Age19To24>
      <Absolute>619</Absolute>
      <Percent>12.32</Percent>
    </Age19To24>
    <Age25To34>
      <Absolute>779</Absolute>
      <Percent>15.5</Percent>
    </Age25To34>
    <Age35To44>
      <Absolute>786</Absolute>
      <Percent>15.64</Percent>
    </Age35To44>
    <Age45To54>
      <Absolute>674</Absolute>
      <Percent>13.41</Percent>
    </Age45To54>
    <Age55To64>
      <Absolute>445</Absolute>
      <Percent>8.85</Percent>
    </Age55To64>
    <Age5To12>
      <Absolute>420</Absolute>
      <Percent>8.36</Percent>
    </Age5To12>
    <Age65To74>
      <Absolute>248</Absolute>
      <Percent>4.93</Percent>
    </Age65To74>
    <Age75To84>
      <Absolute>213</Absolute>
      <Percent>4.24</Percent>
    </Age75To84>
    <Age85Plus>
      <Absolute>148</Absolute>
      <Percent>2.94</Percent>
    </Age85Plus>
    <AgeUnknown>
      <Absolute>1</Absolute>
      <Percent>0.02</Percent>
    </AgeUnknown>
    <MeanAge>37</MeanAge>
    <MedianAge>35</MedianAge>
  </AgeCharacteristics>
  <CCARates>
    <HspcIncidence>
      <ConfirmedCases>97</ConfirmedCases>
      <IncidencePer100k>71.3</IncidencePer100k>
      <Name>DublinSouth</Name>
    </HspcIncidence>
    <HspcIncidence>
      <ConfirmedCases>197</ConfirmedCases>
      <IncidencePer100k>159.3</IncidencePer100k>
      <Name>DublinSouthEast</Name>
    </HspcIncidence>
    <HspcIncidence>
      <ConfirmedCases>142</ConfirmedCases>
      <IncidencePer100k>94.7</IncidencePer100k>
      <Name>DublinSouthCity</Name>
    </HspcIncidence>
    <HspcIncidence>
      <ConfirmedCases>182</ConfirmedCases>
      <IncidencePer100k>113.1</IncidencePer100k>
      <Name>DublinSouthWest</Name>
    </HspcIncidence>
    <HspcIncidence>
      <ConfirmedCases>215</ConfirmedCases>
      <IncidencePer100k>138.4</IncidencePer100k>
      <Name>DublinWest</Name>
    </HspcIncidence>
    <HspcIncidence>
      <ConfirmedCases>292</ConfirmedCases>
      <IncidencePer100k>140.6</IncidencePer100k>
      <Name>DublinNorthWest</Name>
    </HspcIncidence>
    <HspcIncidence>
      <ConfirmedCases>283</ConfirmedCases>
      <IncidencePer100k>183.1</IncidencePer100k>
      <Name>DublinNorthCentral</Name>
    </HspcIncidence>
    <HspcIncidence>
      <ConfirmedCases>174</ConfirmedCases>
      <IncidencePer100k>67.1</IncidencePer100k>
      <Name>DublinNorth</Name>
    </HspcIncidence>
  </CCARates>
  <CHORates>
    <HspcIncidence>
      <ConfirmedCases>545</ConfirmedCases>
      <IncidencePer100k>139.3</IncidencePer100k>
      <Name>CHO1</Name>
    </HspcIncidence>
    <HspcIncidence>
      <ConfirmedCases>355</ConfirmedCases>
      <IncidencePer100k>78.3</IncidencePer100k>
      <Name>CHO2</Name>
    </HspcIncidence>
    <HspcIncidence>
      <ConfirmedCases>505</ConfirmedCases>
      <IncidencePer100k>131.2</IncidencePer100k>
      <Name>CHO3</Name>
    </HspcIncidence>
    <HspcIncidence>
      <ConfirmedCases>537</ConfirmedCases>
      <IncidencePer100k>77.8</IncidencePer100k>
      <Name>CHO4</Name>
    </HspcIncidence>
    <HspcIncidence>
      <ConfirmedCases>452</ConfirmedCases>
      <IncidencePer100k>88.6</IncidencePer100k>
      <Name>CHO5</Name>
    </HspcIncidence>
    <HspcIncidence>
      <ConfirmedCases>397</ConfirmedCases>
      <IncidencePer100k>103.6</IncidencePer100k>
      <Name>CHO6</Name>
    </HspcIncidence>
    <HspcIncidence>
      <ConfirmedCases>724</ConfirmedCases>
      <IncidencePer100k>102.3</IncidencePer100k>
      <Name>CHO7</Name>
    </HspcIncidence>
    <HspcIncidence>
      <ConfirmedCases>762</ConfirmedCases>
      <IncidencePer100k>123.0</IncidencePer100k>
      <Name>CHO8</Name>
    </HspcIncidence>
    <HspcIncidence>
      <ConfirmedCases>749</ConfirmedCases>
      <IncidencePer100k>120.5</IncidencePer100k>
      <Name>CHO9</Name>
    </HspcIncidence>
  </CHORates>
  <CountyRates>
    <HspcIncidence>
      <ConfirmedCases>354</ConfirmedCases>
      <IncidencePer100k>222.4</IncidencePer100k>
      <Name>Donegal</Name>
    </HspcIncidence>
    <HspcIncidence>
      <ConfirmedCases>269</ConfirmedCases>
      <IncidencePer100k>208.7</IncidencePer100k>
      <Name>Louth</Name>
    </HspcIncidence>
    <HspcIncidence>
      <ConfirmedCases>368</ConfirmedCases>
      <IncidencePer100k>188.8</IncidencePer100k>
      <Name>Limerick</Name>
    </HspcIncidence>
    <HspcIncidence>
      <ConfirmedCases>163</ConfirmedCases>
      <IncidencePer100k>140.3</IncidencePer100k>
      <Name>Waterford</Name>
    </HspcIncidence>
    <HspcIncidence>
      <ConfirmedCases>83</ConfirmedCases>
      <IncidencePer100k>128.6</IncidencePer100k>
      <Name>Roscommon</Name>
    </HspcIncidence>
    <HspcIncidence>
      <ConfirmedCases>1582</ConfirmedCases>
      <IncidencePer100k>117.4</IncidencePer100k>
      <Name>Dublin</Name>
    </HspcIncidence>
    <HspcIncidence>
      <ConfirmedCases>225</ConfirmedCases>
      <IncidencePer100k>115.4</IncidencePer100k>
      <Name>Meath</Name>
    </HspcIncidence>
    <HspcIncidence>
      <ConfirmedCases>96</ConfirmedCases>
      <IncidencePer100k>108.1</IncidencePer100k>
      <Name>Westmeath</Name>
    </HspcIncidence>
    <HspcIncidence>
      <ConfirmedCases>82</ConfirmedCases>
      <IncidencePer100k>105.2</IncidencePer100k>
      <Name>Offaly</Name>
    </HspcIncidence>
    <HspcIncidence>
      <ConfirmedCases>42</ConfirmedCases>
      <IncidencePer100k>102.8</IncidencePer100k>
      <Name>Longford</Name>
    </HspcIncidence>
    <HspcIncidence>
      <ConfirmedCases>63</ConfirmedCases>
      <IncidencePer100k>102.6</IncidencePer100k>
      <Name>Monaghan</Name>
    </HspcIncidence>
    <HspcIncidence>
      <ConfirmedCases>101</ConfirmedCases>
      <IncidencePer100k>101.8</IncidencePer100k>
      <Name>Kilkenny</Name>
    </HspcIncidence>
    <HspcIncidence>
      <ConfirmedCases>69</ConfirmedCases>
      <IncidencePer100k>90.6</IncidencePer100k>
      <Name>Cavan</Name>
    </HspcIncidence>
    <HspcIncidence>
      <ConfirmedCases>138</ConfirmedCases>
      <IncidencePer100k>86.5</IncidencePer100k>
      <Name>Tipperary</Name>
    </HspcIncidence>
    <HspcIncidence>
      <ConfirmedCases>112</ConfirmedCases>
      <IncidencePer100k>85.8</IncidencePer100k>
      <Name>Mayo</Name>
    </HspcIncidence>
    <HspcIncidence>
      <ConfirmedCases>459</ConfirmedCases>
      <IncidencePer100k>84.6</IncidencePer100k>
      <Name>Cork</Name>
    </HspcIncidence>
    <HspcIncidence>
      <ConfirmedCases>179</ConfirmedCases>
      <IncidencePer100k>80.4</IncidencePer100k>
      <Name>Kildare</Name>
    </HspcIncidence>
    <HspcIncidence>
      <ConfirmedCases>95</ConfirmedCases>
      <IncidencePer100k>80.0</IncidencePer100k>
      <Name>Clare</Name>
    </HspcIncidence>
    <HspcIncidence>
      <ConfirmedCases>109</ConfirmedCases>
      <IncidencePer100k>76.5</IncidencePer100k>
      <Name>Wicklow</Name>
    </HspcIncidence>
    <HspcIncidence>
      <ConfirmedCases>41</ConfirmedCases>
      <IncidencePer100k>72.0</IncidencePer100k>
      <Name>Carlow</Name>
    </HspcIncidence>
    <HspcIncidence>
      <ConfirmedCases>42</ConfirmedCases>
      <IncidencePer100k>64.1</IncidencePer100k>
      <Name>Sligo</Name>
    </HspcIncidence>
    <HspcIncidence>
      <ConfirmedCases>160</ConfirmedCases>
      <IncidencePer100k>62.0</IncidencePer100k>
      <Name>Galway</Name>
    </HspcIncidence>
    <HspcIncidence>
      <ConfirmedCases>18</ConfirmedCases>
      <IncidencePer100k>56.2</IncidencePer100k>
      <Name>Leitrim</Name>
    </HspcIncidence>
    <HspcIncidence>
      <ConfirmedCases>46</ConfirmedCases>
      <IncidencePer100k>54.3</IncidencePer100k>
      <Name>Laois</Name>
    </HspcIncidence>
    <HspcIncidence>
      <ConfirmedCases>78</ConfirmedCases>
      <IncidencePer100k>52.8</IncidencePer100k>
      <Name>Kerry</Name>
    </HspcIncidence>
    <HspcIncidence>
      <ConfirmedCases>52</ConfirmedCases>
      <IncidencePer100k>34.7</IncidencePer100k>
      <Name>Wexford</Name>
    </HspcIncidence>
  </CountyRates>
  <FromDate>2020-11-11T00:00:00</FromDate>
  <Hospitalised>
    <HspcHospitalised>
      <CasesAdmittedToIcu>0</CasesAdmittedToIcu>
      <CasesAdmittedToIcuPercent>0</CasesAdmittedToIcuPercent>
      <CasesHospitalised>2</CasesHospitalised>
      <CasesHospitalisedPercent>0.60</CasesHospitalisedPercent>
      <Name>0To4</Name>
      <NumberOfCases>209</NumberOfCases>
    </HspcHospitalised>
    <HspcHospitalised>
      <CasesAdmittedToIcu>0</CasesAdmittedToIcu>
      <CasesAdmittedToIcuPercent>0</CasesAdmittedToIcuPercent>
      <CasesHospitalised>1</CasesHospitalised>
      <CasesHospitalisedPercent>0.30</CasesHospitalisedPercent>
      <Name>5To12</Name>
      <NumberOfCases>420</NumberOfCases>
    </HspcHospitalised>
    <HspcHospitalised>
      <CasesAdmittedToIcu>0</CasesAdmittedToIcu>
      <CasesAdmittedToIcuPercent>0</CasesAdmittedToIcuPercent>
      <CasesHospitalised>10</CasesHospitalised>
      <CasesHospitalisedPercent>3.00</CasesHospitalisedPercent>
      <Name>13To18</Name>
      <NumberOfCases>484</NumberOfCases>
    </HspcHospitalised>
    <HspcHospitalised>
      <CasesAdmittedToIcu>0</CasesAdmittedToIcu>
      <CasesAdmittedToIcuPercent>0</CasesAdmittedToIcuPercent>
      <CasesHospitalised>9</CasesHospitalised>
      <CasesHospitalisedPercent>2.70</CasesHospitalisedPercent>
      <Name>19To24</Name>
      <NumberOfCases>619</NumberOfCases>
    </HspcHospitalised>
    <HspcHospitalised>
      <CasesAdmittedToIcu>0</CasesAdmittedToIcu>
      <CasesAdmittedToIcuPercent>0</CasesAdmittedToIcuPercent>
      <CasesHospitalised>16</CasesHospitalised>
      <CasesHospitalisedPercent>4.80</CasesHospitalisedPercent>
      <Name>25To34</Name>
      <NumberOfCases>779</NumberOfCases>
    </HspcHospitalised>
    <HspcHospitalised>
      <CasesAdmittedToIcu>2</CasesAdmittedToIcu>
      <CasesAdmittedToIcuPercent>13.33</CasesAdmittedToIcuPercent>
      <CasesHospitalised>24</CasesHospitalised>
      <CasesHospitalisedPercent>7.21</CasesHospitalisedPercent>
      <Name>35To44</Name>
      <NumberOfCases>786</NumberOfCases>
    </HspcHospitalised>
    <HspcHospitalised>
      <CasesAdmittedToIcu>0</CasesAdmittedToIcu>
      <CasesAdmittedToIcuPercent>0</CasesAdmittedToIcuPercent>
      <CasesHospitalised>30</CasesHospitalised>
      <CasesHospitalisedPercent>9.01</CasesHospitalisedPercent>
      <Name>45To54</Name>
      <NumberOfCases>674</NumberOfCases>
    </HspcHospitalised>
    <HspcHospitalised>
      <CasesAdmittedToIcu>4</CasesAdmittedToIcu>
      <CasesAdmittedToIcuPercent>26.67</CasesAdmittedToIcuPercent>
      <CasesHospitalised>34</CasesHospitalised>
      <CasesHospitalisedPercent>10.21</CasesHospitalisedPercent>
      <Name>55To64</Name>
      <NumberOfCases>445</NumberOfCases>
    </HspcHospitalised>
    <HspcHospitalised>
      <CasesAdmittedToIcu>4</CasesAdmittedToIcu>
      <CasesAdmittedToIcuPercent>26.67</CasesAdmittedToIcuPercent>
      <CasesHospitalised>52</CasesHospitalised>
      <CasesHospitalisedPercent>15.62</CasesHospitalisedPercent>
      <Name>65To74</Name>
      <NumberOfCases>248</NumberOfCases>
    </HspcHospitalised>
    <HspcHospitalised>
      <CasesAdmittedToIcu>5</CasesAdmittedToIcu>
      <CasesAdmittedToIcuPercent>33.33</CasesAdmittedToIcuPercent>
      <CasesHospitalised>96</CasesHospitalised>
      <CasesHospitalisedPercent>28.83</CasesHospitalisedPercent>
      <Name>75To84</Name>
      <NumberOfCases>213</NumberOfCases>
    </HspcHospitalised>
    <HspcHospitalised>
      <CasesAdmittedToIcu>0</CasesAdmittedToIcu>
      <CasesAdmittedToIcuPercent>0</CasesAdmittedToIcuPercent>
      <CasesHospitalised>59</CasesHospitalised>
      <CasesHospitalisedPercent>17.72</CasesHospitalisedPercent>
      <Name>85Plus</Name>
      <NumberOfCases>148</NumberOfCases>
    </HspcHospitalised>
    <HspcHospitalised>
      <CasesAdmittedToIcu>0</CasesAdmittedToIcu>
      <CasesAdmittedToIcuPercent>0</CasesAdmittedToIcuPercent>
      <CasesHospitalised>0</CasesHospitalised>
      <CasesHospitalisedPercent>0</CasesHospitalisedPercent>
      <Name>Unknown</Name>
      <NumberOfCases>1</NumberOfCases>
    </HspcHospitalised>
  </Hospitalised>
  <PreparedDate>2020-11-25T00:00:00</PreparedDate>
  <SexCharacteristics>
    <Female>
      <Absolute>2630</Absolute>
      <Percent>52.33</Percent>
    </Female>
    <Male>
      <Absolute>2383</Absolute>
      <Percent>47.41</Percent>
    </Male>
    <MaleFemaleRatio>0.91</MaleFemaleRatio>
    <Unknown>
      <Absolute>13</Absolute>
      <Percent>0.26</Percent>
    </Unknown>
  </SexCharacteristics>
  <SourceFileName>COVID-19_14_day_epidemiology_report_20201125 - website.pdf</SourceFileName>
  <SymptomStatusAtTimeOfTestCharacteristics>
    <No>
      <Absolute>1432</Absolute>
      <Percent>28.49</Percent>
    </No>
    <Unknown>
      <Absolute>630</Absolute>
      <Percent>12.53</Percent>
    </Unknown>
    <Yes>
      <Absolute>2964</Absolute>
      <Percent>58.97</Percent>
    </Yes>
  </SymptomStatusAtTimeOfTestCharacteristics>
  <ToDate>2020-11-24T00:00:00</ToDate>
  <TotalConfirmedCases>
    <Absolute>5026</Absolute>
    <Percent>100</Percent>
  </TotalConfirmedCases>
  <UnderlyingConditionsCharacteristics>
    <No>
      <Absolute>3260</Absolute>
      <Percent>64.86</Percent>
    </No>
    <Unknown>
      <Absolute>508</Absolute>
      <Percent>10.11</Percent>
    </Unknown>
    <Yes>
      <Absolute>1258</Absolute>
      <Percent>25.03</Percent>
    </Yes>
  </UnderlyingConditionsCharacteristics>
</HspcDailyEpidemiology>