﻿<?xml version="1.0" encoding="utf-8"?>
<HspcDailyEpidemiology xmlns:i="http://www.w3.org/2001/XMLSchema-instance" xmlns="http://schemas.datacontract.org/2004/07/CovidStats.DailyEpidemiology">
  <AgeCharacteristics>
    <Age0To4>
      <Absolute>218</Absolute>
      <Percent>4.25</Percent>
    </Age0To4>
    <Age13To18>
      <Absolute>483</Absolute>
      <Percent>9.41</Percent>
    </Age13To18>
    <Age19To24>
      <Absolute>634</Absolute>
      <Percent>12.36</Percent>
    </Age19To24>
    <Age25To34>
      <Absolute>793</Absolute>
      <Percent>15.46</Percent>
    </Age25To34>
    <Age35To44>
      <Absolute>793</Absolute>
      <Percent>15.46</Percent>
    </Age35To44>
    <Age45To54>
      <Absolute>715</Absolute>
      <Percent>13.93</Percent>
    </Age45To54>
    <Age55To64>
      <Absolute>453</Absolute>
      <Percent>8.83</Percent>
    </Age55To64>
    <Age5To12>
      <Absolute>411</Absolute>
      <Percent>8.01</Percent>
    </Age5To12>
    <Age65To74>
      <Absolute>249</Absolute>
      <Percent>4.85</Percent>
    </Age65To74>
    <Age75To84>
      <Absolute>223</Absolute>
      <Percent>4.35</Percent>
    </Age75To84>
    <Age85Plus>
      <Absolute>158</Absolute>
      <Percent>3.08</Percent>
    </Age85Plus>
    <AgeUnknown>
      <Absolute>1</Absolute>
      <Percent>0.02</Percent>
    </AgeUnknown>
    <MeanAge>37</MeanAge>
    <MedianAge>35</MedianAge>
  </AgeCharacteristics>
  <CCARates>
    <HspcIncidence>
      <ConfirmedCases>102</ConfirmedCases>
      <IncidencePer100k>75.0</IncidencePer100k>
      <Name>DublinSouth</Name>
    </HspcIncidence>
    <HspcIncidence>
      <ConfirmedCases>200</ConfirmedCases>
      <IncidencePer100k>161.7</IncidencePer100k>
      <Name>DublinSouthEast</Name>
    </HspcIncidence>
    <HspcIncidence>
      <ConfirmedCases>148</ConfirmedCases>
      <IncidencePer100k>98.7</IncidencePer100k>
      <Name>DublinSouthCity</Name>
    </HspcIncidence>
    <HspcIncidence>
      <ConfirmedCases>178</ConfirmedCases>
      <IncidencePer100k>110.6</IncidencePer100k>
      <Name>DublinSouthWest</Name>
    </HspcIncidence>
    <HspcIncidence>
      <ConfirmedCases>224</ConfirmedCases>
      <IncidencePer100k>144.2</IncidencePer100k>
      <Name>DublinWest</Name>
    </HspcIncidence>
    <HspcIncidence>
      <ConfirmedCases>290</ConfirmedCases>
      <IncidencePer100k>139.6</IncidencePer100k>
      <Name>DublinNorthWest</Name>
    </HspcIncidence>
    <HspcIncidence>
      <ConfirmedCases>274</ConfirmedCases>
      <IncidencePer100k>177.3</IncidencePer100k>
      <Name>DublinNorthCentral</Name>
    </HspcIncidence>
    <HspcIncidence>
      <ConfirmedCases>174</ConfirmedCases>
      <IncidencePer100k>67.1</IncidencePer100k>
      <Name>DublinNorth</Name>
    </HspcIncidence>
  </CCARates>
  <CHORates>
    <HspcIncidence>
      <ConfirmedCases>585</ConfirmedCases>
      <IncidencePer100k>147.0</IncidencePer100k>
      <Name>CHO1</Name>
    </HspcIncidence>
    <HspcIncidence>
      <ConfirmedCases>369</ConfirmedCases>
      <IncidencePer100k>84.3</IncidencePer100k>
      <Name>CHO2</Name>
    </HspcIncidence>
    <HspcIncidence>
      <ConfirmedCases>520</ConfirmedCases>
      <IncidencePer100k>137.1</IncidencePer100k>
      <Name>CHO3</Name>
    </HspcIncidence>
    <HspcIncidence>
      <ConfirmedCases>531</ConfirmedCases>
      <IncidencePer100k>77.0</IncidencePer100k>
      <Name>CHO4</Name>
    </HspcIncidence>
    <HspcIncidence>
      <ConfirmedCases>480</ConfirmedCases>
      <IncidencePer100k>93.7</IncidencePer100k>
      <Name>CHO5</Name>
    </HspcIncidence>
    <HspcIncidence>
      <ConfirmedCases>400</ConfirmedCases>
      <IncidencePer100k>100.0</IncidencePer100k>
      <Name>CHO6</Name>
    </HspcIncidence>
    <HspcIncidence>
      <ConfirmedCases>733</ConfirmedCases>
      <IncidencePer100k>105.8</IncidencePer100k>
      <Name>CHO7</Name>
    </HspcIncidence>
    <HspcIncidence>
      <ConfirmedCases>775</ConfirmedCases>
      <IncidencePer100k>129.2</IncidencePer100k>
      <Name>CHO8</Name>
    </HspcIncidence>
    <HspcIncidence>
      <ConfirmedCases>738</ConfirmedCases>
      <IncidencePer100k>120.7</IncidencePer100k>
      <Name>CHO9</Name>
    </HspcIncidence>
  </CHORates>
  <CountyRates>
    <HspcIncidence>
      <ConfirmedCases>382</ConfirmedCases>
      <IncidencePer100k>240.0</IncidencePer100k>
      <Name>Donegal</Name>
    </HspcIncidence>
    <HspcIncidence>
      <ConfirmedCases>273</ConfirmedCases>
      <IncidencePer100k>211.8</IncidencePer100k>
      <Name>Louth</Name>
    </HspcIncidence>
    <HspcIncidence>
      <ConfirmedCases>375</ConfirmedCases>
      <IncidencePer100k>192.4</IncidencePer100k>
      <Name>Limerick</Name>
    </HspcIncidence>
    <HspcIncidence>
      <ConfirmedCases>175</ConfirmedCases>
      <IncidencePer100k>150.6</IncidencePer100k>
      <Name>Waterford</Name>
    </HspcIncidence>
    <HspcIncidence>
      <ConfirmedCases>85</ConfirmedCases>
      <IncidencePer100k>131.7</IncidencePer100k>
      <Name>Roscommon</Name>
    </HspcIncidence>
    <HspcIncidence>
      <ConfirmedCases>1590</ConfirmedCases>
      <IncidencePer100k>118.0</IncidencePer100k>
      <Name>Dublin</Name>
    </HspcIncidence>
    <HspcIncidence>
      <ConfirmedCases>228</ConfirmedCases>
      <IncidencePer100k>116.9</IncidencePer100k>
      <Name>Meath</Name>
    </HspcIncidence>
    <HspcIncidence>
      <ConfirmedCases>91</ConfirmedCases>
      <IncidencePer100k>116.7</IncidencePer100k>
      <Name>Offaly</Name>
    </HspcIncidence>
    <HspcIncidence>
      <ConfirmedCases>69</ConfirmedCases>
      <IncidencePer100k>112.4</IncidencePer100k>
      <Name>Monaghan</Name>
    </HspcIncidence>
    <HspcIncidence>
      <ConfirmedCases>99</ConfirmedCases>
      <IncidencePer100k>111.5</IncidencePer100k>
      <Name>Westmeath</Name>
    </HspcIncidence>
    <HspcIncidence>
      <ConfirmedCases>107</ConfirmedCases>
      <IncidencePer100k>107.8</IncidencePer100k>
      <Name>Kilkenny</Name>
    </HspcIncidence>
    <HspcIncidence>
      <ConfirmedCases>40</ConfirmedCases>
      <IncidencePer100k>97.9</IncidencePer100k>
      <Name>Longford</Name>
    </HspcIncidence>
    <HspcIncidence>
      <ConfirmedCases>145</ConfirmedCases>
      <IncidencePer100k>90.9</IncidencePer100k>
      <Name>Tipperary</Name>
    </HspcIncidence>
    <HspcIncidence>
      <ConfirmedCases>68</ConfirmedCases>
      <IncidencePer100k>89.3</IncidencePer100k>
      <Name>Cavan</Name>
    </HspcIncidence>
    <HspcIncidence>
      <ConfirmedCases>116</ConfirmedCases>
      <IncidencePer100k>88.9</IncidencePer100k>
      <Name>Mayo</Name>
    </HspcIncidence>
    <HspcIncidence>
      <ConfirmedCases>99</ConfirmedCases>
      <IncidencePer100k>83.3</IncidencePer100k>
      <Name>Clare</Name>
    </HspcIncidence>
    <HspcIncidence>
      <ConfirmedCases>441</ConfirmedCases>
      <IncidencePer100k>81.2</IncidencePer100k>
      <Name>Cork</Name>
    </HspcIncidence>
    <HspcIncidence>
      <ConfirmedCases>178</ConfirmedCases>
      <IncidencePer100k>80.0</IncidencePer100k>
      <Name>Kildare</Name>
    </HspcIncidence>
    <HspcIncidence>
      <ConfirmedCases>45</ConfirmedCases>
      <IncidencePer100k>79.0</IncidencePer100k>
      <Name>Carlow</Name>
    </HspcIncidence>
    <HspcIncidence>
      <ConfirmedCases>103</ConfirmedCases>
      <IncidencePer100k>72.3</IncidencePer100k>
      <Name>Wicklow</Name>
    </HspcIncidence>
    <HspcIncidence>
      <ConfirmedCases>47</ConfirmedCases>
      <IncidencePer100k>71.7</IncidencePer100k>
      <Name>Sligo</Name>
    </HspcIncidence>
    <HspcIncidence>
      <ConfirmedCases>168</ConfirmedCases>
      <IncidencePer100k>65.1</IncidencePer100k>
      <Name>Galway</Name>
    </HspcIncidence>
    <HspcIncidence>
      <ConfirmedCases>20</ConfirmedCases>
      <IncidencePer100k>62.4</IncidencePer100k>
      <Name>Leitrim</Name>
    </HspcIncidence>
    <HspcIncidence>
      <ConfirmedCases>90</ConfirmedCases>
      <IncidencePer100k>60.9</IncidencePer100k>
      <Name>Kerry</Name>
    </HspcIncidence>
    <HspcIncidence>
      <ConfirmedCases>42</ConfirmedCases>
      <IncidencePer100k>49.6</IncidencePer100k>
      <Name>Laois</Name>
    </HspcIncidence>
    <HspcIncidence>
      <ConfirmedCases>55</ConfirmedCases>
      <IncidencePer100k>36.7</IncidencePer100k>
      <Name>Wexford</Name>
    </HspcIncidence>
  </CountyRates>
  <FromDate>2020-11-10T00:00:00</FromDate>
  <Hospitalised>
    <HspcHospitalised>
      <CasesAdmittedToIcu>0</CasesAdmittedToIcu>
      <CasesAdmittedToIcuPercent>0.0</CasesAdmittedToIcuPercent>
      <CasesHospitalised>3</CasesHospitalised>
      <CasesHospitalisedPercent>0.9</CasesHospitalisedPercent>
      <Name>0To4</Name>
      <NumberOfCases>218</NumberOfCases>
    </HspcHospitalised>
    <HspcHospitalised>
      <CasesAdmittedToIcu>0</CasesAdmittedToIcu>
      <CasesAdmittedToIcuPercent>0.0</CasesAdmittedToIcuPercent>
      <CasesHospitalised>1</CasesHospitalised>
      <CasesHospitalisedPercent>0.3</CasesHospitalisedPercent>
      <Name>5To12</Name>
      <NumberOfCases>411</NumberOfCases>
    </HspcHospitalised>
    <HspcHospitalised>
      <CasesAdmittedToIcu>0</CasesAdmittedToIcu>
      <CasesAdmittedToIcuPercent>0.0</CasesAdmittedToIcuPercent>
      <CasesHospitalised>10</CasesHospitalised>
      <CasesHospitalisedPercent>2.9</CasesHospitalisedPercent>
      <Name>13To18</Name>
      <NumberOfCases>483</NumberOfCases>
    </HspcHospitalised>
    <HspcHospitalised>
      <CasesAdmittedToIcu>0</CasesAdmittedToIcu>
      <CasesAdmittedToIcuPercent>0.0</CasesAdmittedToIcuPercent>
      <CasesHospitalised>9</CasesHospitalised>
      <CasesHospitalisedPercent>2.7</CasesHospitalisedPercent>
      <Name>19To24</Name>
      <NumberOfCases>634</NumberOfCases>
    </HspcHospitalised>
    <HspcHospitalised>
      <CasesAdmittedToIcu>0</CasesAdmittedToIcu>
      <CasesAdmittedToIcuPercent>0.0</CasesAdmittedToIcuPercent>
      <CasesHospitalised>15</CasesHospitalised>
      <CasesHospitalisedPercent>4.4</CasesHospitalisedPercent>
      <Name>25To34</Name>
      <NumberOfCases>793</NumberOfCases>
    </HspcHospitalised>
    <HspcHospitalised>
      <CasesAdmittedToIcu>1</CasesAdmittedToIcu>
      <CasesAdmittedToIcuPercent>9.1</CasesAdmittedToIcuPercent>
      <CasesHospitalised>24</CasesHospitalised>
      <CasesHospitalisedPercent>7.1</CasesHospitalisedPercent>
      <Name>35To44</Name>
      <NumberOfCases>793</NumberOfCases>
    </HspcHospitalised>
    <HspcHospitalised>
      <CasesAdmittedToIcu>0</CasesAdmittedToIcu>
      <CasesAdmittedToIcuPercent>0.0</CasesAdmittedToIcuPercent>
      <CasesHospitalised>31</CasesHospitalised>
      <CasesHospitalisedPercent>9.1</CasesHospitalisedPercent>
      <Name>45To54</Name>
      <NumberOfCases>715</NumberOfCases>
    </HspcHospitalised>
    <HspcHospitalised>
      <CasesAdmittedToIcu>4</CasesAdmittedToIcu>
      <CasesAdmittedToIcuPercent>36.4</CasesAdmittedToIcuPercent>
      <CasesHospitalised>34</CasesHospitalised>
      <CasesHospitalisedPercent>10.0</CasesHospitalisedPercent>
      <Name>55To64</Name>
      <NumberOfCases>453</NumberOfCases>
    </HspcHospitalised>
    <HspcHospitalised>
      <CasesAdmittedToIcu>2</CasesAdmittedToIcu>
      <CasesAdmittedToIcuPercent>18.2</CasesAdmittedToIcuPercent>
      <CasesHospitalised>51</CasesHospitalised>
      <CasesHospitalisedPercent>15.0</CasesHospitalisedPercent>
      <Name>65To74</Name>
      <NumberOfCases>249</NumberOfCases>
    </HspcHospitalised>
    <HspcHospitalised>
      <CasesAdmittedToIcu>4</CasesAdmittedToIcu>
      <CasesAdmittedToIcuPercent>36.4</CasesAdmittedToIcuPercent>
      <CasesHospitalised>100</CasesHospitalised>
      <CasesHospitalisedPercent>29.5</CasesHospitalisedPercent>
      <Name>75To84</Name>
      <NumberOfCases>223</NumberOfCases>
    </HspcHospitalised>
    <HspcHospitalised>
      <CasesAdmittedToIcu>0</CasesAdmittedToIcu>
      <CasesAdmittedToIcuPercent>0.0</CasesAdmittedToIcuPercent>
      <CasesHospitalised>61</CasesHospitalised>
      <CasesHospitalisedPercent>18.0</CasesHospitalisedPercent>
      <Name>85Plus</Name>
      <NumberOfCases>158</NumberOfCases>
    </HspcHospitalised>
    <HspcHospitalised>
      <CasesAdmittedToIcu>0</CasesAdmittedToIcu>
      <CasesAdmittedToIcuPercent>0.0</CasesAdmittedToIcuPercent>
      <CasesHospitalised>0</CasesHospitalised>
      <CasesHospitalisedPercent>0</CasesHospitalisedPercent>
      <Name>Unknown</Name>
      <NumberOfCases>1</NumberOfCases>
    </HspcHospitalised>
  </Hospitalised>
  <PreparedDate>2020-11-24T00:00:00</PreparedDate>
  <SexCharacteristics>
    <Female>
      <Absolute>2664</Absolute>
      <Percent>51.92</Percent>
    </Female>
    <Male>
      <Absolute>2454</Absolute>
      <Percent>47.83</Percent>
    </Male>
    <MaleFemaleRatio>0.92</MaleFemaleRatio>
    <Unknown>
      <Absolute>13</Absolute>
      <Percent>0.25</Percent>
    </Unknown>
  </SexCharacteristics>
  <SourceFileName>COVID-19_14_day_epidemiology_report_20201124 _website.pdf</SourceFileName>
  <SymptomStatusAtTimeOfTestCharacteristics>
    <No>
      <Absolute>1452</Absolute>
      <Percent>28.3</Percent>
    </No>
    <Unknown>
      <Absolute>600</Absolute>
      <Percent>11.69</Percent>
    </Unknown>
    <Yes>
      <Absolute>3079</Absolute>
      <Percent>60.01</Percent>
    </Yes>
  </SymptomStatusAtTimeOfTestCharacteristics>
  <ToDate>2020-11-23T00:00:00</ToDate>
  <TotalConfirmedCases>
    <Absolute>5131</Absolute>
    <Percent>100</Percent>
  </TotalConfirmedCases>
  <UnderlyingConditionsCharacteristics>
    <No>
      <Absolute>3376</Absolute>
      <Percent>65.8</Percent>
    </No>
    <Unknown>
      <Absolute>473</Absolute>
      <Percent>9.22</Percent>
    </Unknown>
    <Yes>
      <Absolute>1282</Absolute>
      <Percent>24.99</Percent>
    </Yes>
  </UnderlyingConditionsCharacteristics>
</HspcDailyEpidemiology>