﻿<?xml version="1.0" encoding="utf-8"?>
<HspcDailyEpidemiology xmlns:i="http://www.w3.org/2001/XMLSchema-instance" xmlns="http://schemas.datacontract.org/2004/07/CovidStats.DailyEpidemiology">
  <AgeCharacteristics>
    <Age0To4>
      <Absolute>115</Absolute>
      <Percent>2.73</Percent>
    </Age0To4>
    <Age13To18>
      <Absolute>0</Absolute>
      <Percent>0</Percent>
    </Age13To18>
    <Age19To24>
      <Absolute>0</Absolute>
      <Percent>0</Percent>
    </Age19To24>
    <Age25To34>
      <Absolute>765</Absolute>
      <Percent>18.16</Percent>
    </Age25To34>
    <Age35To44>
      <Absolute>616</Absolute>
      <Percent>14.62</Percent>
    </Age35To44>
    <Age45To54>
      <Absolute>580</Absolute>
      <Percent>13.77</Percent>
    </Age45To54>
    <Age55To64>
      <Absolute>391</Absolute>
      <Percent>9.28</Percent>
    </Age55To64>
    <Age5To12>
      <Absolute>0</Absolute>
      <Percent>0</Percent>
    </Age5To12>
    <Age65To74>
      <Absolute>240</Absolute>
      <Percent>5.7</Percent>
    </Age65To74>
    <Age75To84>
      <Absolute>114</Absolute>
      <Percent>2.71</Percent>
    </Age75To84>
    <Age85Plus>
      <Absolute>48</Absolute>
      <Percent>1.14</Percent>
    </Age85Plus>
    <AgeUnknown>
      <Absolute>1</Absolute>
      <Percent>0.02</Percent>
    </AgeUnknown>
    <MeanAge>36</MeanAge>
    <MedianAge>33</MedianAge>
  </AgeCharacteristics>
  <CCARates />
  <CHORates i:nil="true" />
  <CountyRates i:nil="true" />
  <FromDate>2020-09-15T00:00:00</FromDate>
  <Hospitalised i:nil="true" />
  <PreparedDate>2020-09-29T00:00:00</PreparedDate>
  <SexCharacteristics>
    <Female>
      <Absolute>2122</Absolute>
      <Percent>50.37</Percent>
    </Female>
    <Male>
      <Absolute>2088</Absolute>
      <Percent>49.56</Percent>
    </Male>
    <MaleFemaleRatio>0.98</MaleFemaleRatio>
    <Unknown>
      <Absolute>3</Absolute>
      <Percent>0.07</Percent>
    </Unknown>
  </SexCharacteristics>
  <SourceFileName>COVID-19_14_day_epidemiology_report_20200929_Website.pdf</SourceFileName>
  <SymptomStatusAtTimeOfTestCharacteristics>
    <No i:nil="true" />
    <Unknown i:nil="true" />
    <Yes i:nil="true" />
  </SymptomStatusAtTimeOfTestCharacteristics>
  <ToDate>2020-09-28T00:00:00</ToDate>
  <TotalConfirmedCases>
    <Absolute>4213</Absolute>
    <Percent>100</Percent>
  </TotalConfirmedCases>
  <UnderlyingConditionsCharacteristics>
    <No>
      <Absolute>2524</Absolute>
      <Percent>59.91</Percent>
    </No>
    <Unknown>
      <Absolute>567</Absolute>
      <Percent>13.46</Percent>
    </Unknown>
    <Yes>
      <Absolute>1122</Absolute>
      <Percent>26.63</Percent>
    </Yes>
  </UnderlyingConditionsCharacteristics>
</HspcDailyEpidemiology>