﻿<?xml version="1.0" encoding="utf-8"?>
<HspcDailyEpidemiology xmlns:i="http://www.w3.org/2001/XMLSchema-instance" xmlns="http://schemas.datacontract.org/2004/07/CovidStats.DailyEpidemiology">
  <AgeCharacteristics>
    <Age0To4>
      <Absolute>51</Absolute>
      <Percent>3.11</Percent>
    </Age0To4>
    <Age13To18>
      <Absolute>0</Absolute>
      <Percent>0</Percent>
    </Age13To18>
    <Age19To24>
      <Absolute>0</Absolute>
      <Percent>0</Percent>
    </Age19To24>
    <Age25To34>
      <Absolute>312</Absolute>
      <Percent>19.04</Percent>
    </Age25To34>
    <Age35To44>
      <Absolute>250</Absolute>
      <Percent>15.25</Percent>
    </Age35To44>
    <Age45To54>
      <Absolute>220</Absolute>
      <Percent>13.42</Percent>
    </Age45To54>
    <Age55To64>
      <Absolute>134</Absolute>
      <Percent>8.18</Percent>
    </Age55To64>
    <Age5To12>
      <Absolute>0</Absolute>
      <Percent>0</Percent>
    </Age5To12>
    <Age65To74>
      <Absolute>60</Absolute>
      <Percent>3.66</Percent>
    </Age65To74>
    <Age75To84>
      <Absolute>53</Absolute>
      <Percent>3.23</Percent>
    </Age75To84>
    <Age85Plus>
      <Absolute>28</Absolute>
      <Percent>1.71</Percent>
    </Age85Plus>
    <AgeUnknown>
      <Absolute>4</Absolute>
      <Percent>0.24</Percent>
    </AgeUnknown>
    <MeanAge>35</MeanAge>
    <MedianAge>32</MedianAge>
  </AgeCharacteristics>
  <CCARates i:nil="true" />
  <CHORates>
    <HspcIncidence>
      <ConfirmedCases>82</ConfirmedCases>
      <IncidencePer100k>21.0</IncidencePer100k>
      <Name>CHO1</Name>
    </HspcIncidence>
    <HspcIncidence>
      <ConfirmedCases>31</ConfirmedCases>
      <IncidencePer100k>6.8</IncidencePer100k>
      <Name>CHO2</Name>
    </HspcIncidence>
    <HspcIncidence>
      <ConfirmedCases>151</ConfirmedCases>
      <IncidencePer100k>39.2</IncidencePer100k>
      <Name>CHO3</Name>
    </HspcIncidence>
    <HspcIncidence>
      <ConfirmedCases>60</ConfirmedCases>
      <IncidencePer100k>8.7</IncidencePer100k>
      <Name>CHO4</Name>
    </HspcIncidence>
    <HspcIncidence>
      <ConfirmedCases>189</ConfirmedCases>
      <IncidencePer100k>37.0</IncidencePer100k>
      <Name>CHO5</Name>
    </HspcIncidence>
    <HspcIncidence>
      <ConfirmedCases>160</ConfirmedCases>
      <IncidencePer100k>41.8</IncidencePer100k>
      <Name>CHO6</Name>
    </HspcIncidence>
    <HspcIncidence>
      <ConfirmedCases>475</ConfirmedCases>
      <IncidencePer100k>67.1</IncidencePer100k>
      <Name>CHO7</Name>
    </HspcIncidence>
    <HspcIncidence>
      <ConfirmedCases>158</ConfirmedCases>
      <IncidencePer100k>25.5</IncidencePer100k>
      <Name>CHO8</Name>
    </HspcIncidence>
    <HspcIncidence>
      <ConfirmedCases>331</ConfirmedCases>
      <IncidencePer100k>53.4</IncidencePer100k>
      <Name>CHO9</Name>
    </HspcIncidence>
  </CHORates>
  <CountyRates>
    <HspcIncidence>
      <ConfirmedCases>32</ConfirmedCases>
      <IncidencePer100k>56.207405325651654605494270000</IncidencePer100k>
      <Name>Carlow</Name>
    </HspcIncidence>
    <HspcIncidence>
      <ConfirmedCases>17</ConfirmedCases>
      <IncidencePer100k>22.316740180634320520898970000</IncidencePer100k>
      <Name>Cavan</Name>
    </HspcIncidence>
    <HspcIncidence>
      <ConfirmedCases>35</ConfirmedCases>
      <IncidencePer100k>29.457064224816314163798110000</IncidencePer100k>
      <Name>Clare</Name>
    </HspcIncidence>
    <HspcIncidence>
      <ConfirmedCases>44</ConfirmedCases>
      <IncidencePer100k>8.105101055873619369717870000</IncidencePer100k>
      <Name>Cork</Name>
    </HspcIncidence>
    <HspcIncidence>
      <ConfirmedCases>33</ConfirmedCases>
      <IncidencePer100k>20.729684908789386401326700000</IncidencePer100k>
      <Name>Donegal</Name>
    </HspcIncidence>
    <HspcIncidence>
      <ConfirmedCases>782</ConfirmedCases>
      <IncidencePer100k>58.123891595225813548664270000</IncidencePer100k>
      <Name>Dublin</Name>
    </HspcIncidence>
    <HspcIncidence>
      <ConfirmedCases>16</ConfirmedCases>
      <IncidencePer100k>6.2001565539529873129296500000</IncidencePer100k>
      <Name>Galway</Name>
    </HspcIncidence>
    <HspcIncidence>
      <ConfirmedCases>16</ConfirmedCases>
      <IncidencePer100k>10.832255749558247070213330000</IncidencePer100k>
      <Name>Kerry</Name>
    </HspcIncidence>
    <HspcIncidence>
      <ConfirmedCases>152</ConfirmedCases>
      <IncidencePer100k>68.313378635889691870707940000</IncidencePer100k>
      <Name>Kildare</Name>
    </HspcIncidence>
    <HspcIncidence>
      <ConfirmedCases>21</ConfirmedCases>
      <IncidencePer100k>21.162528216704288939051920000</IncidencePer100k>
      <Name>Kilkenny</Name>
    </HspcIncidence>
    <HspcIncidence>
      <ConfirmedCases>22</ConfirmedCases>
      <IncidencePer100k>25.974945983919147077228240000</IncidencePer100k>
      <Name>Laois</Name>
    </HspcIncidence>
    <HspcIncidence>
      <ConfirmedCases>0</ConfirmedCases>
      <IncidencePer100k>0</IncidencePer100k>
      <Name>Leitrim</Name>
    </HspcIncidence>
    <HspcIncidence>
      <ConfirmedCases>108</ConfirmedCases>
      <IncidencePer100k>55.413316640926839029446020000</IncidencePer100k>
      <Name>Limerick</Name>
    </HspcIncidence>
    <HspcIncidence>
      <ConfirmedCases>12</ConfirmedCases>
      <IncidencePer100k>29.359234702615418491424660000</IncidencePer100k>
      <Name>Longford</Name>
    </HspcIncidence>
    <HspcIncidence>
      <ConfirmedCases>24</ConfirmedCases>
      <IncidencePer100k>18.621395983985599453772380000</IncidencePer100k>
      <Name>Louth</Name>
    </HspcIncidence>
    <HspcIncidence>
      <ConfirmedCases>0</ConfirmedCases>
      <IncidencePer100k>0</IncidencePer100k>
      <Name>Mayo</Name>
    </HspcIncidence>
    <HspcIncidence>
      <ConfirmedCases>42</ConfirmedCases>
      <IncidencePer100k>21.533602674268370213900450000</IncidencePer100k>
      <Name>Meath</Name>
    </HspcIncidence>
    <HspcIncidence>
      <ConfirmedCases>26</ConfirmedCases>
      <IncidencePer100k>42.354934349851757729775520000</IncidencePer100k>
      <Name>Monaghan</Name>
    </HspcIncidence>
    <HspcIncidence>
      <ConfirmedCases>34</ConfirmedCases>
      <IncidencePer100k>43.611549364425802644912200000</IncidencePer100k>
      <Name>Offaly</Name>
    </HspcIncidence>
    <HspcIncidence>
      <ConfirmedCases>11</ConfirmedCases>
      <IncidencePer100k>17.042637580565195835399110000</IncidencePer100k>
      <Name>Roscommon</Name>
    </HspcIncidence>
    <HspcIncidence>
      <ConfirmedCases>0</ConfirmedCases>
      <IncidencePer100k>0</IncidencePer100k>
      <Name>Sligo</Name>
    </HspcIncidence>
    <HspcIncidence>
      <ConfirmedCases>90</ConfirmedCases>
      <IncidencePer100k>56.407588700933232217507660000</IncidencePer100k>
      <Name>Tipperary</Name>
    </HspcIncidence>
    <HspcIncidence>
      <ConfirmedCases>28</ConfirmedCases>
      <IncidencePer100k>24.101363448560804296928800000</IncidencePer100k>
      <Name>Waterford</Name>
    </HspcIncidence>
    <HspcIncidence>
      <ConfirmedCases>11</ConfirmedCases>
      <IncidencePer100k>12.391573729863692688971500000</IncidencePer100k>
      <Name>Westmeath</Name>
    </HspcIncidence>
    <HspcIncidence>
      <ConfirmedCases>40</ConfirmedCases>
      <IncidencePer100k>26.716180654813587849481040000</IncidencePer100k>
      <Name>Wexford</Name>
    </HspcIncidence>
    <HspcIncidence>
      <ConfirmedCases>33</ConfirmedCases>
      <IncidencePer100k>23.170089520800421274354920000</IncidencePer100k>
      <Name>Wicklow</Name>
    </HspcIncidence>
  </CountyRates>
  <FromDate>2020-08-22T00:00:00</FromDate>
  <Hospitalised i:nil="true" />
  <PreparedDate>2020-09-05T00:00:00</PreparedDate>
  <SexCharacteristics>
    <Female>
      <Absolute>791</Absolute>
      <Percent>48.26</Percent>
    </Female>
    <Male>
      <Absolute>844</Absolute>
      <Percent>51.49</Percent>
    </Male>
    <MaleFemaleRatio>1.07</MaleFemaleRatio>
    <Unknown>
      <Absolute>4</Absolute>
      <Percent>0.24</Percent>
    </Unknown>
  </SexCharacteristics>
  <SourceFileName>COVID-19_14_day_epidemiology_report_v0.1_05.09.2020_website v3.pdf</SourceFileName>
  <SymptomStatusAtTimeOfTestCharacteristics>
    <No i:nil="true" />
    <Unknown i:nil="true" />
    <Yes i:nil="true" />
  </SymptomStatusAtTimeOfTestCharacteristics>
  <ToDate>2020-09-04T00:00:00</ToDate>
  <TotalConfirmedCases>
    <Absolute>1639</Absolute>
    <Percent>100</Percent>
  </TotalConfirmedCases>
  <UnderlyingConditionsCharacteristics>
    <No>
      <Absolute>1025</Absolute>
      <Percent>62.54</Percent>
    </No>
    <Unknown>
      <Absolute>198</Absolute>
      <Percent>12.08</Percent>
    </Unknown>
    <Yes>
      <Absolute>416</Absolute>
      <Percent>25.38</Percent>
    </Yes>
  </UnderlyingConditionsCharacteristics>
</HspcDailyEpidemiology>