﻿<?xml version="1.0" encoding="utf-8"?>
<HspcDailyEpidemiology xmlns:i="http://www.w3.org/2001/XMLSchema-instance" xmlns="http://schemas.datacontract.org/2004/07/CovidStats.DailyEpidemiology">
  <AgeCharacteristics>
    <Age0To4>
      <Absolute>631</Absolute>
      <Percent>2.82</Percent>
    </Age0To4>
    <Age13To18>
      <Absolute>1343</Absolute>
      <Percent>6</Percent>
    </Age13To18>
    <Age19To24>
      <Absolute>3628</Absolute>
      <Percent>16.22</Percent>
    </Age19To24>
    <Age25To34>
      <Absolute>4412</Absolute>
      <Percent>19.72</Percent>
    </Age25To34>
    <Age35To44>
      <Absolute>3412</Absolute>
      <Percent>15.25</Percent>
    </Age35To44>
    <Age45To54>
      <Absolute>3147</Absolute>
      <Percent>14.07</Percent>
    </Age45To54>
    <Age55To64>
      <Absolute>2518</Absolute>
      <Percent>11.26</Percent>
    </Age55To64>
    <Age5To12>
      <Absolute>1101</Absolute>
      <Percent>4.92</Percent>
    </Age5To12>
    <Age65To74>
      <Absolute>1203</Absolute>
      <Percent>5.38</Percent>
    </Age65To74>
    <Age75To84>
      <Absolute>598</Absolute>
      <Percent>2.67</Percent>
    </Age75To84>
    <Age85Plus>
      <Absolute>374</Absolute>
      <Percent>1.67</Percent>
    </Age85Plus>
    <AgeUnknown>
      <Absolute>3</Absolute>
      <Percent>0.01</Percent>
    </AgeUnknown>
    <MeanAge>38</MeanAge>
    <MedianAge>35</MedianAge>
  </AgeCharacteristics>
  <CCARates>
    <HspcIncidence>
      <ConfirmedCases>441</ConfirmedCases>
      <IncidencePer100k>324.1</IncidencePer100k>
      <Name>DublinSouth</Name>
    </HspcIncidence>
    <HspcIncidence>
      <ConfirmedCases>968</ConfirmedCases>
      <IncidencePer100k>782.5</IncidencePer100k>
      <Name>DublinSouthEast</Name>
    </HspcIncidence>
    <HspcIncidence>
      <ConfirmedCases>505</ConfirmedCases>
      <IncidencePer100k>336.8</IncidencePer100k>
      <Name>DublinSouthCity</Name>
    </HspcIncidence>
    <HspcIncidence>
      <ConfirmedCases>549</ConfirmedCases>
      <IncidencePer100k>341.2</IncidencePer100k>
      <Name>DublinSouthWest</Name>
    </HspcIncidence>
    <HspcIncidence>
      <ConfirmedCases>575</ConfirmedCases>
      <IncidencePer100k>370.1</IncidencePer100k>
      <Name>DublinWest</Name>
    </HspcIncidence>
    <HspcIncidence>
      <ConfirmedCases>1040</ConfirmedCases>
      <IncidencePer100k>500.8</IncidencePer100k>
      <Name>DublinNorthWest</Name>
    </HspcIncidence>
    <HspcIncidence>
      <ConfirmedCases>1015</ConfirmedCases>
      <IncidencePer100k>656.6</IncidencePer100k>
      <Name>DublinNorthCentral</Name>
    </HspcIncidence>
    <HspcIncidence>
      <ConfirmedCases>879</ConfirmedCases>
      <IncidencePer100k>339.2</IncidencePer100k>
      <Name>DublinNorth</Name>
    </HspcIncidence>
  </CCARates>
  <CHORates>
    <HspcIncidence>
      <ConfirmedCases>2941</ConfirmedCases>
      <IncidencePer100k>751.6</IncidencePer100k>
      <Name>CHO1</Name>
    </HspcIncidence>
    <HspcIncidence>
      <ConfirmedCases>1971</ConfirmedCases>
      <IncidencePer100k>435.0</IncidencePer100k>
      <Name>CHO2</Name>
    </HspcIncidence>
    <HspcIncidence>
      <ConfirmedCases>2511</ConfirmedCases>
      <IncidencePer100k>652.2</IncidencePer100k>
      <Name>CHO3</Name>
    </HspcIncidence>
    <HspcIncidence>
      <ConfirmedCases>2882</ConfirmedCases>
      <IncidencePer100k>417.3</IncidencePer100k>
      <Name>CHO4</Name>
    </HspcIncidence>
    <HspcIncidence>
      <ConfirmedCases>1956</ConfirmedCases>
      <IncidencePer100k>383.3</IncidencePer100k>
      <Name>CHO5</Name>
    </HspcIncidence>
    <HspcIncidence>
      <ConfirmedCases>1679</ConfirmedCases>
      <IncidencePer100k>438.2</IncidencePer100k>
      <Name>CHO6</Name>
    </HspcIncidence>
    <HspcIncidence>
      <ConfirmedCases>2254</ConfirmedCases>
      <IncidencePer100k>318.5</IncidencePer100k>
      <Name>CHO7</Name>
    </HspcIncidence>
    <HspcIncidence>
      <ConfirmedCases>3230</ConfirmedCases>
      <IncidencePer100k>521.6</IncidencePer100k>
      <Name>CHO8</Name>
    </HspcIncidence>
    <HspcIncidence>
      <ConfirmedCases>2934</ConfirmedCases>
      <IncidencePer100k>472.2</IncidencePer100k>
      <Name>CHO9</Name>
    </HspcIncidence>
  </CHORates>
  <CountyRates>
    <HspcIncidence>
      <ConfirmedCases>651</ConfirmedCases>
      <IncidencePer100k>1060.5</IncidencePer100k>
      <Name>Monaghan</Name>
    </HspcIncidence>
    <HspcIncidence>
      <ConfirmedCases>1213</ConfirmedCases>
      <IncidencePer100k>941.2</IncidencePer100k>
      <Name>Louth</Name>
    </HspcIncidence>
    <HspcIncidence>
      <ConfirmedCases>1745</ConfirmedCases>
      <IncidencePer100k>895.3</IncidencePer100k>
      <Name>Limerick</Name>
    </HspcIncidence>
    <HspcIncidence>
      <ConfirmedCases>1316</ConfirmedCases>
      <IncidencePer100k>826.7</IncidencePer100k>
      <Name>Donegal</Name>
    </HspcIncidence>
    <HspcIncidence>
      <ConfirmedCases>425</ConfirmedCases>
      <IncidencePer100k>648.5</IncidencePer100k>
      <Name>Sligo</Name>
    </HspcIncidence>
    <HspcIncidence>
      <ConfirmedCases>452</ConfirmedCases>
      <IncidencePer100k>593.4</IncidencePer100k>
      <Name>Cavan</Name>
    </HspcIncidence>
    <HspcIncidence>
      <ConfirmedCases>753</ConfirmedCases>
      <IncidencePer100k>577.0</IncidencePer100k>
      <Name>Mayo</Name>
    </HspcIncidence>
    <HspcIncidence>
      <ConfirmedCases>485</ConfirmedCases>
      <IncidencePer100k>488.8</IncidencePer100k>
      <Name>Kilkenny</Name>
    </HspcIncidence>
    <HspcIncidence>
      <ConfirmedCases>729</ConfirmedCases>
      <IncidencePer100k>486.9</IncidencePer100k>
      <Name>Wexford</Name>
    </HspcIncidence>
    <HspcIncidence>
      <ConfirmedCases>917</ConfirmedCases>
      <IncidencePer100k>470.2</IncidencePer100k>
      <Name>Meath</Name>
    </HspcIncidence>
    <HspcIncidence>
      <ConfirmedCases>670</ConfirmedCases>
      <IncidencePer100k>453.6</IncidencePer100k>
      <Name>Kerry</Name>
    </HspcIncidence>
    <HspcIncidence>
      <ConfirmedCases>5979</ConfirmedCases>
      <IncidencePer100k>443.8</IncidencePer100k>
      <Name>Dublin</Name>
    </HspcIncidence>
    <HspcIncidence>
      <ConfirmedCases>520</ConfirmedCases>
      <IncidencePer100k>437.6</IncidencePer100k>
      <Name>Clare</Name>
    </HspcIncidence>
    <HspcIncidence>
      <ConfirmedCases>2212</ConfirmedCases>
      <IncidencePer100k>407.5</IncidencePer100k>
      <Name>Cork</Name>
    </HspcIncidence>
    <HspcIncidence>
      <ConfirmedCases>344</ConfirmedCases>
      <IncidencePer100k>406.2</IncidencePer100k>
      <Name>Laois</Name>
    </HspcIncidence>
    <HspcIncidence>
      <ConfirmedCases>159</ConfirmedCases>
      <IncidencePer100k>389.0</IncidencePer100k>
      <Name>Longford</Name>
    </HspcIncidence>
    <HspcIncidence>
      <ConfirmedCases>220</ConfirmedCases>
      <IncidencePer100k>386.4</IncidencePer100k>
      <Name>Carlow</Name>
    </HspcIncidence>
    <HspcIncidence>
      <ConfirmedCases>975</ConfirmedCases>
      <IncidencePer100k>377.8</IncidencePer100k>
      <Name>Galway</Name>
    </HspcIncidence>
    <HspcIncidence>
      <ConfirmedCases>294</ConfirmedCases>
      <IncidencePer100k>377.1</IncidencePer100k>
      <Name>Offaly</Name>
    </HspcIncidence>
    <HspcIncidence>
      <ConfirmedCases>243</ConfirmedCases>
      <IncidencePer100k>376.5</IncidencePer100k>
      <Name>Roscommon</Name>
    </HspcIncidence>
    <HspcIncidence>
      <ConfirmedCases>391</ConfirmedCases>
      <IncidencePer100k>336.6</IncidencePer100k>
      <Name>Waterford</Name>
    </HspcIncidence>
    <HspcIncidence>
      <ConfirmedCases>283</ConfirmedCases>
      <IncidencePer100k>318.8</IncidencePer100k>
      <Name>Westmeath</Name>
    </HspcIncidence>
    <HspcIncidence>
      <ConfirmedCases>99</ConfirmedCases>
      <IncidencePer100k>309.0</IncidencePer100k>
      <Name>Leitrim</Name>
    </HspcIncidence>
    <HspcIncidence>
      <ConfirmedCases>617</ConfirmedCases>
      <IncidencePer100k>277.3</IncidencePer100k>
      <Name>Kildare</Name>
    </HspcIncidence>
    <HspcIncidence>
      <ConfirmedCases>400</ConfirmedCases>
      <IncidencePer100k>250.7</IncidencePer100k>
      <Name>Tipperary</Name>
    </HspcIncidence>
    <HspcIncidence>
      <ConfirmedCases>278</ConfirmedCases>
      <IncidencePer100k>195.2</IncidencePer100k>
      <Name>Wicklow</Name>
    </HspcIncidence>
  </CountyRates>
  <FromDate>2020-12-20T00:00:00</FromDate>
  <Hospitalised>
    <HspcHospitalised>
      <CasesAdmittedToIcu>0</CasesAdmittedToIcu>
      <CasesAdmittedToIcuPercent>0</CasesAdmittedToIcuPercent>
      <CasesHospitalised>4</CasesHospitalised>
      <CasesHospitalisedPercent>0.70</CasesHospitalisedPercent>
      <Name>0To4</Name>
      <NumberOfCases>631</NumberOfCases>
    </HspcHospitalised>
    <HspcHospitalised>
      <CasesAdmittedToIcu>0</CasesAdmittedToIcu>
      <CasesAdmittedToIcuPercent>0</CasesAdmittedToIcuPercent>
      <CasesHospitalised>6</CasesHospitalised>
      <CasesHospitalisedPercent>1.05</CasesHospitalisedPercent>
      <Name>5To12</Name>
      <NumberOfCases>1101</NumberOfCases>
    </HspcHospitalised>
    <HspcHospitalised>
      <CasesAdmittedToIcu>0</CasesAdmittedToIcu>
      <CasesAdmittedToIcuPercent>0</CasesAdmittedToIcuPercent>
      <CasesHospitalised>13</CasesHospitalised>
      <CasesHospitalisedPercent>2.27</CasesHospitalisedPercent>
      <Name>13To18</Name>
      <NumberOfCases>1343</NumberOfCases>
    </HspcHospitalised>
    <HspcHospitalised>
      <CasesAdmittedToIcu>0</CasesAdmittedToIcu>
      <CasesAdmittedToIcuPercent>0</CasesAdmittedToIcuPercent>
      <CasesHospitalised>41</CasesHospitalised>
      <CasesHospitalisedPercent>7.17</CasesHospitalisedPercent>
      <Name>19To24</Name>
      <NumberOfCases>3628</NumberOfCases>
    </HspcHospitalised>
    <HspcHospitalised>
      <CasesAdmittedToIcu>2</CasesAdmittedToIcu>
      <CasesAdmittedToIcuPercent>20.00</CasesAdmittedToIcuPercent>
      <CasesHospitalised>61</CasesHospitalised>
      <CasesHospitalisedPercent>10.66</CasesHospitalisedPercent>
      <Name>25To34</Name>
      <NumberOfCases>4412</NumberOfCases>
    </HspcHospitalised>
    <HspcHospitalised>
      <CasesAdmittedToIcu>0</CasesAdmittedToIcu>
      <CasesAdmittedToIcuPercent>0</CasesAdmittedToIcuPercent>
      <CasesHospitalised>50</CasesHospitalised>
      <CasesHospitalisedPercent>8.74</CasesHospitalisedPercent>
      <Name>35To44</Name>
      <NumberOfCases>3412</NumberOfCases>
    </HspcHospitalised>
    <HspcHospitalised>
      <CasesAdmittedToIcu>1</CasesAdmittedToIcu>
      <CasesAdmittedToIcuPercent>10.00</CasesAdmittedToIcuPercent>
      <CasesHospitalised>70</CasesHospitalised>
      <CasesHospitalisedPercent>12.24</CasesHospitalisedPercent>
      <Name>45To54</Name>
      <NumberOfCases>3147</NumberOfCases>
    </HspcHospitalised>
    <HspcHospitalised>
      <CasesAdmittedToIcu>2</CasesAdmittedToIcu>
      <CasesAdmittedToIcuPercent>20.00</CasesAdmittedToIcuPercent>
      <CasesHospitalised>64</CasesHospitalised>
      <CasesHospitalisedPercent>11.19</CasesHospitalisedPercent>
      <Name>55To64</Name>
      <NumberOfCases>2518</NumberOfCases>
    </HspcHospitalised>
    <HspcHospitalised>
      <CasesAdmittedToIcu>5</CasesAdmittedToIcu>
      <CasesAdmittedToIcuPercent>50.00</CasesAdmittedToIcuPercent>
      <CasesHospitalised>92</CasesHospitalised>
      <CasesHospitalisedPercent>16.08</CasesHospitalisedPercent>
      <Name>65To74</Name>
      <NumberOfCases>1203</NumberOfCases>
    </HspcHospitalised>
    <HspcHospitalised>
      <CasesAdmittedToIcu>0</CasesAdmittedToIcu>
      <CasesAdmittedToIcuPercent>0</CasesAdmittedToIcuPercent>
      <CasesHospitalised>98</CasesHospitalised>
      <CasesHospitalisedPercent>17.13</CasesHospitalisedPercent>
      <Name>75To84</Name>
      <NumberOfCases>598</NumberOfCases>
    </HspcHospitalised>
    <HspcHospitalised>
      <CasesAdmittedToIcu>0</CasesAdmittedToIcu>
      <CasesAdmittedToIcuPercent>0</CasesAdmittedToIcuPercent>
      <CasesHospitalised>73</CasesHospitalised>
      <CasesHospitalisedPercent>12.76</CasesHospitalisedPercent>
      <Name>85Plus</Name>
      <NumberOfCases>374</NumberOfCases>
    </HspcHospitalised>
    <HspcHospitalised>
      <CasesAdmittedToIcu>0</CasesAdmittedToIcu>
      <CasesAdmittedToIcuPercent>0</CasesAdmittedToIcuPercent>
      <CasesHospitalised>0</CasesHospitalised>
      <CasesHospitalisedPercent>0</CasesHospitalisedPercent>
      <Name>Unknown</Name>
      <NumberOfCases>3</NumberOfCases>
    </HspcHospitalised>
  </Hospitalised>
  <PreparedDate>2021-01-03T00:00:00</PreparedDate>
  <SexCharacteristics>
    <Female>
      <Absolute>11377</Absolute>
      <Percent>50.86</Percent>
    </Female>
    <Male>
      <Absolute>10920</Absolute>
      <Percent>48.82</Percent>
    </Male>
    <MaleFemaleRatio>0.96</MaleFemaleRatio>
    <Unknown>
      <Absolute>73</Absolute>
      <Percent>0.33</Percent>
    </Unknown>
  </SexCharacteristics>
  <SourceFileName>COVID-19_14_day_epidemiology_report_20210103_Website.pdf</SourceFileName>
  <SymptomStatusAtTimeOfTestCharacteristics>
    <No>
      <Absolute>1139</Absolute>
      <Percent>5.09</Percent>
    </No>
    <Unknown>
      <Absolute>17689</Absolute>
      <Percent>79.07</Percent>
    </Unknown>
    <Yes>
      <Absolute>3542</Absolute>
      <Percent>15.83</Percent>
    </Yes>
  </SymptomStatusAtTimeOfTestCharacteristics>
  <ToDate>2021-01-02T00:00:00</ToDate>
  <TotalConfirmedCases>
    <Absolute>22370</Absolute>
    <Percent>100</Percent>
  </TotalConfirmedCases>
  <UnderlyingConditionsCharacteristics>
    <No>
      <Absolute>3600</Absolute>
      <Percent>16.09</Percent>
    </No>
    <Unknown>
      <Absolute>17585</Absolute>
      <Percent>78.61</Percent>
    </Unknown>
    <Yes>
      <Absolute>1185</Absolute>
      <Percent>5.3</Percent>
    </Yes>
  </UnderlyingConditionsCharacteristics>
</HspcDailyEpidemiology>