﻿<?xml version="1.0" encoding="utf-8"?>
<HspcDailyEpidemiology xmlns:i="http://www.w3.org/2001/XMLSchema-instance" xmlns="http://schemas.datacontract.org/2004/07/CovidStats.DailyEpidemiology">
  <AgeCharacteristics>
    <Age0To4>
      <Absolute>308</Absolute>
      <Percent>2.79</Percent>
    </Age0To4>
    <Age13To18>
      <Absolute>0</Absolute>
      <Percent>0</Percent>
    </Age13To18>
    <Age19To24>
      <Absolute>0</Absolute>
      <Percent>0</Percent>
    </Age19To24>
    <Age25To34>
      <Absolute>1923</Absolute>
      <Percent>17.44</Percent>
    </Age25To34>
    <Age35To44>
      <Absolute>1516</Absolute>
      <Percent>13.75</Percent>
    </Age35To44>
    <Age45To54>
      <Absolute>1433</Absolute>
      <Percent>12.99</Percent>
    </Age45To54>
    <Age55To64>
      <Absolute>1074</Absolute>
      <Percent>9.74</Percent>
    </Age55To64>
    <Age5To12>
      <Absolute>0</Absolute>
      <Percent>0</Percent>
    </Age5To12>
    <Age65To74>
      <Absolute>497</Absolute>
      <Percent>4.51</Percent>
    </Age65To74>
    <Age75To84>
      <Absolute>257</Absolute>
      <Percent>2.33</Percent>
    </Age75To84>
    <Age85Plus>
      <Absolute>147</Absolute>
      <Percent>1.33</Percent>
    </Age85Plus>
    <AgeUnknown>
      <Absolute>2</Absolute>
      <Percent>0.02</Percent>
    </AgeUnknown>
    <MeanAge>35</MeanAge>
    <MedianAge>31</MedianAge>
  </AgeCharacteristics>
  <CCARates />
  <CHORates i:nil="true" />
  <CountyRates>
    <HspcIncidence>
      <ConfirmedCases>66</ConfirmedCases>
      <IncidencePer100k>115.92777348415653762383194000</IncidencePer100k>
      <Name>Carlow</Name>
    </HspcIncidence>
    <HspcIncidence>
      <ConfirmedCases>578</ConfirmedCases>
      <IncidencePer100k>758.76916614156689771056501000</IncidencePer100k>
      <Name>Cavan</Name>
    </HspcIncidence>
    <HspcIncidence>
      <ConfirmedCases>381</ConfirmedCases>
      <IncidencePer100k>320.66118484728616275448799000</IncidencePer100k>
      <Name>Clare</Name>
    </HspcIncidence>
    <HspcIncidence>
      <ConfirmedCases>1390</ConfirmedCases>
      <IncidencePer100k>256.04751062873479372517813000</IncidencePer100k>
      <Name>Cork</Name>
    </HspcIncidence>
    <HspcIncidence>
      <ConfirmedCases>567</ConfirmedCases>
      <IncidencePer100k>356.17367706919945725915875000</IncidencePer100k>
      <Name>Donegal</Name>
    </HspcIncidence>
    <HspcIncidence>
      <ConfirmedCases>2719</ConfirmedCases>
      <IncidencePer100k>202.09573049542069953813061000</IncidencePer100k>
      <Name>Dublin</Name>
    </HspcIncidence>
    <HspcIncidence>
      <ConfirmedCases>678</ConfirmedCases>
      <IncidencePer100k>262.73163397375783738539398000</IncidencePer100k>
      <Name>Galway</Name>
    </HspcIncidence>
    <HspcIncidence>
      <ConfirmedCases>293</ConfirmedCases>
      <IncidencePer100k>198.36568341378539947328156000</IncidencePer100k>
      <Name>Kerry</Name>
    </HspcIncidence>
    <HspcIncidence>
      <ConfirmedCases>462</ConfirmedCases>
      <IncidencePer100k>207.63671664329630029123072000</IncidencePer100k>
      <Name>Kildare</Name>
    </HspcIncidence>
    <HspcIncidence>
      <ConfirmedCases>141</ConfirmedCases>
      <IncidencePer100k>142.09126088358594001934860000</IncidencePer100k>
      <Name>Kilkenny</Name>
    </HspcIncidence>
    <HspcIncidence>
      <ConfirmedCases>128</ConfirmedCases>
      <IncidencePer100k>151.12695845189321935841883000</IncidencePer100k>
      <Name>Laois</Name>
    </HspcIncidence>
    <HspcIncidence>
      <ConfirmedCases>70</ConfirmedCases>
      <IncidencePer100k>218.44963175633503932093372000</IncidencePer100k>
      <Name>Leitrim</Name>
    </HspcIncidence>
    <HspcIncidence>
      <ConfirmedCases>452</ConfirmedCases>
      <IncidencePer100k>231.91499186758269667879261000</IncidencePer100k>
      <Name>Limerick</Name>
    </HspcIncidence>
    <HspcIncidence>
      <ConfirmedCases>87</ConfirmedCases>
      <IncidencePer100k>212.85445159396178406282876000</IncidencePer100k>
      <Name>Longford</Name>
    </HspcIncidence>
    <HspcIncidence>
      <ConfirmedCases>239</ConfirmedCases>
      <IncidencePer100k>185.4380683405232612271500000</IncidencePer100k>
      <Name>Louth</Name>
    </HspcIncidence>
    <HspcIncidence>
      <ConfirmedCases>171</ConfirmedCases>
      <IncidencePer100k>131.02745446604396699027638000</IncidencePer100k>
      <Name>Mayo</Name>
    </HspcIncidence>
    <HspcIncidence>
      <ConfirmedCases>878</ConfirmedCases>
      <IncidencePer100k>450.15483685732450113820471000</IncidencePer100k>
      <Name>Meath</Name>
    </HspcIncidence>
    <HspcIncidence>
      <ConfirmedCases>215</ConfirmedCases>
      <IncidencePer100k>350.24272635454338122698987000</IncidencePer100k>
      <Name>Monaghan</Name>
    </HspcIncidence>
    <HspcIncidence>
      <ConfirmedCases>139</ConfirmedCases>
      <IncidencePer100k>178.29427534279960493067046000</IncidencePer100k>
      <Name>Offaly</Name>
    </HspcIncidence>
    <HspcIncidence>
      <ConfirmedCases>129</ConfirmedCases>
      <IncidencePer100k>199.86365889935547843331681000</IncidencePer100k>
      <Name>Roscommon</Name>
    </HspcIncidence>
    <HspcIncidence>
      <ConfirmedCases>199</ConfirmedCases>
      <IncidencePer100k>303.65453574425879301136797000</IncidencePer100k>
      <Name>Sligo</Name>
    </HspcIncidence>
    <HspcIncidence>
      <ConfirmedCases>149</ConfirmedCases>
      <IncidencePer100k>93.38589684932279556009602000</IncidencePer100k>
      <Name>Tipperary</Name>
    </HspcIncidence>
    <HspcIncidence>
      <ConfirmedCases>152</ConfirmedCases>
      <IncidencePer100k>130.83597300647293761189919000</IncidencePer100k>
      <Name>Waterford</Name>
    </HspcIncidence>
    <HspcIncidence>
      <ConfirmedCases>224</ConfirmedCases>
      <IncidencePer100k>252.33750140813337839360144000</IncidencePer100k>
      <Name>Westmeath</Name>
    </HspcIncidence>
    <HspcIncidence>
      <ConfirmedCases>375</ConfirmedCases>
      <IncidencePer100k>250.46419363887738608888473000</IncidencePer100k>
      <Name>Wexford</Name>
    </HspcIncidence>
    <HspcIncidence>
      <ConfirmedCases>146</ConfirmedCases>
      <IncidencePer100k>102.51009303142004563805512000</IncidencePer100k>
      <Name>Wicklow</Name>
    </HspcIncidence>
  </CountyRates>
  <FromDate>2020-10-03T00:00:00</FromDate>
  <Hospitalised>
    <HspcHospitalised>
      <CasesAdmittedToIcu>0</CasesAdmittedToIcu>
      <CasesAdmittedToIcuPercent>0</CasesAdmittedToIcuPercent>
      <CasesHospitalised>8</CasesHospitalised>
      <CasesHospitalisedPercent>2.68</CasesHospitalisedPercent>
      <Name>0To4</Name>
      <NumberOfCases>308</NumberOfCases>
    </HspcHospitalised>
    <HspcHospitalised>
      <CasesAdmittedToIcu>1</CasesAdmittedToIcu>
      <CasesAdmittedToIcuPercent>4</CasesAdmittedToIcuPercent>
      <CasesHospitalised>6</CasesHospitalised>
      <CasesHospitalisedPercent>2.01</CasesHospitalisedPercent>
      <Name>5To14</Name>
      <NumberOfCases>786</NumberOfCases>
    </HspcHospitalised>
    <HspcHospitalised>
      <CasesAdmittedToIcu>1</CasesAdmittedToIcu>
      <CasesAdmittedToIcuPercent>4</CasesAdmittedToIcuPercent>
      <CasesHospitalised>20</CasesHospitalised>
      <CasesHospitalisedPercent>6.69</CasesHospitalisedPercent>
      <Name>15To24</Name>
      <NumberOfCases>3085</NumberOfCases>
    </HspcHospitalised>
    <HspcHospitalised>
      <CasesAdmittedToIcu>0</CasesAdmittedToIcu>
      <CasesAdmittedToIcuPercent>0</CasesAdmittedToIcuPercent>
      <CasesHospitalised>31</CasesHospitalised>
      <CasesHospitalisedPercent>10.37</CasesHospitalisedPercent>
      <Name>25To34</Name>
      <NumberOfCases>1923</NumberOfCases>
    </HspcHospitalised>
    <HspcHospitalised>
      <CasesAdmittedToIcu>3</CasesAdmittedToIcu>
      <CasesAdmittedToIcuPercent>12</CasesAdmittedToIcuPercent>
      <CasesHospitalised>24</CasesHospitalised>
      <CasesHospitalisedPercent>8.03</CasesHospitalisedPercent>
      <Name>35To44</Name>
      <NumberOfCases>1516</NumberOfCases>
    </HspcHospitalised>
    <HspcHospitalised>
      <CasesAdmittedToIcu>0</CasesAdmittedToIcu>
      <CasesAdmittedToIcuPercent>0</CasesAdmittedToIcuPercent>
      <CasesHospitalised>21</CasesHospitalised>
      <CasesHospitalisedPercent>7.02</CasesHospitalisedPercent>
      <Name>45To54</Name>
      <NumberOfCases>1433</NumberOfCases>
    </HspcHospitalised>
    <HspcHospitalised>
      <CasesAdmittedToIcu>7</CasesAdmittedToIcu>
      <CasesAdmittedToIcuPercent>28</CasesAdmittedToIcuPercent>
      <CasesHospitalised>47</CasesHospitalised>
      <CasesHospitalisedPercent>15.72</CasesHospitalisedPercent>
      <Name>55To64</Name>
      <NumberOfCases>1074</NumberOfCases>
    </HspcHospitalised>
    <HspcHospitalised>
      <CasesAdmittedToIcu>9</CasesAdmittedToIcu>
      <CasesAdmittedToIcuPercent>36</CasesAdmittedToIcuPercent>
      <CasesHospitalised>41</CasesHospitalised>
      <CasesHospitalisedPercent>13.71</CasesHospitalisedPercent>
      <Name>65To74</Name>
      <NumberOfCases>497</NumberOfCases>
    </HspcHospitalised>
    <HspcHospitalised>
      <CasesAdmittedToIcu>4</CasesAdmittedToIcu>
      <CasesAdmittedToIcuPercent>16</CasesAdmittedToIcuPercent>
      <CasesHospitalised>61</CasesHospitalised>
      <CasesHospitalisedPercent>20.4</CasesHospitalisedPercent>
      <Name>75To84</Name>
      <NumberOfCases>257</NumberOfCases>
    </HspcHospitalised>
    <HspcHospitalised>
      <CasesAdmittedToIcu>0</CasesAdmittedToIcu>
      <CasesAdmittedToIcuPercent>0</CasesAdmittedToIcuPercent>
      <CasesHospitalised>39</CasesHospitalised>
      <CasesHospitalisedPercent>13.04</CasesHospitalisedPercent>
      <Name>85Plus</Name>
      <NumberOfCases>147</NumberOfCases>
    </HspcHospitalised>
    <HspcHospitalised>
      <CasesAdmittedToIcu>1</CasesAdmittedToIcu>
      <CasesAdmittedToIcuPercent>0.33</CasesAdmittedToIcuPercent>
      <CasesHospitalised>0</CasesHospitalised>
      <CasesHospitalisedPercent>0</CasesHospitalisedPercent>
      <Name>Unknown</Name>
      <NumberOfCases>2</NumberOfCases>
    </HspcHospitalised>
  </Hospitalised>
  <PreparedDate>2020-10-17T00:00:00</PreparedDate>
  <SexCharacteristics>
    <Female>
      <Absolute>5456</Absolute>
      <Percent>49.47</Percent>
    </Female>
    <Male>
      <Absolute>5560</Absolute>
      <Percent>50.42</Percent>
    </Male>
    <MaleFemaleRatio>1.02</MaleFemaleRatio>
    <Unknown>
      <Absolute>12</Absolute>
      <Percent>0.11</Percent>
    </Unknown>
  </SexCharacteristics>
  <SourceFileName>COVID-19_14_day_epidemiology_report_20201017_Website.pdf</SourceFileName>
  <SymptomStatusAtTimeOfTestCharacteristics>
    <No i:nil="true" />
    <Unknown i:nil="true" />
    <Yes i:nil="true" />
  </SymptomStatusAtTimeOfTestCharacteristics>
  <ToDate>2020-10-16T00:00:00</ToDate>
  <TotalConfirmedCases>
    <Absolute>11028</Absolute>
    <Percent>100</Percent>
  </TotalConfirmedCases>
  <UnderlyingConditionsCharacteristics>
    <No>
      <Absolute>6258</Absolute>
      <Percent>56.75</Percent>
    </No>
    <Unknown>
      <Absolute>3373</Absolute>
      <Percent>30.59</Percent>
    </Unknown>
    <Yes>
      <Absolute>1397</Absolute>
      <Percent>12.67</Percent>
    </Yes>
  </UnderlyingConditionsCharacteristics>
</HspcDailyEpidemiology>