﻿<?xml version="1.0" encoding="utf-8"?>
<HspcDailyEpidemiology xmlns:i="http://www.w3.org/2001/XMLSchema-instance" xmlns="http://schemas.datacontract.org/2004/07/CovidStats.DailyEpidemiology">
  <AgeCharacteristics>
    <Age0To4>
      <Absolute>136</Absolute>
      <Percent>2.45</Percent>
    </Age0To4>
    <Age13To18>
      <Absolute>0</Absolute>
      <Percent>0</Percent>
    </Age13To18>
    <Age19To24>
      <Absolute>0</Absolute>
      <Percent>0</Percent>
    </Age19To24>
    <Age25To34>
      <Absolute>989</Absolute>
      <Percent>17.84</Percent>
    </Age25To34>
    <Age35To44>
      <Absolute>830</Absolute>
      <Percent>14.97</Percent>
    </Age35To44>
    <Age45To54>
      <Absolute>768</Absolute>
      <Percent>13.86</Percent>
    </Age45To54>
    <Age55To64>
      <Absolute>564</Absolute>
      <Percent>10.17</Percent>
    </Age55To64>
    <Age5To12>
      <Absolute>0</Absolute>
      <Percent>0</Percent>
    </Age5To12>
    <Age65To74>
      <Absolute>269</Absolute>
      <Percent>4.85</Percent>
    </Age65To74>
    <Age75To84>
      <Absolute>146</Absolute>
      <Percent>2.63</Percent>
    </Age75To84>
    <Age85Plus>
      <Absolute>68</Absolute>
      <Percent>1.23</Percent>
    </Age85Plus>
    <AgeUnknown>
      <Absolute>0</Absolute>
      <Percent>0</Percent>
    </AgeUnknown>
    <MeanAge>36</MeanAge>
    <MedianAge>33</MedianAge>
  </AgeCharacteristics>
  <CCARates />
  <CHORates i:nil="true" />
  <CountyRates i:nil="true" />
  <FromDate>2020-09-22T00:00:00</FromDate>
  <Hospitalised i:nil="true" />
  <PreparedDate>2020-10-06T00:00:00</PreparedDate>
  <SexCharacteristics>
    <Female>
      <Absolute>2761</Absolute>
      <Percent>49.81</Percent>
    </Female>
    <Male>
      <Absolute>2773</Absolute>
      <Percent>50.03</Percent>
    </Male>
    <MaleFemaleRatio>1</MaleFemaleRatio>
    <Unknown>
      <Absolute>9</Absolute>
      <Percent>0.16</Percent>
    </Unknown>
  </SexCharacteristics>
  <SourceFileName>COVID-19_14_day_epidemiology_report_20201006_Website.pdf</SourceFileName>
  <SymptomStatusAtTimeOfTestCharacteristics>
    <No i:nil="true" />
    <Unknown i:nil="true" />
    <Yes i:nil="true" />
  </SymptomStatusAtTimeOfTestCharacteristics>
  <ToDate>2020-10-05T00:00:00</ToDate>
  <TotalConfirmedCases>
    <Absolute>5543</Absolute>
    <Percent>100</Percent>
  </TotalConfirmedCases>
  <UnderlyingConditionsCharacteristics>
    <No>
      <Absolute>3712</Absolute>
      <Percent>66.97</Percent>
    </No>
    <Unknown>
      <Absolute>591</Absolute>
      <Percent>10.66</Percent>
    </Unknown>
    <Yes>
      <Absolute>1240</Absolute>
      <Percent>22.37</Percent>
    </Yes>
  </UnderlyingConditionsCharacteristics>
</HspcDailyEpidemiology>