﻿<?xml version="1.0" encoding="utf-8"?>
<HspcDailyEpidemiology xmlns:i="http://www.w3.org/2001/XMLSchema-instance" xmlns="http://schemas.datacontract.org/2004/07/CovidStats.DailyEpidemiology">
  <AgeCharacteristics>
    <Age0To4>
      <Absolute>514</Absolute>
      <Percent>3.51</Percent>
    </Age0To4>
    <Age13To18>
      <Absolute>0</Absolute>
      <Percent>0</Percent>
    </Age13To18>
    <Age19To24>
      <Absolute>0</Absolute>
      <Percent>0</Percent>
    </Age19To24>
    <Age25To34>
      <Absolute>2335</Absolute>
      <Percent>15.95</Percent>
    </Age25To34>
    <Age35To44>
      <Absolute>2008</Absolute>
      <Percent>13.71</Percent>
    </Age35To44>
    <Age45To54>
      <Absolute>1919</Absolute>
      <Percent>13.1</Percent>
    </Age45To54>
    <Age55To64>
      <Absolute>1512</Absolute>
      <Percent>10.33</Percent>
    </Age55To64>
    <Age5To12>
      <Absolute>0</Absolute>
      <Percent>0</Percent>
    </Age5To12>
    <Age65To74>
      <Absolute>711</Absolute>
      <Percent>4.86</Percent>
    </Age65To74>
    <Age75To84>
      <Absolute>355</Absolute>
      <Percent>2.42</Percent>
    </Age75To84>
    <Age85Plus>
      <Absolute>209</Absolute>
      <Percent>1.43</Percent>
    </Age85Plus>
    <AgeUnknown>
      <Absolute>3</Absolute>
      <Percent>0.02</Percent>
    </AgeUnknown>
    <MeanAge>35</MeanAge>
    <MedianAge>32</MedianAge>
  </AgeCharacteristics>
  <CCARates>
    <HspcIncidence>
      <ConfirmedCases>155</ConfirmedCases>
      <IncidencePer100k>113.9</IncidencePer100k>
      <Name>DublinSouth</Name>
    </HspcIncidence>
    <HspcIncidence>
      <ConfirmedCases>330</ConfirmedCases>
      <IncidencePer100k>266.8</IncidencePer100k>
      <Name>DublinSouthEast</Name>
    </HspcIncidence>
    <HspcIncidence>
      <ConfirmedCases>253</ConfirmedCases>
      <IncidencePer100k>168.7</IncidencePer100k>
      <Name>DublinSouthCity</Name>
    </HspcIncidence>
    <HspcIncidence>
      <ConfirmedCases>333</ConfirmedCases>
      <IncidencePer100k>207.0</IncidencePer100k>
      <Name>DublinSouthWest</Name>
    </HspcIncidence>
    <HspcIncidence>
      <ConfirmedCases>530</ConfirmedCases>
      <IncidencePer100k>341.2</IncidencePer100k>
      <Name>DublinWest</Name>
    </HspcIncidence>
    <HspcIncidence>
      <ConfirmedCases>826</ConfirmedCases>
      <IncidencePer100k>397.7</IncidencePer100k>
      <Name>DublinNorthWest</Name>
    </HspcIncidence>
    <HspcIncidence>
      <ConfirmedCases>469</ConfirmedCases>
      <IncidencePer100k>303.4</IncidencePer100k>
      <Name>DublinNorthCentral</Name>
    </HspcIncidence>
    <HspcIncidence>
      <ConfirmedCases>561</ConfirmedCases>
      <IncidencePer100k>216.5</IncidencePer100k>
      <Name>DublinNorth</Name>
    </HspcIncidence>
  </CCARates>
  <CHORates>
    <HspcIncidence>
      <ConfirmedCases>1836</ConfirmedCases>
      <IncidencePer100k>469.2</IncidencePer100k>
      <Name>CHO1</Name>
    </HspcIncidence>
    <HspcIncidence>
      <ConfirmedCases>1462</ConfirmedCases>
      <IncidencePer100k>322.7</IncidencePer100k>
      <Name>CHO2</Name>
    </HspcIncidence>
    <HspcIncidence>
      <ConfirmedCases>1003</ConfirmedCases>
      <IncidencePer100k>260.5</IncidencePer100k>
      <Name>CHO3</Name>
    </HspcIncidence>
    <HspcIncidence>
      <ConfirmedCases>2317</ConfirmedCases>
      <IncidencePer100k>335.5</IncidencePer100k>
      <Name>CHO4</Name>
    </HspcIncidence>
    <HspcIncidence>
      <ConfirmedCases>1131</ConfirmedCases>
      <IncidencePer100k>221.6</IncidencePer100k>
      <Name>CHO5</Name>
    </HspcIncidence>
    <HspcIncidence>
      <ConfirmedCases>687</ConfirmedCases>
      <IncidencePer100k>179.3</IncidencePer100k>
      <Name>CHO6</Name>
    </HspcIncidence>
    <HspcIncidence>
      <ConfirmedCases>1797</ConfirmedCases>
      <IncidencePer100k>253.9</IncidencePer100k>
      <Name>CHO7</Name>
    </HspcIncidence>
    <HspcIncidence>
      <ConfirmedCases>2550</ConfirmedCases>
      <IncidencePer100k>411.8</IncidencePer100k>
      <Name>CHO8</Name>
    </HspcIncidence>
    <HspcIncidence>
      <ConfirmedCases>1856</ConfirmedCases>
      <IncidencePer100k>298.7</IncidencePer100k>
      <Name>CHO9</Name>
    </HspcIncidence>
  </CHORates>
  <CountyRates>
    <HspcIncidence>
      <ConfirmedCases>736</ConfirmedCases>
      <IncidencePer100k>966.2</IncidencePer100k>
      <Name>Cavan</Name>
    </HspcIncidence>
    <HspcIncidence>
      <ConfirmedCases>1282</ConfirmedCases>
      <IncidencePer100k>657.3</IncidencePer100k>
      <Name>Meath</Name>
    </HspcIncidence>
    <HspcIncidence>
      <ConfirmedCases>395</ConfirmedCases>
      <IncidencePer100k>445.0</IncidencePer100k>
      <Name>Westmeath</Name>
    </HspcIncidence>
    <HspcIncidence>
      <ConfirmedCases>280</ConfirmedCases>
      <IncidencePer100k>427.3</IncidencePer100k>
      <Name>Sligo</Name>
    </HspcIncidence>
    <HspcIncidence>
      <ConfirmedCases>230</ConfirmedCases>
      <IncidencePer100k>374.7</IncidencePer100k>
      <Name>Monaghan</Name>
    </HspcIncidence>
    <HspcIncidence>
      <ConfirmedCases>964</ConfirmedCases>
      <IncidencePer100k>373.6</IncidencePer100k>
      <Name>Galway</Name>
    </HspcIncidence>
    <HspcIncidence>
      <ConfirmedCases>1887</ConfirmedCases>
      <IncidencePer100k>347.6</IncidencePer100k>
      <Name>Cork</Name>
    </HspcIncidence>
    <HspcIncidence>
      <ConfirmedCases>513</ConfirmedCases>
      <IncidencePer100k>322.3</IncidencePer100k>
      <Name>Donegal</Name>
    </HspcIncidence>
    <HspcIncidence>
      <ConfirmedCases>469</ConfirmedCases>
      <IncidencePer100k>313.2</IncidencePer100k>
      <Name>Wexford</Name>
    </HspcIncidence>
    <HspcIncidence>
      <ConfirmedCases>675</ConfirmedCases>
      <IncidencePer100k>303.4</IncidencePer100k>
      <Name>Kildare</Name>
    </HspcIncidence>
    <HspcIncidence>
      <ConfirmedCases>575</ConfirmedCases>
      <IncidencePer100k>295.0</IncidencePer100k>
      <Name>Limerick</Name>
    </HspcIncidence>
    <HspcIncidence>
      <ConfirmedCases>431</ConfirmedCases>
      <IncidencePer100k>291.8</IncidencePer100k>
      <Name>Kerry</Name>
    </HspcIncidence>
    <HspcIncidence>
      <ConfirmedCases>166</ConfirmedCases>
      <IncidencePer100k>291.6</IncidencePer100k>
      <Name>Carlow</Name>
    </HspcIncidence>
    <HspcIncidence>
      <ConfirmedCases>368</ConfirmedCases>
      <IncidencePer100k>285.5</IncidencePer100k>
      <Name>Louth</Name>
    </HspcIncidence>
    <HspcIncidence>
      <ConfirmedCases>115</ConfirmedCases>
      <IncidencePer100k>281.4</IncidencePer100k>
      <Name>Longford</Name>
    </HspcIncidence>
    <HspcIncidence>
      <ConfirmedCases>177</ConfirmedCases>
      <IncidencePer100k>274.2</IncidencePer100k>
      <Name>Roscommon</Name>
    </HspcIncidence>
    <HspcIncidence>
      <ConfirmedCases>314</ConfirmedCases>
      <IncidencePer100k>264.3</IncidencePer100k>
      <Name>Clare</Name>
    </HspcIncidence>
    <HspcIncidence>
      <ConfirmedCases>3461</ConfirmedCases>
      <IncidencePer100k>256.9</IncidencePer100k>
      <Name>Dublin</Name>
    </HspcIncidence>
    <HspcIncidence>
      <ConfirmedCases>321</ConfirmedCases>
      <IncidencePer100k>246.0</IncidencePer100k>
      <Name>Mayo</Name>
    </HspcIncidence>
    <HspcIncidence>
      <ConfirmedCases>78</ConfirmedCases>
      <IncidencePer100k>243.4</IncidencePer100k>
      <Name>Leitrim</Name>
    </HspcIncidence>
    <HspcIncidence>
      <ConfirmedCases>197</ConfirmedCases>
      <IncidencePer100k>232.6</IncidencePer100k>
      <Name>Laois</Name>
    </HspcIncidence>
    <HspcIncidence>
      <ConfirmedCases>175</ConfirmedCases>
      <IncidencePer100k>224.5</IncidencePer100k>
      <Name>Offaly</Name>
    </HspcIncidence>
    <HspcIncidence>
      <ConfirmedCases>238</ConfirmedCases>
      <IncidencePer100k>204.9</IncidencePer100k>
      <Name>Waterford</Name>
    </HspcIncidence>
    <HspcIncidence>
      <ConfirmedCases>174</ConfirmedCases>
      <IncidencePer100k>175.3</IncidencePer100k>
      <Name>Kilkenny</Name>
    </HspcIncidence>
    <HspcIncidence>
      <ConfirmedCases>208</ConfirmedCases>
      <IncidencePer100k>146.0</IncidencePer100k>
      <Name>Wicklow</Name>
    </HspcIncidence>
    <HspcIncidence>
      <ConfirmedCases>215</ConfirmedCases>
      <IncidencePer100k>134.8</IncidencePer100k>
      <Name>Tipperary</Name>
    </HspcIncidence>
  </CountyRates>
  <FromDate>2020-10-11T00:00:00</FromDate>
  <Hospitalised>
    <HspcHospitalised>
      <CasesAdmittedToIcu>0</CasesAdmittedToIcu>
      <CasesAdmittedToIcuPercent>0</CasesAdmittedToIcuPercent>
      <CasesHospitalised>5</CasesHospitalised>
      <CasesHospitalisedPercent>1.45</CasesHospitalisedPercent>
      <Name>0To4</Name>
      <NumberOfCases>514</NumberOfCases>
    </HspcHospitalised>
    <HspcHospitalised>
      <CasesAdmittedToIcu>1</CasesAdmittedToIcu>
      <CasesAdmittedToIcuPercent>4.76</CasesAdmittedToIcuPercent>
      <CasesHospitalised>7</CasesHospitalised>
      <CasesHospitalisedPercent>2.03</CasesHospitalisedPercent>
      <Name>5To14</Name>
      <NumberOfCases>1314</NumberOfCases>
    </HspcHospitalised>
    <HspcHospitalised>
      <CasesAdmittedToIcu>1</CasesAdmittedToIcu>
      <CasesAdmittedToIcuPercent>4.76</CasesAdmittedToIcuPercent>
      <CasesHospitalised>17</CasesHospitalised>
      <CasesHospitalisedPercent>4.93</CasesHospitalisedPercent>
      <Name>15To24</Name>
      <NumberOfCases>3764</NumberOfCases>
    </HspcHospitalised>
    <HspcHospitalised>
      <CasesAdmittedToIcu>0</CasesAdmittedToIcu>
      <CasesAdmittedToIcuPercent>0</CasesAdmittedToIcuPercent>
      <CasesHospitalised>25</CasesHospitalised>
      <CasesHospitalisedPercent>7.25</CasesHospitalisedPercent>
      <Name>25To34</Name>
      <NumberOfCases>2335</NumberOfCases>
    </HspcHospitalised>
    <HspcHospitalised>
      <CasesAdmittedToIcu>3</CasesAdmittedToIcu>
      <CasesAdmittedToIcuPercent>14.29</CasesAdmittedToIcuPercent>
      <CasesHospitalised>26</CasesHospitalised>
      <CasesHospitalisedPercent>7.54</CasesHospitalisedPercent>
      <Name>35To44</Name>
      <NumberOfCases>2008</NumberOfCases>
    </HspcHospitalised>
    <HspcHospitalised>
      <CasesAdmittedToIcu>2</CasesAdmittedToIcu>
      <CasesAdmittedToIcuPercent>9.52</CasesAdmittedToIcuPercent>
      <CasesHospitalised>37</CasesHospitalised>
      <CasesHospitalisedPercent>10.72</CasesHospitalisedPercent>
      <Name>45To54</Name>
      <NumberOfCases>1919</NumberOfCases>
    </HspcHospitalised>
    <HspcHospitalised>
      <CasesAdmittedToIcu>2</CasesAdmittedToIcu>
      <CasesAdmittedToIcuPercent>9.52</CasesAdmittedToIcuPercent>
      <CasesHospitalised>48</CasesHospitalised>
      <CasesHospitalisedPercent>13.91</CasesHospitalisedPercent>
      <Name>55To64</Name>
      <NumberOfCases>1512</NumberOfCases>
    </HspcHospitalised>
    <HspcHospitalised>
      <CasesAdmittedToIcu>8</CasesAdmittedToIcu>
      <CasesAdmittedToIcuPercent>38.1</CasesAdmittedToIcuPercent>
      <CasesHospitalised>61</CasesHospitalised>
      <CasesHospitalisedPercent>17.68</CasesHospitalisedPercent>
      <Name>65To74</Name>
      <NumberOfCases>711</NumberOfCases>
    </HspcHospitalised>
    <HspcHospitalised>
      <CasesAdmittedToIcu>4</CasesAdmittedToIcu>
      <CasesAdmittedToIcuPercent>19.05</CasesAdmittedToIcuPercent>
      <CasesHospitalised>78</CasesHospitalised>
      <CasesHospitalisedPercent>22.61</CasesHospitalisedPercent>
      <Name>75To84</Name>
      <NumberOfCases>355</NumberOfCases>
    </HspcHospitalised>
    <HspcHospitalised>
      <CasesAdmittedToIcu>0</CasesAdmittedToIcu>
      <CasesAdmittedToIcuPercent>0</CasesAdmittedToIcuPercent>
      <CasesHospitalised>41</CasesHospitalised>
      <CasesHospitalisedPercent>11.88</CasesHospitalisedPercent>
      <Name>85Plus</Name>
      <NumberOfCases>209</NumberOfCases>
    </HspcHospitalised>
    <HspcHospitalised>
      <CasesAdmittedToIcu>0</CasesAdmittedToIcu>
      <CasesAdmittedToIcuPercent>0</CasesAdmittedToIcuPercent>
      <CasesHospitalised>0</CasesHospitalised>
      <CasesHospitalisedPercent>0</CasesHospitalisedPercent>
      <Name>Unknown</Name>
      <NumberOfCases>3</NumberOfCases>
    </HspcHospitalised>
  </Hospitalised>
  <PreparedDate>2020-10-25T00:00:00</PreparedDate>
  <SexCharacteristics>
    <Female>
      <Absolute>7338</Absolute>
      <Percent>50.11</Percent>
    </Female>
    <Male>
      <Absolute>7285</Absolute>
      <Percent>49.75</Percent>
    </Male>
    <MaleFemaleRatio>0.99</MaleFemaleRatio>
    <Unknown>
      <Absolute>21</Absolute>
      <Percent>0.14</Percent>
    </Unknown>
  </SexCharacteristics>
  <SourceFileName>COVID-19_14_day_epidemiology_report_20201025_Website.pdf</SourceFileName>
  <SymptomStatusAtTimeOfTestCharacteristics>
    <No i:nil="true" />
    <Unknown i:nil="true" />
    <Yes i:nil="true" />
  </SymptomStatusAtTimeOfTestCharacteristics>
  <ToDate>2020-10-24T00:00:00</ToDate>
  <TotalConfirmedCases>
    <Absolute>14644</Absolute>
    <Percent>100</Percent>
  </TotalConfirmedCases>
  <UnderlyingConditionsCharacteristics>
    <No i:nil="true" />
    <Unknown i:nil="true" />
    <Yes i:nil="true" />
  </UnderlyingConditionsCharacteristics>
</HspcDailyEpidemiology>