﻿<?xml version="1.0" encoding="utf-8"?>
<HspcDailyEpidemiology xmlns:i="http://www.w3.org/2001/XMLSchema-instance" xmlns="http://schemas.datacontract.org/2004/07/CovidStats.DailyEpidemiology">
  <AgeCharacteristics>
    <Age0To4>
      <Absolute>110</Absolute>
      <Percent>4.11</Percent>
    </Age0To4>
    <Age13To18>
      <Absolute>0</Absolute>
      <Percent>0</Percent>
    </Age13To18>
    <Age19To24>
      <Absolute>0</Absolute>
      <Percent>0</Percent>
    </Age19To24>
    <Age25To34>
      <Absolute>475</Absolute>
      <Percent>17.73</Percent>
    </Age25To34>
    <Age35To44>
      <Absolute>388</Absolute>
      <Percent>14.48</Percent>
    </Age35To44>
    <Age45To54>
      <Absolute>354</Absolute>
      <Percent>13.21</Percent>
    </Age45To54>
    <Age55To64>
      <Absolute>263</Absolute>
      <Percent>9.82</Percent>
    </Age55To64>
    <Age5To12>
      <Absolute>0</Absolute>
      <Percent>0</Percent>
    </Age5To12>
    <Age65To74>
      <Absolute>165</Absolute>
      <Percent>6.16</Percent>
    </Age65To74>
    <Age75To84>
      <Absolute>63</Absolute>
      <Percent>2.35</Percent>
    </Age75To84>
    <Age85Plus>
      <Absolute>37</Absolute>
      <Percent>1.38</Percent>
    </Age85Plus>
    <AgeUnknown>
      <Absolute>1</Absolute>
      <Percent>0.04</Percent>
    </AgeUnknown>
    <MeanAge>36</MeanAge>
    <MedianAge>33</MedianAge>
  </AgeCharacteristics>
  <CCARates>
    <HspcIncidence>
      <ConfirmedCases>68</ConfirmedCases>
      <IncidencePer100k>50.0</IncidencePer100k>
      <Name>DublinSouth</Name>
    </HspcIncidence>
    <HspcIncidence>
      <ConfirmedCases>166</ConfirmedCases>
      <IncidencePer100k>134.2</IncidencePer100k>
      <Name>DublinSouthEast</Name>
    </HspcIncidence>
    <HspcIncidence>
      <ConfirmedCases>142</ConfirmedCases>
      <IncidencePer100k>94.7</IncidencePer100k>
      <Name>DublinSouthCity</Name>
    </HspcIncidence>
    <HspcIncidence>
      <ConfirmedCases>185</ConfirmedCases>
      <IncidencePer100k>115.0</IncidencePer100k>
      <Name>DublinSouthWest</Name>
    </HspcIncidence>
    <HspcIncidence>
      <ConfirmedCases>167</ConfirmedCases>
      <IncidencePer100k>107.5</IncidencePer100k>
      <Name>DublinWest</Name>
    </HspcIncidence>
    <HspcIncidence>
      <ConfirmedCases>336</ConfirmedCases>
      <IncidencePer100k>161.8</IncidencePer100k>
      <Name>DublinNorthWest</Name>
    </HspcIncidence>
    <HspcIncidence>
      <ConfirmedCases>165</ConfirmedCases>
      <IncidencePer100k>106.7</IncidencePer100k>
      <Name>DublinNorthCentral</Name>
    </HspcIncidence>
    <HspcIncidence>
      <ConfirmedCases>248</ConfirmedCases>
      <IncidencePer100k>95.7</IncidencePer100k>
      <Name>DublinNorth</Name>
    </HspcIncidence>
  </CCARates>
  <CHORates>
    <HspcIncidence>
      <ConfirmedCases>135</ConfirmedCases>
      <IncidencePer100k>34.5</IncidencePer100k>
      <Name>CHO1</Name>
    </HspcIncidence>
    <HspcIncidence>
      <ConfirmedCases>102</ConfirmedCases>
      <IncidencePer100k>22.5</IncidencePer100k>
      <Name>CHO2</Name>
    </HspcIncidence>
    <HspcIncidence>
      <ConfirmedCases>142</ConfirmedCases>
      <IncidencePer100k>36.9</IncidencePer100k>
      <Name>CHO3</Name>
    </HspcIncidence>
    <HspcIncidence>
      <ConfirmedCases>94</ConfirmedCases>
      <IncidencePer100k>13.6</IncidencePer100k>
      <Name>CHO4</Name>
    </HspcIncidence>
    <HspcIncidence>
      <ConfirmedCases>209</ConfirmedCases>
      <IncidencePer100k>41.0</IncidencePer100k>
      <Name>CHO5</Name>
    </HspcIncidence>
    <HspcIncidence>
      <ConfirmedCases>306</ConfirmedCases>
      <IncidencePer100k>79.9</IncidencePer100k>
      <Name>CHO6</Name>
    </HspcIncidence>
    <HspcIncidence>
      <ConfirmedCases>618</ConfirmedCases>
      <IncidencePer100k>87.3</IncidencePer100k>
      <Name>CHO7</Name>
    </HspcIncidence>
    <HspcIncidence>
      <ConfirmedCases>324</ConfirmedCases>
      <IncidencePer100k>52.3</IncidencePer100k>
      <Name>CHO8</Name>
    </HspcIncidence>
    <HspcIncidence>
      <ConfirmedCases>749</ConfirmedCases>
      <IncidencePer100k>120.5</IncidencePer100k>
      <Name>CHO9</Name>
    </HspcIncidence>
  </CHORates>
  <CountyRates>
    <HspcIncidence>
      <ConfirmedCases>21</ConfirmedCases>
      <IncidencePer100k>36.886109744958898334855620000</IncidencePer100k>
      <Name>Carlow</Name>
    </HspcIncidence>
    <HspcIncidence>
      <ConfirmedCases>14</ConfirmedCases>
      <IncidencePer100k>18.378491913463558076034450000</IncidencePer100k>
      <Name>Cavan</Name>
    </HspcIncidence>
    <HspcIncidence>
      <ConfirmedCases>34</ConfirmedCases>
      <IncidencePer100k>28.615433818392990901975310000</IncidencePer100k>
      <Name>Clare</Name>
    </HspcIncidence>
    <HspcIncidence>
      <ConfirmedCases>61</ConfirmedCases>
      <IncidencePer100k>11.236617372915699580745230000</IncidencePer100k>
      <Name>Cork</Name>
    </HspcIncidence>
    <HspcIncidence>
      <ConfirmedCases>73</ConfirmedCases>
      <IncidencePer100k>45.856575707321975978692400000</IncidencePer100k>
      <Name>Donegal</Name>
    </HspcIncidence>
    <HspcIncidence>
      <ConfirmedCases>1477</ConfirmedCases>
      <IncidencePer100k>109.78131443241499566672266000</IncidencePer100k>
      <Name>Dublin</Name>
    </HspcIncidence>
    <HspcIncidence>
      <ConfirmedCases>57</ConfirmedCases>
      <IncidencePer100k>22.088057723457517302311880000</IncidencePer100k>
      <Name>Galway</Name>
    </HspcIncidence>
    <HspcIncidence>
      <ConfirmedCases>33</ConfirmedCases>
      <IncidencePer100k>22.341527483463884582314990000</IncidencePer100k>
      <Name>Kerry</Name>
    </HspcIncidence>
    <HspcIncidence>
      <ConfirmedCases>122</ConfirmedCases>
      <IncidencePer100k>54.830474957753568475173480000</IncidencePer100k>
      <Name>Kildare</Name>
    </HspcIncidence>
    <HspcIncidence>
      <ConfirmedCases>31</ConfirmedCases>
      <IncidencePer100k>31.239922605611093195743310000</IncidencePer100k>
      <Name>Kilkenny</Name>
    </HspcIncidence>
    <HspcIncidence>
      <ConfirmedCases>38</ConfirmedCases>
      <IncidencePer100k>44.865815790405799497030590000</IncidencePer100k>
      <Name>Laois</Name>
    </HspcIncidence>
    <HspcIncidence>
      <ConfirmedCases>26</ConfirmedCases>
      <IncidencePer100k>81.13843465235301460491824000</IncidencePer100k>
      <Name>Leitrim</Name>
    </HspcIncidence>
    <HspcIncidence>
      <ConfirmedCases>102</ConfirmedCases>
      <IncidencePer100k>52.334799049764236861143460000</IncidencePer100k>
      <Name>Limerick</Name>
    </HspcIncidence>
    <HspcIncidence>
      <ConfirmedCases>21</ConfirmedCases>
      <IncidencePer100k>51.378660729576982359993150000</IncidencePer100k>
      <Name>Longford</Name>
    </HspcIncidence>
    <HspcIncidence>
      <ConfirmedCases>114</ConfirmedCases>
      <IncidencePer100k>88.45163092393159740541883000</IncidencePer100k>
      <Name>Louth</Name>
    </HspcIncidence>
    <HspcIncidence>
      <ConfirmedCases>26</ConfirmedCases>
      <IncidencePer100k>19.922303018228907261679450000</IncidencePer100k>
      <Name>Mayo</Name>
    </HspcIncidence>
    <HspcIncidence>
      <ConfirmedCases>58</ConfirmedCases>
      <IncidencePer100k>29.736879883513463628719670000</IncidencePer100k>
      <Name>Meath</Name>
    </HspcIncidence>
    <HspcIncidence>
      <ConfirmedCases>17</ConfirmedCases>
      <IncidencePer100k>27.693610921056918515622450000</IncidencePer100k>
      <Name>Monaghan</Name>
    </HspcIncidence>
    <HspcIncidence>
      <ConfirmedCases>49</ConfirmedCases>
      <IncidencePer100k>62.851938789907774400020520000</IncidencePer100k>
      <Name>Offaly</Name>
    </HspcIncidence>
    <HspcIncidence>
      <ConfirmedCases>19</ConfirmedCases>
      <IncidencePer100k>29.437283093703520079325730000</IncidencePer100k>
      <Name>Roscommon</Name>
    </HspcIncidence>
    <HspcIncidence>
      <ConfirmedCases>5</ConfirmedCases>
      <IncidencePer100k>7.6295109483482108796826100000</IncidencePer100k>
      <Name>Sligo</Name>
    </HspcIncidence>
    <HspcIncidence>
      <ConfirmedCases>30</ConfirmedCases>
      <IncidencePer100k>18.802529566977744072502550000</IncidencePer100k>
      <Name>Tipperary</Name>
    </HspcIncidence>
    <HspcIncidence>
      <ConfirmedCases>83</ConfirmedCases>
      <IncidencePer100k>71.443327365376669880181790000</IncidencePer100k>
      <Name>Waterford</Name>
    </HspcIncidence>
    <HspcIncidence>
      <ConfirmedCases>43</ConfirmedCases>
      <IncidencePer100k>48.439788216739889602343130000</IncidencePer100k>
      <Name>Westmeath</Name>
    </HspcIncidence>
    <HspcIncidence>
      <ConfirmedCases>51</ConfirmedCases>
      <IncidencePer100k>34.063130334887324508088320000</IncidencePer100k>
      <Name>Wexford</Name>
    </HspcIncidence>
    <HspcIncidence>
      <ConfirmedCases>74</ConfirmedCases>
      <IncidencePer100k>51.957170440582762857644370000</IncidencePer100k>
      <Name>Wicklow</Name>
    </HspcIncidence>
  </CountyRates>
  <FromDate>2020-09-02T00:00:00</FromDate>
  <Hospitalised i:nil="true" />
  <PreparedDate>2020-09-16T00:00:00</PreparedDate>
  <SexCharacteristics>
    <Female>
      <Absolute>1362</Absolute>
      <Percent>50.84</Percent>
    </Female>
    <Male>
      <Absolute>1311</Absolute>
      <Percent>48.94</Percent>
    </Male>
    <MaleFemaleRatio>0.96</MaleFemaleRatio>
    <Unknown>
      <Absolute>6</Absolute>
      <Percent>0.22</Percent>
    </Unknown>
  </SexCharacteristics>
  <SourceFileName>COVID-19_14_day_epidemiology_report_website__20200916 (1).pdf</SourceFileName>
  <SymptomStatusAtTimeOfTestCharacteristics>
    <No i:nil="true" />
    <Unknown i:nil="true" />
    <Yes i:nil="true" />
  </SymptomStatusAtTimeOfTestCharacteristics>
  <ToDate>2020-09-15T00:00:00</ToDate>
  <TotalConfirmedCases>
    <Absolute>2679</Absolute>
    <Percent>100</Percent>
  </TotalConfirmedCases>
  <UnderlyingConditionsCharacteristics>
    <No>
      <Absolute>1596</Absolute>
      <Percent>59.57</Percent>
    </No>
    <Unknown>
      <Absolute>330</Absolute>
      <Percent>12.32</Percent>
    </Unknown>
    <Yes>
      <Absolute>753</Absolute>
      <Percent>28.11</Percent>
    </Yes>
  </UnderlyingConditionsCharacteristics>
</HspcDailyEpidemiology>