﻿<?xml version="1.0" encoding="utf-8"?>
<HspcDailyEpidemiology xmlns:i="http://www.w3.org/2001/XMLSchema-instance" xmlns="http://schemas.datacontract.org/2004/07/CovidStats.DailyEpidemiology">
  <AgeCharacteristics>
    <Age0To4>
      <Absolute>457</Absolute>
      <Percent>3.23</Percent>
    </Age0To4>
    <Age13To18>
      <Absolute>834</Absolute>
      <Percent>5.9</Percent>
    </Age13To18>
    <Age19To24>
      <Absolute>2179</Absolute>
      <Percent>15.42</Percent>
    </Age19To24>
    <Age25To34>
      <Absolute>2784</Absolute>
      <Percent>19.71</Percent>
    </Age25To34>
    <Age35To44>
      <Absolute>2196</Absolute>
      <Percent>15.54</Percent>
    </Age35To44>
    <Age45To54>
      <Absolute>1941</Absolute>
      <Percent>13.74</Percent>
    </Age45To54>
    <Age55To64>
      <Absolute>1543</Absolute>
      <Percent>10.92</Percent>
    </Age55To64>
    <Age5To12>
      <Absolute>805</Absolute>
      <Percent>5.7</Percent>
    </Age5To12>
    <Age65To74>
      <Absolute>729</Absolute>
      <Percent>5.16</Percent>
    </Age65To74>
    <Age75To84>
      <Absolute>404</Absolute>
      <Percent>2.86</Percent>
    </Age75To84>
    <Age85Plus>
      <Absolute>253</Absolute>
      <Percent>1.79</Percent>
    </Age85Plus>
    <AgeUnknown>
      <Absolute>3</Absolute>
      <Percent>0.02</Percent>
    </AgeUnknown>
    <MeanAge>37</MeanAge>
    <MedianAge>35</MedianAge>
  </AgeCharacteristics>
  <CCARates>
    <HspcIncidence>
      <ConfirmedCases>306</ConfirmedCases>
      <IncidencePer100k>224.9</IncidencePer100k>
      <Name>DublinSouth</Name>
    </HspcIncidence>
    <HspcIncidence>
      <ConfirmedCases>764</ConfirmedCases>
      <IncidencePer100k>617.6</IncidencePer100k>
      <Name>DublinSouthEast</Name>
    </HspcIncidence>
    <HspcIncidence>
      <ConfirmedCases>347</ConfirmedCases>
      <IncidencePer100k>231.4</IncidencePer100k>
      <Name>DublinSouthCity</Name>
    </HspcIncidence>
    <HspcIncidence>
      <ConfirmedCases>373</ConfirmedCases>
      <IncidencePer100k>231.8</IncidencePer100k>
      <Name>DublinSouthWest</Name>
    </HspcIncidence>
    <HspcIncidence>
      <ConfirmedCases>454</ConfirmedCases>
      <IncidencePer100k>292.3</IncidencePer100k>
      <Name>DublinWest</Name>
    </HspcIncidence>
    <HspcIncidence>
      <ConfirmedCases>792</ConfirmedCases>
      <IncidencePer100k>381.4</IncidencePer100k>
      <Name>DublinNorthWest</Name>
    </HspcIncidence>
    <HspcIncidence>
      <ConfirmedCases>805</ConfirmedCases>
      <IncidencePer100k>520.8</IncidencePer100k>
      <Name>DublinNorthCentral</Name>
    </HspcIncidence>
    <HspcIncidence>
      <ConfirmedCases>664</ConfirmedCases>
      <IncidencePer100k>256.2</IncidencePer100k>
      <Name>DublinNorth</Name>
    </HspcIncidence>
  </CCARates>
  <CHORates i:nil="true" />
  <CountyRates>
    <HspcIncidence>
      <ConfirmedCases>340</ConfirmedCases>
      <IncidencePer100k>553.87221842113837031244909000</IncidencePer100k>
      <Name>Monaghan</Name>
    </HspcIncidence>
    <HspcIncidence>
      <ConfirmedCases>847</ConfirmedCases>
      <IncidencePer100k>532.06191265892758430071863000</IncidencePer100k>
      <Name>Donegal</Name>
    </HspcIncidence>
    <HspcIncidence>
      <ConfirmedCases>683</ConfirmedCases>
      <IncidencePer100k>529.93389404425685112193911000</IncidencePer100k>
      <Name>Louth</Name>
    </HspcIncidence>
    <HspcIncidence>
      <ConfirmedCases>965</ConfirmedCases>
      <IncidencePer100k>495.12824591198518206866120000</IncidencePer100k>
      <Name>Limerick</Name>
    </HspcIncidence>
    <HspcIncidence>
      <ConfirmedCases>584</ConfirmedCases>
      <IncidencePer100k>390.05623756027838260242316000</IncidencePer100k>
      <Name>Wexford</Name>
    </HspcIncidence>
    <HspcIncidence>
      <ConfirmedCases>261</ConfirmedCases>
      <IncidencePer100k>342.62759924385633270321361000</IncidencePer100k>
      <Name>Cavan</Name>
    </HspcIncidence>
    <HspcIncidence>
      <ConfirmedCases>333</ConfirmedCases>
      <IncidencePer100k>335.57723315059658174782328000</IncidencePer100k>
      <Name>Kilkenny</Name>
    </HspcIncidence>
    <HspcIncidence>
      <ConfirmedCases>4506</ConfirmedCases>
      <IncidencePer100k>334.91848533003518650931097000</IncidencePer100k>
      <Name>Dublin</Name>
    </HspcIncidence>
    <HspcIncidence>
      <ConfirmedCases>204</ConfirmedCases>
      <IncidencePer100k>311.28404669260700389105058000</IncidencePer100k>
      <Name>Sligo</Name>
    </HspcIncidence>
    <HspcIncidence>
      <ConfirmedCases>570</ConfirmedCases>
      <IncidencePer100k>292.24175057935645290293472000</IncidencePer100k>
      <Name>Meath</Name>
    </HspcIncidence>
    <HspcIncidence>
      <ConfirmedCases>427</ConfirmedCases>
      <IncidencePer100k>289.08582531633571868631818000</IncidencePer100k>
      <Name>Kerry</Name>
    </HspcIncidence>
    <HspcIncidence>
      <ConfirmedCases>159</ConfirmedCases>
      <IncidencePer100k>279.28054521183165882104967000</IncidencePer100k>
      <Name>Carlow</Name>
    </HspcIncidence>
    <HspcIncidence>
      <ConfirmedCases>228</ConfirmedCases>
      <IncidencePer100k>269.19489474243479698218355000</IncidencePer100k>
      <Name>Laois</Name>
    </HspcIncidence>
    <HspcIncidence>
      <ConfirmedCases>330</ConfirmedCases>
      <IncidencePer100k>252.85999984675151524439302000</IncidencePer100k>
      <Name>Mayo</Name>
    </HspcIncidence>
    <HspcIncidence>
      <ConfirmedCases>1312</ConfirmedCases>
      <IncidencePer100k>241.67937693877701393340554000</IncidencePer100k>
      <Name>Cork</Name>
    </HspcIncidence>
    <HspcIncidence>
      <ConfirmedCases>263</ConfirmedCases>
      <IncidencePer100k>221.34879688933401785939722000</IncidencePer100k>
      <Name>Clare</Name>
    </HspcIncidence>
    <HspcIncidence>
      <ConfirmedCases>554</ConfirmedCases>
      <IncidencePer100k>214.68042068062218571018918000</IncidencePer100k>
      <Name>Galway</Name>
    </HspcIncidence>
    <HspcIncidence>
      <ConfirmedCases>466</ConfirmedCases>
      <IncidencePer100k>209.43443713371445007730198000</IncidencePer100k>
      <Name>Kildare</Name>
    </HspcIncidence>
    <HspcIncidence>
      <ConfirmedCases>242</ConfirmedCases>
      <IncidencePer100k>208.30464123398980856631318000</IncidencePer100k>
      <Name>Waterford</Name>
    </HspcIncidence>
    <HspcIncidence>
      <ConfirmedCases>166</ConfirmedCases>
      <IncidencePer100k>187.00011265067027148811535000</IncidencePer100k>
      <Name>Westmeath</Name>
    </HspcIncidence>
    <HspcIncidence>
      <ConfirmedCases>210</ConfirmedCases>
      <IncidencePer100k>147.44602422327540810953133000</IncidencePer100k>
      <Name>Wicklow</Name>
    </HspcIncidence>
    <HspcIncidence>
      <ConfirmedCases>102</ConfirmedCases>
      <IncidencePer100k>130.83464809327740793473660000</IncidencePer100k>
      <Name>Offaly</Name>
    </HspcIncidence>
    <HspcIncidence>
      <ConfirmedCases>206</ConfirmedCases>
      <IncidencePer100k>129.11070302658050929785087000</IncidencePer100k>
      <Name>Tipperary</Name>
    </HspcIncidence>
    <HspcIncidence>
      <ConfirmedCases>52</ConfirmedCases>
      <IncidencePer100k>127.22335037800014679617351000</IncidencePer100k>
      <Name>Longford</Name>
    </HspcIncidence>
    <HspcIncidence>
      <ConfirmedCases>82</ConfirmedCases>
      <IncidencePer100k>127.04511650966782350024789000</IncidencePer100k>
      <Name>Roscommon</Name>
    </HspcIncidence>
    <HspcIncidence>
      <ConfirmedCases>36</ConfirmedCases>
      <IncidencePer100k>112.34552490325802022219448000</IncidencePer100k>
      <Name>Leitrim</Name>
    </HspcIncidence>
  </CountyRates>
  <FromDate>2020-12-17T00:00:00</FromDate>
  <Hospitalised>
    <HspcHospitalised>
      <CasesAdmittedToIcu>0</CasesAdmittedToIcu>
      <CasesAdmittedToIcuPercent>0</CasesAdmittedToIcuPercent>
      <CasesHospitalised>3</CasesHospitalised>
      <CasesHospitalisedPercent>0.67</CasesHospitalisedPercent>
      <Name>0To4</Name>
      <NumberOfCases>457</NumberOfCases>
    </HspcHospitalised>
    <HspcHospitalised>
      <CasesAdmittedToIcu>0</CasesAdmittedToIcu>
      <CasesAdmittedToIcuPercent>0</CasesAdmittedToIcuPercent>
      <CasesHospitalised>8</CasesHospitalised>
      <CasesHospitalisedPercent>1.77</CasesHospitalisedPercent>
      <Name>5To12</Name>
      <NumberOfCases>805</NumberOfCases>
    </HspcHospitalised>
    <HspcHospitalised>
      <CasesAdmittedToIcu>0</CasesAdmittedToIcu>
      <CasesAdmittedToIcuPercent>0</CasesAdmittedToIcuPercent>
      <CasesHospitalised>9</CasesHospitalised>
      <CasesHospitalisedPercent>2.00</CasesHospitalisedPercent>
      <Name>13To18</Name>
      <NumberOfCases>834</NumberOfCases>
    </HspcHospitalised>
    <HspcHospitalised>
      <CasesAdmittedToIcu>0</CasesAdmittedToIcu>
      <CasesAdmittedToIcuPercent>0</CasesAdmittedToIcuPercent>
      <CasesHospitalised>29</CasesHospitalised>
      <CasesHospitalisedPercent>6.43</CasesHospitalisedPercent>
      <Name>19To24</Name>
      <NumberOfCases>2179</NumberOfCases>
    </HspcHospitalised>
    <HspcHospitalised>
      <CasesAdmittedToIcu>1</CasesAdmittedToIcu>
      <CasesAdmittedToIcuPercent>10</CasesAdmittedToIcuPercent>
      <CasesHospitalised>43</CasesHospitalised>
      <CasesHospitalisedPercent>9.53</CasesHospitalisedPercent>
      <Name>25To34</Name>
      <NumberOfCases>2784</NumberOfCases>
    </HspcHospitalised>
    <HspcHospitalised>
      <CasesAdmittedToIcu>1</CasesAdmittedToIcu>
      <CasesAdmittedToIcuPercent>10</CasesAdmittedToIcuPercent>
      <CasesHospitalised>34</CasesHospitalised>
      <CasesHospitalisedPercent>7.54</CasesHospitalisedPercent>
      <Name>35To44</Name>
      <NumberOfCases>2196</NumberOfCases>
    </HspcHospitalised>
    <HspcHospitalised>
      <CasesAdmittedToIcu>1</CasesAdmittedToIcu>
      <CasesAdmittedToIcuPercent>10</CasesAdmittedToIcuPercent>
      <CasesHospitalised>51</CasesHospitalised>
      <CasesHospitalisedPercent>11.31</CasesHospitalisedPercent>
      <Name>45To54</Name>
      <NumberOfCases>1941</NumberOfCases>
    </HspcHospitalised>
    <HspcHospitalised>
      <CasesAdmittedToIcu>2</CasesAdmittedToIcu>
      <CasesAdmittedToIcuPercent>20</CasesAdmittedToIcuPercent>
      <CasesHospitalised>51</CasesHospitalised>
      <CasesHospitalisedPercent>11.31</CasesHospitalisedPercent>
      <Name>55To64</Name>
      <NumberOfCases>1543</NumberOfCases>
    </HspcHospitalised>
    <HspcHospitalised>
      <CasesAdmittedToIcu>3</CasesAdmittedToIcu>
      <CasesAdmittedToIcuPercent>30</CasesAdmittedToIcuPercent>
      <CasesHospitalised>68</CasesHospitalised>
      <CasesHospitalisedPercent>15.08</CasesHospitalisedPercent>
      <Name>65To74</Name>
      <NumberOfCases>729</NumberOfCases>
    </HspcHospitalised>
    <HspcHospitalised>
      <CasesAdmittedToIcu>2</CasesAdmittedToIcu>
      <CasesAdmittedToIcuPercent>20</CasesAdmittedToIcuPercent>
      <CasesHospitalised>85</CasesHospitalised>
      <CasesHospitalisedPercent>18.85</CasesHospitalisedPercent>
      <Name>75To84</Name>
      <NumberOfCases>404</NumberOfCases>
    </HspcHospitalised>
    <HspcHospitalised>
      <CasesAdmittedToIcu>0</CasesAdmittedToIcu>
      <CasesAdmittedToIcuPercent>0</CasesAdmittedToIcuPercent>
      <CasesHospitalised>70</CasesHospitalised>
      <CasesHospitalisedPercent>15.52</CasesHospitalisedPercent>
      <Name>85Plus</Name>
      <NumberOfCases>253</NumberOfCases>
    </HspcHospitalised>
    <HspcHospitalised>
      <CasesAdmittedToIcu>0</CasesAdmittedToIcu>
      <CasesAdmittedToIcuPercent>0</CasesAdmittedToIcuPercent>
      <CasesHospitalised>0</CasesHospitalised>
      <CasesHospitalisedPercent>0</CasesHospitalisedPercent>
      <Name>Unknown</Name>
      <NumberOfCases>3</NumberOfCases>
    </HspcHospitalised>
  </Hospitalised>
  <PreparedDate>2020-12-31T00:00:00</PreparedDate>
  <SexCharacteristics>
    <Female>
      <Absolute>7050</Absolute>
      <Percent>49.9</Percent>
    </Female>
    <Male>
      <Absolute>7030</Absolute>
      <Percent>49.76</Percent>
    </Male>
    <MaleFemaleRatio>1</MaleFemaleRatio>
    <Unknown>
      <Absolute>48</Absolute>
      <Percent>0.34</Percent>
    </Unknown>
  </SexCharacteristics>
  <SourceFileName>COVID-19_14_day_epidemiology_report_20201231_website.pdf</SourceFileName>
  <SymptomStatusAtTimeOfTestCharacteristics>
    <No>
      <Absolute>1423</Absolute>
      <Percent>10.07</Percent>
    </No>
    <Unknown>
      <Absolute>8230</Absolute>
      <Percent>58.25</Percent>
    </Unknown>
    <Yes>
      <Absolute>4475</Absolute>
      <Percent>31.67</Percent>
    </Yes>
  </SymptomStatusAtTimeOfTestCharacteristics>
  <ToDate>2020-12-30T00:00:00</ToDate>
  <TotalConfirmedCases>
    <Absolute>14128</Absolute>
    <Percent>100</Percent>
  </TotalConfirmedCases>
  <UnderlyingConditionsCharacteristics>
    <No>
      <Absolute>4419</Absolute>
      <Percent>31.28</Percent>
    </No>
    <Unknown>
      <Absolute>8109</Absolute>
      <Percent>57.4</Percent>
    </Unknown>
    <Yes>
      <Absolute>1600</Absolute>
      <Percent>11.33</Percent>
    </Yes>
  </UnderlyingConditionsCharacteristics>
</HspcDailyEpidemiology>