﻿<?xml version="1.0" encoding="utf-8"?>
<HspcDailyEpidemiology xmlns:i="http://www.w3.org/2001/XMLSchema-instance" xmlns="http://schemas.datacontract.org/2004/07/CovidStats.DailyEpidemiology">
  <AgeCharacteristics>
    <Age0To4>
      <Absolute>806</Absolute>
      <Percent>2.51</Percent>
    </Age0To4>
    <Age13To18>
      <Absolute>1965</Absolute>
      <Percent>6.12</Percent>
    </Age13To18>
    <Age19To24>
      <Absolute>5083</Absolute>
      <Percent>15.83</Percent>
    </Age19To24>
    <Age25To34>
      <Absolute>6458</Absolute>
      <Percent>20.11</Percent>
    </Age25To34>
    <Age35To44>
      <Absolute>4898</Absolute>
      <Percent>15.25</Percent>
    </Age35To44>
    <Age45To54>
      <Absolute>4550</Absolute>
      <Percent>14.17</Percent>
    </Age45To54>
    <Age55To64>
      <Absolute>3823</Absolute>
      <Percent>11.91</Percent>
    </Age55To64>
    <Age5To12>
      <Absolute>1470</Absolute>
      <Percent>4.58</Percent>
    </Age5To12>
    <Age65To74>
      <Absolute>1727</Absolute>
      <Percent>5.38</Percent>
    </Age65To74>
    <Age75To84>
      <Absolute>846</Absolute>
      <Percent>2.63</Percent>
    </Age75To84>
    <Age85Plus>
      <Absolute>482</Absolute>
      <Percent>1.5</Percent>
    </Age85Plus>
    <AgeUnknown>
      <Absolute>4</Absolute>
      <Percent>0.01</Percent>
    </AgeUnknown>
    <MeanAge>38</MeanAge>
    <MedianAge>35</MedianAge>
  </AgeCharacteristics>
  <CCARates>
    <HspcIncidence>
      <ConfirmedCases>784</ConfirmedCases>
      <IncidencePer100k>576.2</IncidencePer100k>
      <Name>DublinSouth</Name>
    </HspcIncidence>
    <HspcIncidence>
      <ConfirmedCases>1689</ConfirmedCases>
      <IncidencePer100k>1365.4</IncidencePer100k>
      <Name>DublinSouthEast</Name>
    </HspcIncidence>
    <HspcIncidence>
      <ConfirmedCases>955</ConfirmedCases>
      <IncidencePer100k>636.9</IncidencePer100k>
      <Name>DublinSouthCity</Name>
    </HspcIncidence>
    <HspcIncidence>
      <ConfirmedCases>1168</ConfirmedCases>
      <IncidencePer100k>725.9</IncidencePer100k>
      <Name>DublinSouthWest</Name>
    </HspcIncidence>
    <HspcIncidence>
      <ConfirmedCases>1041</ConfirmedCases>
      <IncidencePer100k>670.1</IncidencePer100k>
      <Name>DublinWest</Name>
    </HspcIncidence>
    <HspcIncidence>
      <ConfirmedCases>1926</ConfirmedCases>
      <IncidencePer100k>927.4</IncidencePer100k>
      <Name>DublinNorthWest</Name>
    </HspcIncidence>
    <HspcIncidence>
      <ConfirmedCases>1652</ConfirmedCases>
      <IncidencePer100k>1068.7</IncidencePer100k>
      <Name>DublinNorthCentral</Name>
    </HspcIncidence>
    <HspcIncidence>
      <ConfirmedCases>1689</ConfirmedCases>
      <IncidencePer100k>651.7</IncidencePer100k>
      <Name>DublinNorth</Name>
    </HspcIncidence>
  </CCARates>
  <CHORates>
    <HspcIncidence>
      <ConfirmedCases>3518</ConfirmedCases>
      <IncidencePer100k>899.1</IncidencePer100k>
      <Name>CHO1</Name>
    </HspcIncidence>
    <HspcIncidence>
      <ConfirmedCases>2418</ConfirmedCases>
      <IncidencePer100k>533.6</IncidencePer100k>
      <Name>CHO2</Name>
    </HspcIncidence>
    <HspcIncidence>
      <ConfirmedCases>3140</ConfirmedCases>
      <IncidencePer100k>815.6</IncidencePer100k>
      <Name>CHO3</Name>
    </HspcIncidence>
    <HspcIncidence>
      <ConfirmedCases>4033</ConfirmedCases>
      <IncidencePer100k>584.0</IncidencePer100k>
      <Name>CHO4</Name>
    </HspcIncidence>
    <HspcIncidence>
      <ConfirmedCases>2411</ConfirmedCases>
      <IncidencePer100k>472.4</IncidencePer100k>
      <Name>CHO5</Name>
    </HspcIncidence>
    <HspcIncidence>
      <ConfirmedCases>2919</ConfirmedCases>
      <IncidencePer100k>761.8</IncidencePer100k>
      <Name>CHO6</Name>
    </HspcIncidence>
    <HspcIncidence>
      <ConfirmedCases>4367</ConfirmedCases>
      <IncidencePer100k>617.1</IncidencePer100k>
      <Name>CHO7</Name>
    </HspcIncidence>
    <HspcIncidence>
      <ConfirmedCases>4021</ConfirmedCases>
      <IncidencePer100k>649.3</IncidencePer100k>
      <Name>CHO8</Name>
    </HspcIncidence>
    <HspcIncidence>
      <ConfirmedCases>5267</ConfirmedCases>
      <IncidencePer100k>847.6</IncidencePer100k>
      <Name>CHO9</Name>
    </HspcIncidence>
  </CHORates>
  <CountyRates>
    <HspcIncidence>
      <ConfirmedCases>763</ConfirmedCases>
      <IncidencePer100k>1243.0</IncidencePer100k>
      <Name>Monaghan</Name>
    </HspcIncidence>
    <HspcIncidence>
      <ConfirmedCases>1512</ConfirmedCases>
      <IncidencePer100k>1173.1</IncidencePer100k>
      <Name>Louth</Name>
    </HspcIncidence>
    <HspcIncidence>
      <ConfirmedCases>2170</ConfirmedCases>
      <IncidencePer100k>1113.4</IncidencePer100k>
      <Name>Limerick</Name>
    </HspcIncidence>
    <HspcIncidence>
      <ConfirmedCases>1513</ConfirmedCases>
      <IncidencePer100k>950.4</IncidencePer100k>
      <Name>Donegal</Name>
    </HspcIncidence>
    <HspcIncidence>
      <ConfirmedCases>626</ConfirmedCases>
      <IncidencePer100k>821.8</IncidencePer100k>
      <Name>Cavan</Name>
    </HspcIncidence>
    <HspcIncidence>
      <ConfirmedCases>10906</ConfirmedCases>
      <IncidencePer100k>809.4</IncidencePer100k>
      <Name>Dublin</Name>
    </HspcIncidence>
    <HspcIncidence>
      <ConfirmedCases>484</ConfirmedCases>
      <IncidencePer100k>738.5</IncidencePer100k>
      <Name>Sligo</Name>
    </HspcIncidence>
    <HspcIncidence>
      <ConfirmedCases>952</ConfirmedCases>
      <IncidencePer100k>729.5</IncidencePer100k>
      <Name>Mayo</Name>
    </HspcIncidence>
    <HspcIncidence>
      <ConfirmedCases>1180</ConfirmedCases>
      <IncidencePer100k>605.0</IncidencePer100k>
      <Name>Meath</Name>
    </HspcIncidence>
    <HspcIncidence>
      <ConfirmedCases>867</ConfirmedCases>
      <IncidencePer100k>587.0</IncidencePer100k>
      <Name>Kerry</Name>
    </HspcIncidence>
    <HspcIncidence>
      <ConfirmedCases>3167</ConfirmedCases>
      <IncidencePer100k>583.4</IncidencePer100k>
      <Name>Cork</Name>
    </HspcIncidence>
    <HspcIncidence>
      <ConfirmedCases>560</ConfirmedCases>
      <IncidencePer100k>564.3</IncidencePer100k>
      <Name>Kilkenny</Name>
    </HspcIncidence>
    <HspcIncidence>
      <ConfirmedCases>665</ConfirmedCases>
      <IncidencePer100k>559.7</IncidencePer100k>
      <Name>Clare</Name>
    </HspcIncidence>
    <HspcIncidence>
      <ConfirmedCases>823</ConfirmedCases>
      <IncidencePer100k>549.7</IncidencePer100k>
      <Name>Wexford</Name>
    </HspcIncidence>
    <HspcIncidence>
      <ConfirmedCases>1190</ConfirmedCases>
      <IncidencePer100k>534.8</IncidencePer100k>
      <Name>Kildare</Name>
    </HspcIncidence>
    <HspcIncidence>
      <ConfirmedCases>296</ConfirmedCases>
      <IncidencePer100k>519.9</IncidencePer100k>
      <Name>Carlow</Name>
    </HspcIncidence>
    <HspcIncidence>
      <ConfirmedCases>418</ConfirmedCases>
      <IncidencePer100k>493.5</IncidencePer100k>
      <Name>Laois</Name>
    </HspcIncidence>
    <HspcIncidence>
      <ConfirmedCases>558</ConfirmedCases>
      <IncidencePer100k>480.3</IncidencePer100k>
      <Name>Waterford</Name>
    </HspcIncidence>
    <HspcIncidence>
      <ConfirmedCases>191</ConfirmedCases>
      <IncidencePer100k>467.3</IncidencePer100k>
      <Name>Longford</Name>
    </HspcIncidence>
    <HspcIncidence>
      <ConfirmedCases>358</ConfirmedCases>
      <IncidencePer100k>459.2</IncidencePer100k>
      <Name>Offaly</Name>
    </HspcIncidence>
    <HspcIncidence>
      <ConfirmedCases>1177</ConfirmedCases>
      <IncidencePer100k>456.1</IncidencePer100k>
      <Name>Galway</Name>
    </HspcIncidence>
    <HspcIncidence>
      <ConfirmedCases>289</ConfirmedCases>
      <IncidencePer100k>447.8</IncidencePer100k>
      <Name>Roscommon</Name>
    </HspcIncidence>
    <HspcIncidence>
      <ConfirmedCases>132</ConfirmedCases>
      <IncidencePer100k>411.9</IncidencePer100k>
      <Name>Leitrim</Name>
    </HspcIncidence>
    <HspcIncidence>
      <ConfirmedCases>334</ConfirmedCases>
      <IncidencePer100k>376.3</IncidencePer100k>
      <Name>Westmeath</Name>
    </HspcIncidence>
    <HspcIncidence>
      <ConfirmedCases>521</ConfirmedCases>
      <IncidencePer100k>326.5</IncidencePer100k>
      <Name>Tipperary</Name>
    </HspcIncidence>
    <HspcIncidence>
      <ConfirmedCases>460</ConfirmedCases>
      <IncidencePer100k>323.0</IncidencePer100k>
      <Name>Wicklow</Name>
    </HspcIncidence>
  </CountyRates>
  <FromDate>2020-12-22T00:00:00</FromDate>
  <Hospitalised>
    <HspcHospitalised>
      <CasesAdmittedToIcu>0</CasesAdmittedToIcu>
      <CasesAdmittedToIcuPercent>0</CasesAdmittedToIcuPercent>
      <CasesHospitalised>8</CasesHospitalised>
      <CasesHospitalisedPercent>1.10</CasesHospitalisedPercent>
      <Name>0To4</Name>
      <NumberOfCases>806</NumberOfCases>
    </HspcHospitalised>
    <HspcHospitalised>
      <CasesAdmittedToIcu>0</CasesAdmittedToIcu>
      <CasesAdmittedToIcuPercent>0</CasesAdmittedToIcuPercent>
      <CasesHospitalised>7</CasesHospitalised>
      <CasesHospitalisedPercent>0.97</CasesHospitalisedPercent>
      <Name>5To12</Name>
      <NumberOfCases>1470</NumberOfCases>
    </HspcHospitalised>
    <HspcHospitalised>
      <CasesAdmittedToIcu>1</CasesAdmittedToIcu>
      <CasesAdmittedToIcuPercent>3.70</CasesAdmittedToIcuPercent>
      <CasesHospitalised>18</CasesHospitalised>
      <CasesHospitalisedPercent>2.49</CasesHospitalisedPercent>
      <Name>13To18</Name>
      <NumberOfCases>1965</NumberOfCases>
    </HspcHospitalised>
    <HspcHospitalised>
      <CasesAdmittedToIcu>0</CasesAdmittedToIcu>
      <CasesAdmittedToIcuPercent>0</CasesAdmittedToIcuPercent>
      <CasesHospitalised>42</CasesHospitalised>
      <CasesHospitalisedPercent>5.80</CasesHospitalisedPercent>
      <Name>19To24</Name>
      <NumberOfCases>5083</NumberOfCases>
    </HspcHospitalised>
    <HspcHospitalised>
      <CasesAdmittedToIcu>3</CasesAdmittedToIcu>
      <CasesAdmittedToIcuPercent>11.11</CasesAdmittedToIcuPercent>
      <CasesHospitalised>79</CasesHospitalised>
      <CasesHospitalisedPercent>10.91</CasesHospitalisedPercent>
      <Name>25To34</Name>
      <NumberOfCases>6458</NumberOfCases>
    </HspcHospitalised>
    <HspcHospitalised>
      <CasesAdmittedToIcu>0</CasesAdmittedToIcu>
      <CasesAdmittedToIcuPercent>0</CasesAdmittedToIcuPercent>
      <CasesHospitalised>66</CasesHospitalised>
      <CasesHospitalisedPercent>9.12</CasesHospitalisedPercent>
      <Name>35To44</Name>
      <NumberOfCases>4898</NumberOfCases>
    </HspcHospitalised>
    <HspcHospitalised>
      <CasesAdmittedToIcu>1</CasesAdmittedToIcu>
      <CasesAdmittedToIcuPercent>3.70</CasesAdmittedToIcuPercent>
      <CasesHospitalised>82</CasesHospitalised>
      <CasesHospitalisedPercent>11.33</CasesHospitalisedPercent>
      <Name>45To54</Name>
      <NumberOfCases>4550</NumberOfCases>
    </HspcHospitalised>
    <HspcHospitalised>
      <CasesAdmittedToIcu>6</CasesAdmittedToIcu>
      <CasesAdmittedToIcuPercent>22.22</CasesAdmittedToIcuPercent>
      <CasesHospitalised>75</CasesHospitalised>
      <CasesHospitalisedPercent>10.36</CasesHospitalisedPercent>
      <Name>55To64</Name>
      <NumberOfCases>3823</NumberOfCases>
    </HspcHospitalised>
    <HspcHospitalised>
      <CasesAdmittedToIcu>10</CasesAdmittedToIcu>
      <CasesAdmittedToIcuPercent>37.04</CasesAdmittedToIcuPercent>
      <CasesHospitalised>110</CasesHospitalised>
      <CasesHospitalisedPercent>15.19</CasesHospitalisedPercent>
      <Name>65To74</Name>
      <NumberOfCases>1727</NumberOfCases>
    </HspcHospitalised>
    <HspcHospitalised>
      <CasesAdmittedToIcu>6</CasesAdmittedToIcu>
      <CasesAdmittedToIcuPercent>22.22</CasesAdmittedToIcuPercent>
      <CasesHospitalised>139</CasesHospitalised>
      <CasesHospitalisedPercent>19.20</CasesHospitalisedPercent>
      <Name>75To84</Name>
      <NumberOfCases>846</NumberOfCases>
    </HspcHospitalised>
    <HspcHospitalised>
      <CasesAdmittedToIcu>0</CasesAdmittedToIcu>
      <CasesAdmittedToIcuPercent>0</CasesAdmittedToIcuPercent>
      <CasesHospitalised>98</CasesHospitalised>
      <CasesHospitalisedPercent>13.54</CasesHospitalisedPercent>
      <Name>85Plus</Name>
      <NumberOfCases>482</NumberOfCases>
    </HspcHospitalised>
    <HspcHospitalised>
      <CasesAdmittedToIcu>0</CasesAdmittedToIcu>
      <CasesAdmittedToIcuPercent>0</CasesAdmittedToIcuPercent>
      <CasesHospitalised>0</CasesHospitalised>
      <CasesHospitalisedPercent>0</CasesHospitalisedPercent>
      <Name>Unknown</Name>
      <NumberOfCases>4</NumberOfCases>
    </HspcHospitalised>
  </Hospitalised>
  <PreparedDate>2021-01-05T00:00:00</PreparedDate>
  <SexCharacteristics>
    <Female>
      <Absolute>16483</Absolute>
      <Percent>51.33</Percent>
    </Female>
    <Male>
      <Absolute>15560</Absolute>
      <Percent>48.46</Percent>
    </Male>
    <MaleFemaleRatio>0.94</MaleFemaleRatio>
    <Unknown>
      <Absolute>69</Absolute>
      <Percent>0.21</Percent>
    </Unknown>
  </SexCharacteristics>
  <SourceFileName>COVID-19_14_day_epidemiology_report_20200105 - website.pdf</SourceFileName>
  <SymptomStatusAtTimeOfTestCharacteristics>
    <No i:nil="true" />
    <Unknown i:nil="true" />
    <Yes i:nil="true" />
  </SymptomStatusAtTimeOfTestCharacteristics>
  <ToDate>2021-01-04T00:00:00</ToDate>
  <TotalConfirmedCases>
    <Absolute>32112</Absolute>
    <Percent>100</Percent>
  </TotalConfirmedCases>
  <UnderlyingConditionsCharacteristics>
    <No i:nil="true" />
    <Unknown i:nil="true" />
    <Yes i:nil="true" />
  </UnderlyingConditionsCharacteristics>
</HspcDailyEpidemiology>