﻿<?xml version="1.0" encoding="utf-8"?>
<HspcDailyEpidemiology xmlns:i="http://www.w3.org/2001/XMLSchema-instance" xmlns="http://schemas.datacontract.org/2004/07/CovidStats.DailyEpidemiology">
  <AgeCharacteristics>
    <Age0To4>
      <Absolute>123</Absolute>
      <Percent>3.65</Percent>
    </Age0To4>
    <Age13To18>
      <Absolute>0</Absolute>
      <Percent>0</Percent>
    </Age13To18>
    <Age19To24>
      <Absolute>0</Absolute>
      <Percent>0</Percent>
    </Age19To24>
    <Age25To34>
      <Absolute>583</Absolute>
      <Percent>17.3</Percent>
    </Age25To34>
    <Age35To44>
      <Absolute>494</Absolute>
      <Percent>14.66</Percent>
    </Age35To44>
    <Age45To54>
      <Absolute>460</Absolute>
      <Percent>13.65</Percent>
    </Age45To54>
    <Age55To64>
      <Absolute>318</Absolute>
      <Percent>9.44</Percent>
    </Age55To64>
    <Age5To12>
      <Absolute>0</Absolute>
      <Percent>0</Percent>
    </Age5To12>
    <Age65To74>
      <Absolute>215</Absolute>
      <Percent>6.38</Percent>
    </Age65To74>
    <Age75To84>
      <Absolute>83</Absolute>
      <Percent>2.46</Percent>
    </Age75To84>
    <Age85Plus>
      <Absolute>43</Absolute>
      <Percent>1.28</Percent>
    </Age85Plus>
    <AgeUnknown>
      <Absolute>0</Absolute>
      <Percent>0</Percent>
    </AgeUnknown>
    <MeanAge>36</MeanAge>
    <MedianAge>33</MedianAge>
  </AgeCharacteristics>
  <CCARates />
  <CHORates i:nil="true" />
  <CountyRates i:nil="true" />
  <FromDate>2020-09-08T00:00:00</FromDate>
  <Hospitalised i:nil="true" />
  <PreparedDate>2020-09-22T00:00:00</PreparedDate>
  <SexCharacteristics>
    <Female>
      <Absolute>1714</Absolute>
      <Percent>50.88</Percent>
    </Female>
    <Male>
      <Absolute>1652</Absolute>
      <Percent>49.04</Percent>
    </Male>
    <MaleFemaleRatio>0.96</MaleFemaleRatio>
    <Unknown>
      <Absolute>3</Absolute>
      <Percent>0.09</Percent>
    </Unknown>
  </SexCharacteristics>
  <SourceFileName>COVID-19_14_day_epidemiology_report_20200922_Website.pdf</SourceFileName>
  <SymptomStatusAtTimeOfTestCharacteristics>
    <No i:nil="true" />
    <Unknown i:nil="true" />
    <Yes i:nil="true" />
  </SymptomStatusAtTimeOfTestCharacteristics>
  <ToDate>2020-09-21T00:00:00</ToDate>
  <TotalConfirmedCases>
    <Absolute>3369</Absolute>
    <Percent>100</Percent>
  </TotalConfirmedCases>
  <UnderlyingConditionsCharacteristics>
    <No>
      <Absolute>2028</Absolute>
      <Percent>60.2</Percent>
    </No>
    <Unknown>
      <Absolute>384</Absolute>
      <Percent>11.4</Percent>
    </Unknown>
    <Yes>
      <Absolute>957</Absolute>
      <Percent>28.41</Percent>
    </Yes>
  </UnderlyingConditionsCharacteristics>
</HspcDailyEpidemiology>