﻿<?xml version="1.0" encoding="utf-8"?>
<HspcDailyEpidemiology xmlns:i="http://www.w3.org/2001/XMLSchema-instance" xmlns="http://schemas.datacontract.org/2004/07/CovidStats.DailyEpidemiology">
  <AgeCharacteristics>
    <Age0To4>
      <Absolute>225</Absolute>
      <Percent>4.35</Percent>
    </Age0To4>
    <Age13To18>
      <Absolute>479</Absolute>
      <Percent>9.25</Percent>
    </Age13To18>
    <Age19To24>
      <Absolute>644</Absolute>
      <Percent>12.44</Percent>
    </Age19To24>
    <Age25To34>
      <Absolute>799</Absolute>
      <Percent>15.43</Percent>
    </Age25To34>
    <Age35To44>
      <Absolute>801</Absolute>
      <Percent>15.47</Percent>
    </Age35To44>
    <Age45To54>
      <Absolute>724</Absolute>
      <Percent>13.98</Percent>
    </Age45To54>
    <Age55To64>
      <Absolute>450</Absolute>
      <Percent>8.69</Percent>
    </Age55To64>
    <Age5To12>
      <Absolute>411</Absolute>
      <Percent>7.94</Percent>
    </Age5To12>
    <Age65To74>
      <Absolute>268</Absolute>
      <Percent>5.18</Percent>
    </Age65To74>
    <Age75To84>
      <Absolute>216</Absolute>
      <Percent>4.17</Percent>
    </Age75To84>
    <Age85Plus>
      <Absolute>159</Absolute>
      <Percent>3.07</Percent>
    </Age85Plus>
    <AgeUnknown>
      <Absolute>1</Absolute>
      <Percent>0.02</Percent>
    </AgeUnknown>
    <MeanAge>37</MeanAge>
    <MedianAge>35</MedianAge>
  </AgeCharacteristics>
  <CCARates>
    <HspcIncidence>
      <ConfirmedCases>93</ConfirmedCases>
      <IncidencePer100k>68.3</IncidencePer100k>
      <Name>DublinSouth</Name>
    </HspcIncidence>
    <HspcIncidence>
      <ConfirmedCases>202</ConfirmedCases>
      <IncidencePer100k>163.3</IncidencePer100k>
      <Name>DublinSouthEast</Name>
    </HspcIncidence>
    <HspcIncidence>
      <ConfirmedCases>148</ConfirmedCases>
      <IncidencePer100k>98.7</IncidencePer100k>
      <Name>DublinSouthCity</Name>
    </HspcIncidence>
    <HspcIncidence>
      <ConfirmedCases>177</ConfirmedCases>
      <IncidencePer100k>110.0</IncidencePer100k>
      <Name>DublinSouthWest</Name>
    </HspcIncidence>
    <HspcIncidence>
      <ConfirmedCases>233</ConfirmedCases>
      <IncidencePer100k>150.0</IncidencePer100k>
      <Name>DublinWest</Name>
    </HspcIncidence>
    <HspcIncidence>
      <ConfirmedCases>296</ConfirmedCases>
      <IncidencePer100k>142.5</IncidencePer100k>
      <Name>DublinNorthWest</Name>
    </HspcIncidence>
    <HspcIncidence>
      <ConfirmedCases>276</ConfirmedCases>
      <IncidencePer100k>178.5</IncidencePer100k>
      <Name>DublinNorthCentral</Name>
    </HspcIncidence>
    <HspcIncidence>
      <ConfirmedCases>178</ConfirmedCases>
      <IncidencePer100k>68.7</IncidencePer100k>
      <Name>DublinNorth</Name>
    </HspcIncidence>
  </CCARates>
  <CHORates>
    <HspcIncidence>
      <ConfirmedCases>575</ConfirmedCases>
      <IncidencePer100k>147.0</IncidencePer100k>
      <Name>CHO1</Name>
    </HspcIncidence>
    <HspcIncidence>
      <ConfirmedCases>382</ConfirmedCases>
      <IncidencePer100k>84.3</IncidencePer100k>
      <Name>CHO2</Name>
    </HspcIncidence>
    <HspcIncidence>
      <ConfirmedCases>528</ConfirmedCases>
      <IncidencePer100k>137.1</IncidencePer100k>
      <Name>CHO3</Name>
    </HspcIncidence>
    <HspcIncidence>
      <ConfirmedCases>532</ConfirmedCases>
      <IncidencePer100k>77.0</IncidencePer100k>
      <Name>CHO4</Name>
    </HspcIncidence>
    <HspcIncidence>
      <ConfirmedCases>478</ConfirmedCases>
      <IncidencePer100k>93.7</IncidencePer100k>
      <Name>CHO5</Name>
    </HspcIncidence>
    <HspcIncidence>
      <ConfirmedCases>383</ConfirmedCases>
      <IncidencePer100k>100.0</IncidencePer100k>
      <Name>CHO6</Name>
    </HspcIncidence>
    <HspcIncidence>
      <ConfirmedCases>749</ConfirmedCases>
      <IncidencePer100k>105.8</IncidencePer100k>
      <Name>CHO7</Name>
    </HspcIncidence>
    <HspcIncidence>
      <ConfirmedCases>800</ConfirmedCases>
      <IncidencePer100k>129.2</IncidencePer100k>
      <Name>CHO8</Name>
    </HspcIncidence>
    <HspcIncidence>
      <ConfirmedCases>750</ConfirmedCases>
      <IncidencePer100k>120.7</IncidencePer100k>
      <Name>CHO9</Name>
    </HspcIncidence>
  </CHORates>
  <CountyRates>
    <HspcIncidence>
      <ConfirmedCases>362</ConfirmedCases>
      <IncidencePer100k>227.4</IncidencePer100k>
      <Name>Donegal</Name>
    </HspcIncidence>
    <HspcIncidence>
      <ConfirmedCases>273</ConfirmedCases>
      <IncidencePer100k>211.8</IncidencePer100k>
      <Name>Louth</Name>
    </HspcIncidence>
    <HspcIncidence>
      <ConfirmedCases>380</ConfirmedCases>
      <IncidencePer100k>195.0</IncidencePer100k>
      <Name>Limerick</Name>
    </HspcIncidence>
    <HspcIncidence>
      <ConfirmedCases>102</ConfirmedCases>
      <IncidencePer100k>158.0</IncidencePer100k>
      <Name>Roscommon</Name>
    </HspcIncidence>
    <HspcIncidence>
      <ConfirmedCases>181</ConfirmedCases>
      <IncidencePer100k>155.8</IncidencePer100k>
      <Name>Waterford</Name>
    </HspcIncidence>
    <HspcIncidence>
      <ConfirmedCases>243</ConfirmedCases>
      <IncidencePer100k>124.6</IncidencePer100k>
      <Name>Meath</Name>
    </HspcIncidence>
    <HspcIncidence>
      <ConfirmedCases>93</ConfirmedCases>
      <IncidencePer100k>119.3</IncidencePer100k>
      <Name>Offaly</Name>
    </HspcIncidence>
    <HspcIncidence>
      <ConfirmedCases>1603</ConfirmedCases>
      <IncidencePer100k>119.0</IncidencePer100k>
      <Name>Dublin</Name>
    </HspcIncidence>
    <HspcIncidence>
      <ConfirmedCases>70</ConfirmedCases>
      <IncidencePer100k>114.0</IncidencePer100k>
      <Name>Monaghan</Name>
    </HspcIncidence>
    <HspcIncidence>
      <ConfirmedCases>100</ConfirmedCases>
      <IncidencePer100k>112.7</IncidencePer100k>
      <Name>Westmeath</Name>
    </HspcIncidence>
    <HspcIncidence>
      <ConfirmedCases>106</ConfirmedCases>
      <IncidencePer100k>106.8</IncidencePer100k>
      <Name>Kilkenny</Name>
    </HspcIncidence>
    <HspcIncidence>
      <ConfirmedCases>40</ConfirmedCases>
      <IncidencePer100k>97.9</IncidencePer100k>
      <Name>Longford</Name>
    </HspcIncidence>
    <HspcIncidence>
      <ConfirmedCases>73</ConfirmedCases>
      <IncidencePer100k>95.8</IncidencePer100k>
      <Name>Cavan</Name>
    </HspcIncidence>
    <HspcIncidence>
      <ConfirmedCases>116</ConfirmedCases>
      <IncidencePer100k>88.9</IncidencePer100k>
      <Name>Mayo</Name>
    </HspcIncidence>
    <HspcIncidence>
      <ConfirmedCases>141</ConfirmedCases>
      <IncidencePer100k>88.4</IncidencePer100k>
      <Name>Tipperary</Name>
    </HspcIncidence>
    <HspcIncidence>
      <ConfirmedCases>102</ConfirmedCases>
      <IncidencePer100k>85.8</IncidencePer100k>
      <Name>Clare</Name>
    </HspcIncidence>
    <HspcIncidence>
      <ConfirmedCases>186</ConfirmedCases>
      <IncidencePer100k>83.6</IncidencePer100k>
      <Name>Kildare</Name>
    </HspcIncidence>
    <HspcIncidence>
      <ConfirmedCases>443</ConfirmedCases>
      <IncidencePer100k>81.6</IncidencePer100k>
      <Name>Cork</Name>
    </HspcIncidence>
    <HspcIncidence>
      <ConfirmedCases>50</ConfirmedCases>
      <IncidencePer100k>76.3</IncidencePer100k>
      <Name>Sligo</Name>
    </HspcIncidence>
    <HspcIncidence>
      <ConfirmedCases>43</ConfirmedCases>
      <IncidencePer100k>75.5</IncidencePer100k>
      <Name>Carlow</Name>
    </HspcIncidence>
    <HspcIncidence>
      <ConfirmedCases>21</ConfirmedCases>
      <IncidencePer100k>65.5</IncidencePer100k>
      <Name>Leitrim</Name>
    </HspcIncidence>
    <HspcIncidence>
      <ConfirmedCases>93</ConfirmedCases>
      <IncidencePer100k>65.3</IncidencePer100k>
      <Name>Wicklow</Name>
    </HspcIncidence>
    <HspcIncidence>
      <ConfirmedCases>164</ConfirmedCases>
      <IncidencePer100k>63.6</IncidencePer100k>
      <Name>Galway</Name>
    </HspcIncidence>
    <HspcIncidence>
      <ConfirmedCases>89</ConfirmedCases>
      <IncidencePer100k>60.3</IncidencePer100k>
      <Name>Kerry</Name>
    </HspcIncidence>
    <HspcIncidence>
      <ConfirmedCases>49</ConfirmedCases>
      <IncidencePer100k>57.9</IncidencePer100k>
      <Name>Laois</Name>
    </HspcIncidence>
    <HspcIncidence>
      <ConfirmedCases>54</ConfirmedCases>
      <IncidencePer100k>36.1</IncidencePer100k>
      <Name>Wexford</Name>
    </HspcIncidence>
  </CountyRates>
  <FromDate>2020-11-09T00:00:00</FromDate>
  <Hospitalised>
    <HspcHospitalised>
      <CasesAdmittedToIcu>0</CasesAdmittedToIcu>
      <CasesAdmittedToIcuPercent>0</CasesAdmittedToIcuPercent>
      <CasesHospitalised>4</CasesHospitalised>
      <CasesHospitalisedPercent>1.18</CasesHospitalisedPercent>
      <Name>0To4</Name>
      <NumberOfCases>225</NumberOfCases>
    </HspcHospitalised>
    <HspcHospitalised>
      <CasesAdmittedToIcu>0</CasesAdmittedToIcu>
      <CasesAdmittedToIcuPercent>0</CasesAdmittedToIcuPercent>
      <CasesHospitalised>1</CasesHospitalised>
      <CasesHospitalisedPercent>0.29</CasesHospitalisedPercent>
      <Name>5To12</Name>
      <NumberOfCases>411</NumberOfCases>
    </HspcHospitalised>
    <HspcHospitalised>
      <CasesAdmittedToIcu>0</CasesAdmittedToIcu>
      <CasesAdmittedToIcuPercent>0</CasesAdmittedToIcuPercent>
      <CasesHospitalised>10</CasesHospitalised>
      <CasesHospitalisedPercent>2.94</CasesHospitalisedPercent>
      <Name>13To18</Name>
      <NumberOfCases>479</NumberOfCases>
    </HspcHospitalised>
    <HspcHospitalised>
      <CasesAdmittedToIcu>0</CasesAdmittedToIcu>
      <CasesAdmittedToIcuPercent>0</CasesAdmittedToIcuPercent>
      <CasesHospitalised>10</CasesHospitalised>
      <CasesHospitalisedPercent>2.94</CasesHospitalisedPercent>
      <Name>19To24</Name>
      <NumberOfCases>644</NumberOfCases>
    </HspcHospitalised>
    <HspcHospitalised>
      <CasesAdmittedToIcu>0</CasesAdmittedToIcu>
      <CasesAdmittedToIcuPercent>0</CasesAdmittedToIcuPercent>
      <CasesHospitalised>15</CasesHospitalised>
      <CasesHospitalisedPercent>4.41</CasesHospitalisedPercent>
      <Name>25To34</Name>
      <NumberOfCases>799</NumberOfCases>
    </HspcHospitalised>
    <HspcHospitalised>
      <CasesAdmittedToIcu>1</CasesAdmittedToIcu>
      <CasesAdmittedToIcuPercent>8.33</CasesAdmittedToIcuPercent>
      <CasesHospitalised>22</CasesHospitalised>
      <CasesHospitalisedPercent>6.47</CasesHospitalisedPercent>
      <Name>35To44</Name>
      <NumberOfCases>801</NumberOfCases>
    </HspcHospitalised>
    <HspcHospitalised>
      <CasesAdmittedToIcu>1</CasesAdmittedToIcu>
      <CasesAdmittedToIcuPercent>8.33</CasesAdmittedToIcuPercent>
      <CasesHospitalised>33</CasesHospitalised>
      <CasesHospitalisedPercent>9.71</CasesHospitalisedPercent>
      <Name>45To54</Name>
      <NumberOfCases>724</NumberOfCases>
    </HspcHospitalised>
    <HspcHospitalised>
      <CasesAdmittedToIcu>2</CasesAdmittedToIcu>
      <CasesAdmittedToIcuPercent>16.67</CasesAdmittedToIcuPercent>
      <CasesHospitalised>32</CasesHospitalised>
      <CasesHospitalisedPercent>9.41</CasesHospitalisedPercent>
      <Name>55To64</Name>
      <NumberOfCases>450</NumberOfCases>
    </HspcHospitalised>
    <HspcHospitalised>
      <CasesAdmittedToIcu>4</CasesAdmittedToIcu>
      <CasesAdmittedToIcuPercent>33.33</CasesAdmittedToIcuPercent>
      <CasesHospitalised>59</CasesHospitalised>
      <CasesHospitalisedPercent>17.35</CasesHospitalisedPercent>
      <Name>65To74</Name>
      <NumberOfCases>268</NumberOfCases>
    </HspcHospitalised>
    <HspcHospitalised>
      <CasesAdmittedToIcu>4</CasesAdmittedToIcu>
      <CasesAdmittedToIcuPercent>33.33</CasesAdmittedToIcuPercent>
      <CasesHospitalised>97</CasesHospitalised>
      <CasesHospitalisedPercent>28.53</CasesHospitalisedPercent>
      <Name>75To84</Name>
      <NumberOfCases>216</NumberOfCases>
    </HspcHospitalised>
    <HspcHospitalised>
      <CasesAdmittedToIcu>0</CasesAdmittedToIcu>
      <CasesAdmittedToIcuPercent>0</CasesAdmittedToIcuPercent>
      <CasesHospitalised>57</CasesHospitalised>
      <CasesHospitalisedPercent>16.76</CasesHospitalisedPercent>
      <Name>85Plus</Name>
      <NumberOfCases>159</NumberOfCases>
    </HspcHospitalised>
    <HspcHospitalised>
      <CasesAdmittedToIcu>0</CasesAdmittedToIcu>
      <CasesAdmittedToIcuPercent>0</CasesAdmittedToIcuPercent>
      <CasesHospitalised>0</CasesHospitalised>
      <CasesHospitalisedPercent>0</CasesHospitalisedPercent>
      <Name>Unknown</Name>
      <NumberOfCases>1</NumberOfCases>
    </HspcHospitalised>
  </Hospitalised>
  <PreparedDate>2020-11-23T00:00:00</PreparedDate>
  <SexCharacteristics>
    <Female>
      <Absolute>2702</Absolute>
      <Percent>52.19</Percent>
    </Female>
    <Male>
      <Absolute>2464</Absolute>
      <Percent>47.6</Percent>
    </Male>
    <MaleFemaleRatio>0.91</MaleFemaleRatio>
    <Unknown>
      <Absolute>11</Absolute>
      <Percent>0.21</Percent>
    </Unknown>
  </SexCharacteristics>
  <SourceFileName>COVID-19_14 day epidemiology report_20201123_website.pdf</SourceFileName>
  <SymptomStatusAtTimeOfTestCharacteristics>
    <No>
      <Absolute>1423</Absolute>
      <Percent>27.49</Percent>
    </No>
    <Unknown>
      <Absolute>739</Absolute>
      <Percent>14.27</Percent>
    </Unknown>
    <Yes>
      <Absolute>3015</Absolute>
      <Percent>58.24</Percent>
    </Yes>
  </SymptomStatusAtTimeOfTestCharacteristics>
  <ToDate>2020-11-22T00:00:00</ToDate>
  <TotalConfirmedCases>
    <Absolute>5177</Absolute>
    <Percent>100</Percent>
  </TotalConfirmedCases>
  <UnderlyingConditionsCharacteristics>
    <No>
      <Absolute>3282</Absolute>
      <Percent>63.4</Percent>
    </No>
    <Unknown>
      <Absolute>618</Absolute>
      <Percent>11.94</Percent>
    </Unknown>
    <Yes>
      <Absolute>1277</Absolute>
      <Percent>24.67</Percent>
    </Yes>
  </UnderlyingConditionsCharacteristics>
</HspcDailyEpidemiology>