﻿<?xml version="1.0" encoding="utf-8"?>
<HspcDailyEpidemiology xmlns:i="http://www.w3.org/2001/XMLSchema-instance" xmlns="http://schemas.datacontract.org/2004/07/CovidStats.DailyEpidemiology">
  <AgeCharacteristics>
    <Age0To4>
      <Absolute>120</Absolute>
      <Percent>4.04</Percent>
    </Age0To4>
    <Age13To18>
      <Absolute>0</Absolute>
      <Percent>0</Percent>
    </Age13To18>
    <Age19To24>
      <Absolute>0</Absolute>
      <Percent>0</Percent>
    </Age19To24>
    <Age25To34>
      <Absolute>523</Absolute>
      <Percent>17.61</Percent>
    </Age25To34>
    <Age35To44>
      <Absolute>442</Absolute>
      <Percent>14.88</Percent>
    </Age35To44>
    <Age45To54>
      <Absolute>402</Absolute>
      <Percent>13.54</Percent>
    </Age45To54>
    <Age55To64>
      <Absolute>286</Absolute>
      <Percent>9.63</Percent>
    </Age55To64>
    <Age5To12>
      <Absolute>0</Absolute>
      <Percent>0</Percent>
    </Age5To12>
    <Age65To74>
      <Absolute>192</Absolute>
      <Percent>6.46</Percent>
    </Age65To74>
    <Age75To84>
      <Absolute>71</Absolute>
      <Percent>2.39</Percent>
    </Age75To84>
    <Age85Plus>
      <Absolute>34</Absolute>
      <Percent>1.14</Percent>
    </Age85Plus>
    <AgeUnknown>
      <Absolute>0</Absolute>
      <Percent>0</Percent>
    </AgeUnknown>
    <MeanAge>36</MeanAge>
    <MedianAge>33</MedianAge>
  </AgeCharacteristics>
  <CCARates />
  <CHORates i:nil="true" />
  <CountyRates i:nil="true" />
  <FromDate>2020-09-04T00:00:00</FromDate>
  <Hospitalised i:nil="true" />
  <PreparedDate>2020-09-18T00:00:00</PreparedDate>
  <SexCharacteristics>
    <Female>
      <Absolute>1493</Absolute>
      <Percent>50.27</Percent>
    </Female>
    <Male>
      <Absolute>1469</Absolute>
      <Percent>49.46</Percent>
    </Male>
    <MaleFemaleRatio>0.98</MaleFemaleRatio>
    <Unknown>
      <Absolute>8</Absolute>
      <Percent>0.27</Percent>
    </Unknown>
  </SexCharacteristics>
  <SourceFileName>COVID-19_14_day_epidemiology_report_20201918_Website.pdf</SourceFileName>
  <SymptomStatusAtTimeOfTestCharacteristics>
    <No i:nil="true" />
    <Unknown i:nil="true" />
    <Yes i:nil="true" />
  </SymptomStatusAtTimeOfTestCharacteristics>
  <ToDate>2020-09-17T00:00:00</ToDate>
  <TotalConfirmedCases>
    <Absolute>2970</Absolute>
    <Percent>100</Percent>
  </TotalConfirmedCases>
  <UnderlyingConditionsCharacteristics>
    <No>
      <Absolute>1823</Absolute>
      <Percent>61.38</Percent>
    </No>
    <Unknown>
      <Absolute>305</Absolute>
      <Percent>10.27</Percent>
    </Unknown>
    <Yes>
      <Absolute>842</Absolute>
      <Percent>28.35</Percent>
    </Yes>
  </UnderlyingConditionsCharacteristics>
</HspcDailyEpidemiology>