﻿<?xml version="1.0" encoding="utf-8"?>
<HspcDailyEpidemiology xmlns:i="http://www.w3.org/2001/XMLSchema-instance" xmlns="http://schemas.datacontract.org/2004/07/CovidStats.DailyEpidemiology">
  <AgeCharacteristics>
    <Age0To4>
      <Absolute>139</Absolute>
      <Percent>2.55</Percent>
    </Age0To4>
    <Age13To18>
      <Absolute>0</Absolute>
      <Percent>0</Percent>
    </Age13To18>
    <Age19To24>
      <Absolute>0</Absolute>
      <Percent>0</Percent>
    </Age19To24>
    <Age25To34>
      <Absolute>984</Absolute>
      <Percent>18.08</Percent>
    </Age25To34>
    <Age35To44>
      <Absolute>826</Absolute>
      <Percent>15.18</Percent>
    </Age35To44>
    <Age45To54>
      <Absolute>741</Absolute>
      <Percent>13.62</Percent>
    </Age45To54>
    <Age55To64>
      <Absolute>535</Absolute>
      <Percent>9.83</Percent>
    </Age55To64>
    <Age5To12>
      <Absolute>0</Absolute>
      <Percent>0</Percent>
    </Age5To12>
    <Age65To74>
      <Absolute>267</Absolute>
      <Percent>4.91</Percent>
    </Age65To74>
    <Age75To84>
      <Absolute>140</Absolute>
      <Percent>2.57</Percent>
    </Age75To84>
    <Age85Plus>
      <Absolute>62</Absolute>
      <Percent>1.14</Percent>
    </Age85Plus>
    <AgeUnknown>
      <Absolute>0</Absolute>
      <Percent>0</Percent>
    </AgeUnknown>
    <MeanAge>36</MeanAge>
    <MedianAge>33</MedianAge>
  </AgeCharacteristics>
  <CCARates />
  <CHORates i:nil="true" />
  <CountyRates i:nil="true" />
  <FromDate>2020-09-21T00:00:00</FromDate>
  <Hospitalised i:nil="true" />
  <PreparedDate>2020-10-05T00:00:00</PreparedDate>
  <SexCharacteristics>
    <Female>
      <Absolute>2722</Absolute>
      <Percent>50.03</Percent>
    </Female>
    <Male>
      <Absolute>2709</Absolute>
      <Percent>49.79</Percent>
    </Male>
    <MaleFemaleRatio>1</MaleFemaleRatio>
    <Unknown>
      <Absolute>10</Absolute>
      <Percent>0.18</Percent>
    </Unknown>
  </SexCharacteristics>
  <SourceFileName>COVID-19_14_day_epidemiology_report_20201005_Website.pdf</SourceFileName>
  <SymptomStatusAtTimeOfTestCharacteristics>
    <No i:nil="true" />
    <Unknown i:nil="true" />
    <Yes i:nil="true" />
  </SymptomStatusAtTimeOfTestCharacteristics>
  <ToDate>2020-10-04T00:00:00</ToDate>
  <TotalConfirmedCases>
    <Absolute>5441</Absolute>
    <Percent>100</Percent>
  </TotalConfirmedCases>
  <UnderlyingConditionsCharacteristics>
    <No>
      <Absolute>3572</Absolute>
      <Percent>65.65</Percent>
    </No>
    <Unknown>
      <Absolute>685</Absolute>
      <Percent>12.59</Percent>
    </Unknown>
    <Yes>
      <Absolute>1184</Absolute>
      <Percent>21.76</Percent>
    </Yes>
  </UnderlyingConditionsCharacteristics>
</HspcDailyEpidemiology>