﻿<?xml version="1.0" encoding="utf-8"?>
<HspcDailyEpidemiology xmlns:i="http://www.w3.org/2001/XMLSchema-instance" xmlns="http://schemas.datacontract.org/2004/07/CovidStats.DailyEpidemiology">
  <AgeCharacteristics>
    <Age0To4>
      <Absolute>232</Absolute>
      <Percent>2.75</Percent>
    </Age0To4>
    <Age13To18>
      <Absolute>0</Absolute>
      <Percent>0</Percent>
    </Age13To18>
    <Age19To24>
      <Absolute>0</Absolute>
      <Percent>0</Percent>
    </Age19To24>
    <Age25To34>
      <Absolute>1507</Absolute>
      <Percent>17.85</Percent>
    </Age25To34>
    <Age35To44>
      <Absolute>1167</Absolute>
      <Percent>13.82</Percent>
    </Age35To44>
    <Age45To54>
      <Absolute>1110</Absolute>
      <Percent>13.15</Percent>
    </Age45To54>
    <Age55To64>
      <Absolute>835</Absolute>
      <Percent>9.89</Percent>
    </Age55To64>
    <Age5To12>
      <Absolute>0</Absolute>
      <Percent>0</Percent>
    </Age5To12>
    <Age65To74>
      <Absolute>388</Absolute>
      <Percent>4.6</Percent>
    </Age65To74>
    <Age75To84>
      <Absolute>219</Absolute>
      <Percent>2.59</Percent>
    </Age75To84>
    <Age85Plus>
      <Absolute>138</Absolute>
      <Percent>1.63</Percent>
    </Age85Plus>
    <AgeUnknown>
      <Absolute>5</Absolute>
      <Percent>0.06</Percent>
    </AgeUnknown>
    <MeanAge>36</MeanAge>
    <MedianAge>32</MedianAge>
  </AgeCharacteristics>
  <CCARates>
    <HspcIncidence>
      <ConfirmedCases>118</ConfirmedCases>
      <IncidencePer100k>86.7</IncidencePer100k>
      <Name>DublinSouth</Name>
    </HspcIncidence>
    <HspcIncidence>
      <ConfirmedCases>265</ConfirmedCases>
      <IncidencePer100k>214.2</IncidencePer100k>
      <Name>DublinSouthEast</Name>
    </HspcIncidence>
    <HspcIncidence>
      <ConfirmedCases>183</ConfirmedCases>
      <IncidencePer100k>122.1</IncidencePer100k>
      <Name>DublinSouthCity</Name>
    </HspcIncidence>
    <HspcIncidence>
      <ConfirmedCases>235</ConfirmedCases>
      <IncidencePer100k>146.1</IncidencePer100k>
      <Name>DublinSouthWest</Name>
    </HspcIncidence>
    <HspcIncidence>
      <ConfirmedCases>364</ConfirmedCases>
      <IncidencePer100k>234.3</IncidencePer100k>
      <Name>DublinWest</Name>
    </HspcIncidence>
    <HspcIncidence>
      <ConfirmedCases>514</ConfirmedCases>
      <IncidencePer100k>247.5</IncidencePer100k>
      <Name>DublinNorthWest</Name>
    </HspcIncidence>
    <HspcIncidence>
      <ConfirmedCases>385</ConfirmedCases>
      <IncidencePer100k>249.1</IncidencePer100k>
      <Name>DublinNorthCentral</Name>
    </HspcIncidence>
    <HspcIncidence>
      <ConfirmedCases>374</ConfirmedCases>
      <IncidencePer100k>144.3</IncidencePer100k>
      <Name>DublinNorth</Name>
    </HspcIncidence>
  </CCARates>
  <CHORates i:nil="true" />
  <CountyRates>
    <HspcIncidence>
      <ConfirmedCases>314</ConfirmedCases>
      <IncidencePer100k>412.20331863053980256248687000</IncidencePer100k>
      <Name>Cavan</Name>
    </HspcIncidence>
    <HspcIncidence>
      <ConfirmedCases>565</ConfirmedCases>
      <IncidencePer100k>354.91733252927282778029047000</IncidencePer100k>
      <Name>Donegal</Name>
    </HspcIncidence>
    <HspcIncidence>
      <ConfirmedCases>192</ConfirmedCases>
      <IncidencePer100k>312.77489981428990323526537000</IncidencePer100k>
      <Name>Monaghan</Name>
    </HspcIncidence>
    <HspcIncidence>
      <ConfirmedCases>360</ConfirmedCases>
      <IncidencePer100k>302.98694631239637425620913000</IncidencePer100k>
      <Name>Clare</Name>
    </HspcIncidence>
    <HspcIncidence>
      <ConfirmedCases>417</ConfirmedCases>
      <IncidencePer100k>213.79791226595024712372593000</IncidencePer100k>
      <Name>Meath</Name>
    </HspcIncidence>
    <HspcIncidence>
      <ConfirmedCases>1081</ConfirmedCases>
      <IncidencePer100k>199.12759639544051224238673000</IncidencePer100k>
      <Name>Cork</Name>
    </HspcIncidence>
    <HspcIncidence>
      <ConfirmedCases>80</ConfirmedCases>
      <IncidencePer100k>195.72823135076945660949771000</IncidencePer100k>
      <Name>Longford</Name>
    </HspcIncidence>
    <HspcIncidence>
      <ConfirmedCases>123</ConfirmedCases>
      <IncidencePer100k>187.68596932936598764019226000</IncidencePer100k>
      <Name>Sligo</Name>
    </HspcIncidence>
    <HspcIncidence>
      <ConfirmedCases>357</ConfirmedCases>
      <IncidencePer100k>183.17179667417482901400212000</IncidencePer100k>
      <Name>Limerick</Name>
    </HspcIncidence>
    <HspcIncidence>
      <ConfirmedCases>118</ConfirmedCases>
      <IncidencePer100k>182.82102131879028259791770000</IncidencePer100k>
      <Name>Roscommon</Name>
    </HspcIncidence>
    <HspcIncidence>
      <ConfirmedCases>2438</ConfirmedCases>
      <IncidencePer100k>181.20977967923341871054153000</IncidencePer100k>
      <Name>Dublin</Name>
    </HspcIncidence>
    <HspcIncidence>
      <ConfirmedCases>374</ConfirmedCases>
      <IncidencePer100k>168.08686585409700499766296000</IncidencePer100k>
      <Name>Kildare</Name>
    </HspcIncidence>
    <HspcIncidence>
      <ConfirmedCases>427</ConfirmedCases>
      <IncidencePer100k>165.46667803362034891381007000</IncidencePer100k>
      <Name>Galway</Name>
    </HspcIncidence>
    <HspcIncidence>
      <ConfirmedCases>240</ConfirmedCases>
      <IncidencePer100k>160.29708392888152709688623000</IncidencePer100k>
      <Name>Wexford</Name>
    </HspcIncidence>
    <HspcIncidence>
      <ConfirmedCases>141</ConfirmedCases>
      <IncidencePer100k>158.83744508279824264954376000</IncidencePer100k>
      <Name>Westmeath</Name>
    </HspcIncidence>
    <HspcIncidence>
      <ConfirmedCases>114</ConfirmedCases>
      <IncidencePer100k>146.22695963366298533882326000</IncidencePer100k>
      <Name>Offaly</Name>
    </HspcIncidence>
    <HspcIncidence>
      <ConfirmedCases>214</ConfirmedCases>
      <IncidencePer100k>144.88142065034155456410326000</IncidencePer100k>
      <Name>Kerry</Name>
    </HspcIncidence>
    <HspcIncidence>
      <ConfirmedCases>118</ConfirmedCases>
      <IncidencePer100k>139.32016482283906159604236000</IncidencePer100k>
      <Name>Laois</Name>
    </HspcIncidence>
    <HspcIncidence>
      <ConfirmedCases>44</ConfirmedCases>
      <IncidencePer100k>137.31119710398202471601548000</IncidencePer100k>
      <Name>Leitrim</Name>
    </HspcIncidence>
    <HspcIncidence>
      <ConfirmedCases>148</ConfirmedCases>
      <IncidencePer100k>114.83194190124452996492970000</IncidencePer100k>
      <Name>Louth</Name>
    </HspcIncidence>
    <HspcIncidence>
      <ConfirmedCases>97</ConfirmedCases>
      <IncidencePer100k>97.75072557239600128990648000</IncidencePer100k>
      <Name>Kilkenny</Name>
    </HspcIncidence>
    <HspcIncidence>
      <ConfirmedCases>131</ConfirmedCases>
      <IncidencePer100k>91.97823415832894505880288000</IncidencePer100k>
      <Name>Wicklow</Name>
    </HspcIncidence>
    <HspcIncidence>
      <ConfirmedCases>105</ConfirmedCases>
      <IncidencePer100k>80.45545449669366394139778000</IncidencePer100k>
      <Name>Mayo</Name>
    </HspcIncidence>
    <HspcIncidence>
      <ConfirmedCases>124</ConfirmedCases>
      <IncidencePer100k>77.717122210174675499677220000</IncidencePer100k>
      <Name>Tipperary</Name>
    </HspcIncidence>
    <HspcIncidence>
      <ConfirmedCases>43</ConfirmedCases>
      <IncidencePer100k>75.528700906344410876132930000</IncidencePer100k>
      <Name>Carlow</Name>
    </HspcIncidence>
    <HspcIncidence>
      <ConfirmedCases>77</ConfirmedCases>
      <IncidencePer100k>66.278749483542211816554190000</IncidencePer100k>
      <Name>Waterford</Name>
    </HspcIncidence>
  </CountyRates>
  <FromDate>2020-09-29T00:00:00</FromDate>
  <Hospitalised>
    <HspcHospitalised>
      <CasesAdmittedToIcu>0</CasesAdmittedToIcu>
      <CasesAdmittedToIcuPercent>0</CasesAdmittedToIcuPercent>
      <CasesHospitalised>8</CasesHospitalised>
      <CasesHospitalisedPercent>3.27</CasesHospitalisedPercent>
      <Name>0To4</Name>
      <NumberOfCases>232</NumberOfCases>
    </HspcHospitalised>
    <HspcHospitalised>
      <CasesAdmittedToIcu>0</CasesAdmittedToIcu>
      <CasesAdmittedToIcuPercent>0</CasesAdmittedToIcuPercent>
      <CasesHospitalised>10</CasesHospitalised>
      <CasesHospitalisedPercent>4.08</CasesHospitalisedPercent>
      <Name>5To14</Name>
      <NumberOfCases>564</NumberOfCases>
    </HspcHospitalised>
    <HspcHospitalised>
      <CasesAdmittedToIcu>0</CasesAdmittedToIcu>
      <CasesAdmittedToIcuPercent>0</CasesAdmittedToIcuPercent>
      <CasesHospitalised>17</CasesHospitalised>
      <CasesHospitalisedPercent>6.94</CasesHospitalisedPercent>
      <Name>15To24</Name>
      <NumberOfCases>2277</NumberOfCases>
    </HspcHospitalised>
    <HspcHospitalised>
      <CasesAdmittedToIcu>0</CasesAdmittedToIcu>
      <CasesAdmittedToIcuPercent>0</CasesAdmittedToIcuPercent>
      <CasesHospitalised>26</CasesHospitalised>
      <CasesHospitalisedPercent>10.61</CasesHospitalisedPercent>
      <Name>25To34</Name>
      <NumberOfCases>1507</NumberOfCases>
    </HspcHospitalised>
    <HspcHospitalised>
      <CasesAdmittedToIcu>3</CasesAdmittedToIcu>
      <CasesAdmittedToIcuPercent>13.64</CasesAdmittedToIcuPercent>
      <CasesHospitalised>16</CasesHospitalised>
      <CasesHospitalisedPercent>6.53</CasesHospitalisedPercent>
      <Name>35To44</Name>
      <NumberOfCases>1167</NumberOfCases>
    </HspcHospitalised>
    <HspcHospitalised>
      <CasesAdmittedToIcu>0</CasesAdmittedToIcu>
      <CasesAdmittedToIcuPercent>0</CasesAdmittedToIcuPercent>
      <CasesHospitalised>16</CasesHospitalised>
      <CasesHospitalisedPercent>6.53</CasesHospitalisedPercent>
      <Name>45To54</Name>
      <NumberOfCases>1110</NumberOfCases>
    </HspcHospitalised>
    <HspcHospitalised>
      <CasesAdmittedToIcu>6</CasesAdmittedToIcu>
      <CasesAdmittedToIcuPercent>27.27</CasesAdmittedToIcuPercent>
      <CasesHospitalised>35</CasesHospitalised>
      <CasesHospitalisedPercent>14.29</CasesHospitalisedPercent>
      <Name>55To64</Name>
      <NumberOfCases>835</NumberOfCases>
    </HspcHospitalised>
    <HspcHospitalised>
      <CasesAdmittedToIcu>9</CasesAdmittedToIcu>
      <CasesAdmittedToIcuPercent>40.91</CasesAdmittedToIcuPercent>
      <CasesHospitalised>36</CasesHospitalised>
      <CasesHospitalisedPercent>14.69</CasesHospitalisedPercent>
      <Name>65To74</Name>
      <NumberOfCases>388</NumberOfCases>
    </HspcHospitalised>
    <HspcHospitalised>
      <CasesAdmittedToIcu>4</CasesAdmittedToIcu>
      <CasesAdmittedToIcuPercent>18.18</CasesAdmittedToIcuPercent>
      <CasesHospitalised>51</CasesHospitalised>
      <CasesHospitalisedPercent>20.82</CasesHospitalisedPercent>
      <Name>75To84</Name>
      <NumberOfCases>219</NumberOfCases>
    </HspcHospitalised>
    <HspcHospitalised>
      <CasesAdmittedToIcu>0</CasesAdmittedToIcu>
      <CasesAdmittedToIcuPercent>0</CasesAdmittedToIcuPercent>
      <CasesHospitalised>29</CasesHospitalised>
      <CasesHospitalisedPercent>11.84</CasesHospitalisedPercent>
      <Name>85Plus</Name>
      <NumberOfCases>138</NumberOfCases>
    </HspcHospitalised>
    <HspcHospitalised>
      <CasesAdmittedToIcu>1</CasesAdmittedToIcu>
      <CasesAdmittedToIcuPercent>0.41</CasesAdmittedToIcuPercent>
      <CasesHospitalised>0</CasesHospitalised>
      <CasesHospitalisedPercent>0</CasesHospitalisedPercent>
      <Name>Unknown</Name>
      <NumberOfCases>5</NumberOfCases>
    </HspcHospitalised>
  </Hospitalised>
  <PreparedDate>2020-10-13T00:00:00</PreparedDate>
  <SexCharacteristics>
    <Female>
      <Absolute>4157</Absolute>
      <Percent>49.24</Percent>
    </Female>
    <Male>
      <Absolute>4270</Absolute>
      <Percent>50.58</Percent>
    </Male>
    <MaleFemaleRatio>1.03</MaleFemaleRatio>
    <Unknown>
      <Absolute>15</Absolute>
      <Percent>0.18</Percent>
    </Unknown>
  </SexCharacteristics>
  <SourceFileName>COVID-19_14_day_epidemiology_report_Website_20201013.pdf</SourceFileName>
  <SymptomStatusAtTimeOfTestCharacteristics>
    <No>
      <Absolute>1373</Absolute>
      <Percent>16.26</Percent>
    </No>
    <Unknown>
      <Absolute>1803</Absolute>
      <Percent>21.36</Percent>
    </Unknown>
    <Yes>
      <Absolute>5266</Absolute>
      <Percent>62.38</Percent>
    </Yes>
  </SymptomStatusAtTimeOfTestCharacteristics>
  <ToDate>2020-10-12T00:00:00</ToDate>
  <TotalConfirmedCases>
    <Absolute>8442</Absolute>
    <Percent>100</Percent>
  </TotalConfirmedCases>
  <UnderlyingConditionsCharacteristics>
    <No>
      <Absolute>5381</Absolute>
      <Percent>63.74</Percent>
    </No>
    <Unknown>
      <Absolute>1672</Absolute>
      <Percent>19.81</Percent>
    </Unknown>
    <Yes>
      <Absolute>1389</Absolute>
      <Percent>16.45</Percent>
    </Yes>
  </UnderlyingConditionsCharacteristics>
</HspcDailyEpidemiology>