﻿<?xml version="1.0" encoding="utf-8"?>
<HspcDailyEpidemiology xmlns:i="http://www.w3.org/2001/XMLSchema-instance" xmlns="http://schemas.datacontract.org/2004/07/CovidStats.DailyEpidemiology">
  <AgeCharacteristics>
    <Age0To4>
      <Absolute>155</Absolute>
      <Percent>4.16</Percent>
    </Age0To4>
    <Age13To18>
      <Absolute>351</Absolute>
      <Percent>9.42</Percent>
    </Age13To18>
    <Age19To24>
      <Absolute>477</Absolute>
      <Percent>12.8</Percent>
    </Age19To24>
    <Age25To34>
      <Absolute>550</Absolute>
      <Percent>14.76</Percent>
    </Age25To34>
    <Age35To44>
      <Absolute>574</Absolute>
      <Percent>15.4</Percent>
    </Age35To44>
    <Age45To54>
      <Absolute>504</Absolute>
      <Percent>13.52</Percent>
    </Age45To54>
    <Age55To64>
      <Absolute>314</Absolute>
      <Percent>8.43</Percent>
    </Age55To64>
    <Age5To12>
      <Absolute>349</Absolute>
      <Percent>9.36</Percent>
    </Age5To12>
    <Age65To74>
      <Absolute>183</Absolute>
      <Percent>4.91</Percent>
    </Age65To74>
    <Age75To84>
      <Absolute>169</Absolute>
      <Percent>4.53</Percent>
    </Age75To84>
    <Age85Plus>
      <Absolute>99</Absolute>
      <Percent>2.66</Percent>
    </Age85Plus>
    <AgeUnknown>
      <Absolute>2</Absolute>
      <Percent>0.05</Percent>
    </AgeUnknown>
    <MeanAge>37</MeanAge>
    <MedianAge>34</MedianAge>
  </AgeCharacteristics>
  <CCARates>
    <HspcIncidence>
      <ConfirmedCases>99</ConfirmedCases>
      <IncidencePer100k>72.8</IncidencePer100k>
      <Name>DublinSouth</Name>
    </HspcIncidence>
    <HspcIncidence>
      <ConfirmedCases>167</ConfirmedCases>
      <IncidencePer100k>135.0</IncidencePer100k>
      <Name>DublinSouthEast</Name>
    </HspcIncidence>
    <HspcIncidence>
      <ConfirmedCases>94</ConfirmedCases>
      <IncidencePer100k>62.7</IncidencePer100k>
      <Name>DublinSouthCity</Name>
    </HspcIncidence>
    <HspcIncidence>
      <ConfirmedCases>126</ConfirmedCases>
      <IncidencePer100k>78.3</IncidencePer100k>
      <Name>DublinSouthWest</Name>
    </HspcIncidence>
    <HspcIncidence>
      <ConfirmedCases>123</ConfirmedCases>
      <IncidencePer100k>79.2</IncidencePer100k>
      <Name>DublinWest</Name>
    </HspcIncidence>
    <HspcIncidence>
      <ConfirmedCases>197</ConfirmedCases>
      <IncidencePer100k>94.9</IncidencePer100k>
      <Name>DublinNorthWest</Name>
    </HspcIncidence>
    <HspcIncidence>
      <ConfirmedCases>220</ConfirmedCases>
      <IncidencePer100k>142.3</IncidencePer100k>
      <Name>DublinNorthCentral</Name>
    </HspcIncidence>
    <HspcIncidence>
      <ConfirmedCases>179</ConfirmedCases>
      <IncidencePer100k>69.1</IncidencePer100k>
      <Name>DublinNorth</Name>
    </HspcIncidence>
  </CCARates>
  <CHORates>
    <HspcIncidence>
      <ConfirmedCases>477</ConfirmedCases>
      <IncidencePer100k>121.9</IncidencePer100k>
      <Name>CHO1</Name>
    </HspcIncidence>
    <HspcIncidence>
      <ConfirmedCases>268</ConfirmedCases>
      <IncidencePer100k>59.1</IncidencePer100k>
      <Name>CHO2</Name>
    </HspcIncidence>
    <HspcIncidence>
      <ConfirmedCases>357</ConfirmedCases>
      <IncidencePer100k>92.7</IncidencePer100k>
      <Name>CHO3</Name>
    </HspcIncidence>
    <HspcIncidence>
      <ConfirmedCases>320</ConfirmedCases>
      <IncidencePer100k>46.3</IncidencePer100k>
      <Name>CHO4</Name>
    </HspcIncidence>
    <HspcIncidence>
      <ConfirmedCases>403</ConfirmedCases>
      <IncidencePer100k>79.0</IncidencePer100k>
      <Name>CHO5</Name>
    </HspcIncidence>
    <HspcIncidence>
      <ConfirmedCases>415</ConfirmedCases>
      <IncidencePer100k>108.3</IncidencePer100k>
      <Name>CHO6</Name>
    </HspcIncidence>
    <HspcIncidence>
      <ConfirmedCases>453</ConfirmedCases>
      <IncidencePer100k>64.0</IncidencePer100k>
      <Name>CHO7</Name>
    </HspcIncidence>
    <HspcIncidence>
      <ConfirmedCases>438</ConfirmedCases>
      <IncidencePer100k>70.7</IncidencePer100k>
      <Name>CHO8</Name>
    </HspcIncidence>
    <HspcIncidence>
      <ConfirmedCases>596</ConfirmedCases>
      <IncidencePer100k>95.9</IncidencePer100k>
      <Name>CHO9</Name>
    </HspcIncidence>
  </CHORates>
  <CountyRates>
    <HspcIncidence>
      <ConfirmedCases>53</ConfirmedCases>
      <IncidencePer100k>93.1</IncidencePer100k>
      <Name>Carlow</Name>
    </HspcIncidence>
    <HspcIncidence>
      <ConfirmedCases>40</ConfirmedCases>
      <IncidencePer100k>52.5</IncidencePer100k>
      <Name>Cavan</Name>
    </HspcIncidence>
    <HspcIncidence>
      <ConfirmedCases>46</ConfirmedCases>
      <IncidencePer100k>38.7</IncidencePer100k>
      <Name>Clare</Name>
    </HspcIncidence>
    <HspcIncidence>
      <ConfirmedCases>268</ConfirmedCases>
      <IncidencePer100k>49.4</IncidencePer100k>
      <Name>Cork</Name>
    </HspcIncidence>
    <HspcIncidence>
      <ConfirmedCases>336</ConfirmedCases>
      <IncidencePer100k>211.1</IncidencePer100k>
      <Name>Donegal</Name>
    </HspcIncidence>
    <HspcIncidence>
      <ConfirmedCases>1205</ConfirmedCases>
      <IncidencePer100k>89.4</IncidencePer100k>
      <Name>Dublin</Name>
    </HspcIncidence>
    <HspcIncidence>
      <ConfirmedCases>127</ConfirmedCases>
      <IncidencePer100k>49.2</IncidencePer100k>
      <Name>Galway</Name>
    </HspcIncidence>
    <HspcIncidence>
      <ConfirmedCases>52</ConfirmedCases>
      <IncidencePer100k>35.2</IncidencePer100k>
      <Name>Kerry</Name>
    </HspcIncidence>
    <HspcIncidence>
      <ConfirmedCases>108</ConfirmedCases>
      <IncidencePer100k>48.5</IncidencePer100k>
      <Name>Kildare</Name>
    </HspcIncidence>
    <HspcIncidence>
      <ConfirmedCases>147</ConfirmedCases>
      <IncidencePer100k>148.1</IncidencePer100k>
      <Name>Kilkenny</Name>
    </HspcIncidence>
    <HspcIncidence>
      <ConfirmedCases>42</ConfirmedCases>
      <IncidencePer100k>49.6</IncidencePer100k>
      <Name>Laois</Name>
    </HspcIncidence>
    <HspcIncidence>
      <ConfirmedCases>3</ConfirmedCases>
      <IncidencePer100k>9.4</IncidencePer100k>
      <Name>Leitrim</Name>
    </HspcIncidence>
    <HspcIncidence>
      <ConfirmedCases>275</ConfirmedCases>
      <IncidencePer100k>141.1</IncidencePer100k>
      <Name>Limerick</Name>
    </HspcIncidence>
    <HspcIncidence>
      <ConfirmedCases>37</ConfirmedCases>
      <IncidencePer100k>90.5</IncidencePer100k>
      <Name>Longford</Name>
    </HspcIncidence>
    <HspcIncidence>
      <ConfirmedCases>210</ConfirmedCases>
      <IncidencePer100k>162.9</IncidencePer100k>
      <Name>Louth</Name>
    </HspcIncidence>
    <HspcIncidence>
      <ConfirmedCases>108</ConfirmedCases>
      <IncidencePer100k>82.8</IncidencePer100k>
      <Name>Mayo</Name>
    </HspcIncidence>
    <HspcIncidence>
      <ConfirmedCases>96</ConfirmedCases>
      <IncidencePer100k>49.2</IncidencePer100k>
      <Name>Meath</Name>
    </HspcIncidence>
    <HspcIncidence>
      <ConfirmedCases>70</ConfirmedCases>
      <IncidencePer100k>114.0</IncidencePer100k>
      <Name>Monaghan</Name>
    </HspcIncidence>
    <HspcIncidence>
      <ConfirmedCases>29</ConfirmedCases>
      <IncidencePer100k>37.2</IncidencePer100k>
      <Name>Offaly</Name>
    </HspcIncidence>
    <HspcIncidence>
      <ConfirmedCases>33</ConfirmedCases>
      <IncidencePer100k>51.1</IncidencePer100k>
      <Name>Roscommon</Name>
    </HspcIncidence>
    <HspcIncidence>
      <ConfirmedCases>28</ConfirmedCases>
      <IncidencePer100k>42.7</IncidencePer100k>
      <Name>Sligo</Name>
    </HspcIncidence>
    <HspcIncidence>
      <ConfirmedCases>132</ConfirmedCases>
      <IncidencePer100k>82.7</IncidencePer100k>
      <Name>Tipperary</Name>
    </HspcIncidence>
    <HspcIncidence>
      <ConfirmedCases>80</ConfirmedCases>
      <IncidencePer100k>68.9</IncidencePer100k>
      <Name>Waterford</Name>
    </HspcIncidence>
    <HspcIncidence>
      <ConfirmedCases>23</ConfirmedCases>
      <IncidencePer100k>25.9</IncidencePer100k>
      <Name>Westmeath</Name>
    </HspcIncidence>
    <HspcIncidence>
      <ConfirmedCases>28</ConfirmedCases>
      <IncidencePer100k>18.7</IncidencePer100k>
      <Name>Wexford</Name>
    </HspcIncidence>
    <HspcIncidence>
      <ConfirmedCases>151</ConfirmedCases>
      <IncidencePer100k>106.0</IncidencePer100k>
      <Name>Wicklow</Name>
    </HspcIncidence>
  </CountyRates>
  <FromDate>2020-11-20T00:00:00</FromDate>
  <Hospitalised>
    <HspcHospitalised>
      <CasesAdmittedToIcu>0</CasesAdmittedToIcu>
      <CasesAdmittedToIcuPercent>0</CasesAdmittedToIcuPercent>
      <CasesHospitalised>1</CasesHospitalised>
      <CasesHospitalisedPercent>0.47</CasesHospitalisedPercent>
      <Name>0To4</Name>
      <NumberOfCases>155</NumberOfCases>
    </HspcHospitalised>
    <HspcHospitalised>
      <CasesAdmittedToIcu>0</CasesAdmittedToIcu>
      <CasesAdmittedToIcuPercent>0</CasesAdmittedToIcuPercent>
      <CasesHospitalised>1</CasesHospitalised>
      <CasesHospitalisedPercent>0.47</CasesHospitalisedPercent>
      <Name>5To12</Name>
      <NumberOfCases>349</NumberOfCases>
    </HspcHospitalised>
    <HspcHospitalised>
      <CasesAdmittedToIcu>0</CasesAdmittedToIcu>
      <CasesAdmittedToIcuPercent>0</CasesAdmittedToIcuPercent>
      <CasesHospitalised>1</CasesHospitalised>
      <CasesHospitalisedPercent>0.47</CasesHospitalisedPercent>
      <Name>13To18</Name>
      <NumberOfCases>351</NumberOfCases>
    </HspcHospitalised>
    <HspcHospitalised>
      <CasesAdmittedToIcu>0</CasesAdmittedToIcu>
      <CasesAdmittedToIcuPercent>0</CasesAdmittedToIcuPercent>
      <CasesHospitalised>3</CasesHospitalised>
      <CasesHospitalisedPercent>1.4</CasesHospitalisedPercent>
      <Name>19To24</Name>
      <NumberOfCases>477</NumberOfCases>
    </HspcHospitalised>
    <HspcHospitalised>
      <CasesAdmittedToIcu>0</CasesAdmittedToIcu>
      <CasesAdmittedToIcuPercent>0</CasesAdmittedToIcuPercent>
      <CasesHospitalised>17</CasesHospitalised>
      <CasesHospitalisedPercent>7.91</CasesHospitalisedPercent>
      <Name>25To34</Name>
      <NumberOfCases>550</NumberOfCases>
    </HspcHospitalised>
    <HspcHospitalised>
      <CasesAdmittedToIcu>0</CasesAdmittedToIcu>
      <CasesAdmittedToIcuPercent>0</CasesAdmittedToIcuPercent>
      <CasesHospitalised>15</CasesHospitalised>
      <CasesHospitalisedPercent>6.98</CasesHospitalisedPercent>
      <Name>35To44</Name>
      <NumberOfCases>574</NumberOfCases>
    </HspcHospitalised>
    <HspcHospitalised>
      <CasesAdmittedToIcu>0</CasesAdmittedToIcu>
      <CasesAdmittedToIcuPercent>0</CasesAdmittedToIcuPercent>
      <CasesHospitalised>21</CasesHospitalised>
      <CasesHospitalisedPercent>9.77</CasesHospitalisedPercent>
      <Name>45To54</Name>
      <NumberOfCases>504</NumberOfCases>
    </HspcHospitalised>
    <HspcHospitalised>
      <CasesAdmittedToIcu>5</CasesAdmittedToIcu>
      <CasesAdmittedToIcuPercent>71.43</CasesAdmittedToIcuPercent>
      <CasesHospitalised>25</CasesHospitalised>
      <CasesHospitalisedPercent>11.63</CasesHospitalisedPercent>
      <Name>55To64</Name>
      <NumberOfCases>314</NumberOfCases>
    </HspcHospitalised>
    <HspcHospitalised>
      <CasesAdmittedToIcu>0</CasesAdmittedToIcu>
      <CasesAdmittedToIcuPercent>0</CasesAdmittedToIcuPercent>
      <CasesHospitalised>34</CasesHospitalised>
      <CasesHospitalisedPercent>15.81</CasesHospitalisedPercent>
      <Name>65To74</Name>
      <NumberOfCases>183</NumberOfCases>
    </HspcHospitalised>
    <HspcHospitalised>
      <CasesAdmittedToIcu>2</CasesAdmittedToIcu>
      <CasesAdmittedToIcuPercent>28.57</CasesAdmittedToIcuPercent>
      <CasesHospitalised>61</CasesHospitalised>
      <CasesHospitalisedPercent>28.37</CasesHospitalisedPercent>
      <Name>75To84</Name>
      <NumberOfCases>169</NumberOfCases>
    </HspcHospitalised>
    <HspcHospitalised>
      <CasesAdmittedToIcu>0</CasesAdmittedToIcu>
      <CasesAdmittedToIcuPercent>0</CasesAdmittedToIcuPercent>
      <CasesHospitalised>36</CasesHospitalised>
      <CasesHospitalisedPercent>16.74</CasesHospitalisedPercent>
      <Name>85Plus</Name>
      <NumberOfCases>99</NumberOfCases>
    </HspcHospitalised>
    <HspcHospitalised>
      <CasesAdmittedToIcu>0</CasesAdmittedToIcu>
      <CasesAdmittedToIcuPercent>0</CasesAdmittedToIcuPercent>
      <CasesHospitalised>0</CasesHospitalised>
      <CasesHospitalisedPercent>0</CasesHospitalisedPercent>
      <Name>Unknown</Name>
      <NumberOfCases>2</NumberOfCases>
    </HspcHospitalised>
  </Hospitalised>
  <PreparedDate>2020-12-04T00:00:00</PreparedDate>
  <SexCharacteristics>
    <Female>
      <Absolute>1869</Absolute>
      <Percent>50.15</Percent>
    </Female>
    <Male>
      <Absolute>1845</Absolute>
      <Percent>49.5</Percent>
    </Male>
    <MaleFemaleRatio>0.99</MaleFemaleRatio>
    <Unknown>
      <Absolute>13</Absolute>
      <Percent>0.35</Percent>
    </Unknown>
  </SexCharacteristics>
  <SourceFileName>COVID-19_14_day_epidemiology_report_20201204_website.pdf</SourceFileName>
  <SymptomStatusAtTimeOfTestCharacteristics>
    <No>
      <Absolute>948</Absolute>
      <Percent>25.44</Percent>
    </No>
    <Unknown>
      <Absolute>622</Absolute>
      <Percent>16.69</Percent>
    </Unknown>
    <Yes>
      <Absolute>2157</Absolute>
      <Percent>57.87</Percent>
    </Yes>
  </SymptomStatusAtTimeOfTestCharacteristics>
  <ToDate>2020-12-03T00:00:00</ToDate>
  <TotalConfirmedCases>
    <Absolute>3727</Absolute>
    <Percent>100</Percent>
  </TotalConfirmedCases>
  <UnderlyingConditionsCharacteristics>
    <No>
      <Absolute>2150</Absolute>
      <Percent>57.69</Percent>
    </No>
    <Unknown>
      <Absolute>548</Absolute>
      <Percent>14.7</Percent>
    </Unknown>
    <Yes>
      <Absolute>1029</Absolute>
      <Percent>27.61</Percent>
    </Yes>
  </UnderlyingConditionsCharacteristics>
</HspcDailyEpidemiology>