﻿<?xml version="1.0" encoding="utf-8"?>
<HspcDailyEpidemiology xmlns:i="http://www.w3.org/2001/XMLSchema-instance" xmlns="http://schemas.datacontract.org/2004/07/CovidStats.DailyEpidemiology">
  <AgeCharacteristics>
    <Age0To4>
      <Absolute>156</Absolute>
      <Percent>4.05</Percent>
    </Age0To4>
    <Age13To18>
      <Absolute>338</Absolute>
      <Percent>8.78</Percent>
    </Age13To18>
    <Age19To24>
      <Absolute>472</Absolute>
      <Percent>12.26</Percent>
    </Age19To24>
    <Age25To34>
      <Absolute>580</Absolute>
      <Percent>15.06</Percent>
    </Age25To34>
    <Age35To44>
      <Absolute>588</Absolute>
      <Percent>15.27</Percent>
    </Age35To44>
    <Age45To54>
      <Absolute>517</Absolute>
      <Percent>13.43</Percent>
    </Age45To54>
    <Age55To64>
      <Absolute>343</Absolute>
      <Percent>8.91</Percent>
    </Age55To64>
    <Age5To12>
      <Absolute>358</Absolute>
      <Percent>9.3</Percent>
    </Age5To12>
    <Age65To74>
      <Absolute>197</Absolute>
      <Percent>5.12</Percent>
    </Age65To74>
    <Age75To84>
      <Absolute>183</Absolute>
      <Percent>4.75</Percent>
    </Age75To84>
    <Age85Plus>
      <Absolute>117</Absolute>
      <Percent>3.04</Percent>
    </Age85Plus>
    <AgeUnknown>
      <Absolute>1</Absolute>
      <Percent>0.03</Percent>
    </AgeUnknown>
    <MeanAge>37</MeanAge>
    <MedianAge>35</MedianAge>
  </AgeCharacteristics>
  <CCARates>
    <HspcIncidence>
      <ConfirmedCases>112</ConfirmedCases>
      <IncidencePer100k>82.3</IncidencePer100k>
      <Name>DublinSouth</Name>
    </HspcIncidence>
    <HspcIncidence>
      <ConfirmedCases>189</ConfirmedCases>
      <IncidencePer100k>152.8</IncidencePer100k>
      <Name>DublinSouthEast</Name>
    </HspcIncidence>
    <HspcIncidence>
      <ConfirmedCases>105</ConfirmedCases>
      <IncidencePer100k>70.0</IncidencePer100k>
      <Name>DublinSouthCity</Name>
    </HspcIncidence>
    <HspcIncidence>
      <ConfirmedCases>131</ConfirmedCases>
      <IncidencePer100k>81.4</IncidencePer100k>
      <Name>DublinSouthWest</Name>
    </HspcIncidence>
    <HspcIncidence>
      <ConfirmedCases>130</ConfirmedCases>
      <IncidencePer100k>83.7</IncidencePer100k>
      <Name>DublinWest</Name>
    </HspcIncidence>
    <HspcIncidence>
      <ConfirmedCases>202</ConfirmedCases>
      <IncidencePer100k>97.3</IncidencePer100k>
      <Name>DublinNorthWest</Name>
    </HspcIncidence>
    <HspcIncidence>
      <ConfirmedCases>224</ConfirmedCases>
      <IncidencePer100k>144.9</IncidencePer100k>
      <Name>DublinNorthCentral</Name>
    </HspcIncidence>
    <HspcIncidence>
      <ConfirmedCases>183</ConfirmedCases>
      <IncidencePer100k>70.6</IncidencePer100k>
      <Name>DublinNorth</Name>
    </HspcIncidence>
  </CCARates>
  <CHORates>
    <HspcIncidence>
      <ConfirmedCases>497</ConfirmedCases>
      <IncidencePer100k>127.0</IncidencePer100k>
      <Name>CHO1</Name>
    </HspcIncidence>
    <HspcIncidence>
      <ConfirmedCases>272</ConfirmedCases>
      <IncidencePer100k>60.0</IncidencePer100k>
      <Name>CHO2</Name>
    </HspcIncidence>
    <HspcIncidence>
      <ConfirmedCases>370</ConfirmedCases>
      <IncidencePer100k>96.1</IncidencePer100k>
      <Name>CHO3</Name>
    </HspcIncidence>
    <HspcIncidence>
      <ConfirmedCases>283</ConfirmedCases>
      <IncidencePer100k>41.0</IncidencePer100k>
      <Name>CHO4</Name>
    </HspcIncidence>
    <HspcIncidence>
      <ConfirmedCases>424</ConfirmedCases>
      <IncidencePer100k>83.1</IncidencePer100k>
      <Name>CHO5</Name>
    </HspcIncidence>
    <HspcIncidence>
      <ConfirmedCases>462</ConfirmedCases>
      <IncidencePer100k>120.6</IncidencePer100k>
      <Name>CHO6</Name>
    </HspcIncidence>
    <HspcIncidence>
      <ConfirmedCases>481</ConfirmedCases>
      <IncidencePer100k>68.0</IncidencePer100k>
      <Name>CHO7</Name>
    </HspcIncidence>
    <HspcIncidence>
      <ConfirmedCases>452</ConfirmedCases>
      <IncidencePer100k>73.0</IncidencePer100k>
      <Name>CHO8</Name>
    </HspcIncidence>
    <HspcIncidence>
      <ConfirmedCases>609</ConfirmedCases>
      <IncidencePer100k>98.0</IncidencePer100k>
      <Name>CHO9</Name>
    </HspcIncidence>
  </CHORates>
  <CountyRates>
    <HspcIncidence>
      <ConfirmedCases>55</ConfirmedCases>
      <IncidencePer100k>96.6</IncidencePer100k>
      <Name>Carlow</Name>
    </HspcIncidence>
    <HspcIncidence>
      <ConfirmedCases>42</ConfirmedCases>
      <IncidencePer100k>55.1</IncidencePer100k>
      <Name>Cavan</Name>
    </HspcIncidence>
    <HspcIncidence>
      <ConfirmedCases>42</ConfirmedCases>
      <IncidencePer100k>35.3</IncidencePer100k>
      <Name>Clare</Name>
    </HspcIncidence>
    <HspcIncidence>
      <ConfirmedCases>236</ConfirmedCases>
      <IncidencePer100k>43.5</IncidencePer100k>
      <Name>Cork</Name>
    </HspcIncidence>
    <HspcIncidence>
      <ConfirmedCases>350</ConfirmedCases>
      <IncidencePer100k>219.9</IncidencePer100k>
      <Name>Donegal</Name>
    </HspcIncidence>
    <HspcIncidence>
      <ConfirmedCases>1276</ConfirmedCases>
      <IncidencePer100k>94.7</IncidencePer100k>
      <Name>Dublin</Name>
    </HspcIncidence>
    <HspcIncidence>
      <ConfirmedCases>130</ConfirmedCases>
      <IncidencePer100k>50.4</IncidencePer100k>
      <Name>Galway</Name>
    </HspcIncidence>
    <HspcIncidence>
      <ConfirmedCases>47</ConfirmedCases>
      <IncidencePer100k>31.8</IncidencePer100k>
      <Name>Kerry</Name>
    </HspcIncidence>
    <HspcIncidence>
      <ConfirmedCases>113</ConfirmedCases>
      <IncidencePer100k>50.8</IncidencePer100k>
      <Name>Kildare</Name>
    </HspcIncidence>
    <HspcIncidence>
      <ConfirmedCases>158</ConfirmedCases>
      <IncidencePer100k>159.2</IncidencePer100k>
      <Name>Kilkenny</Name>
    </HspcIncidence>
    <HspcIncidence>
      <ConfirmedCases>48</ConfirmedCases>
      <IncidencePer100k>56.7</IncidencePer100k>
      <Name>Laois</Name>
    </HspcIncidence>
    <HspcIncidence>
      <ConfirmedCases>4</ConfirmedCases>
      <IncidencePer100k>12.5</IncidencePer100k>
      <Name>Leitrim</Name>
    </HspcIncidence>
    <HspcIncidence>
      <ConfirmedCases>288</ConfirmedCases>
      <IncidencePer100k>147.8</IncidencePer100k>
      <Name>Limerick</Name>
    </HspcIncidence>
    <HspcIncidence>
      <ConfirmedCases>36</ConfirmedCases>
      <IncidencePer100k>88.1</IncidencePer100k>
      <Name>Longford</Name>
    </HspcIncidence>
    <HspcIncidence>
      <ConfirmedCases>207</ConfirmedCases>
      <IncidencePer100k>160.6</IncidencePer100k>
      <Name>Louth</Name>
    </HspcIncidence>
    <HspcIncidence>
      <ConfirmedCases>108</ConfirmedCases>
      <IncidencePer100k>82.8</IncidencePer100k>
      <Name>Mayo</Name>
    </HspcIncidence>
    <HspcIncidence>
      <ConfirmedCases>97</ConfirmedCases>
      <IncidencePer100k>49.7</IncidencePer100k>
      <Name>Meath</Name>
    </HspcIncidence>
    <HspcIncidence>
      <ConfirmedCases>75</ConfirmedCases>
      <IncidencePer100k>122.2</IncidencePer100k>
      <Name>Monaghan</Name>
    </HspcIncidence>
    <HspcIncidence>
      <ConfirmedCases>40</ConfirmedCases>
      <IncidencePer100k>51.3</IncidencePer100k>
      <Name>Offaly</Name>
    </HspcIncidence>
    <HspcIncidence>
      <ConfirmedCases>34</ConfirmedCases>
      <IncidencePer100k>52.7</IncidencePer100k>
      <Name>Roscommon</Name>
    </HspcIncidence>
    <HspcIncidence>
      <ConfirmedCases>26</ConfirmedCases>
      <IncidencePer100k>39.7</IncidencePer100k>
      <Name>Sligo</Name>
    </HspcIncidence>
    <HspcIncidence>
      <ConfirmedCases>144</ConfirmedCases>
      <IncidencePer100k>90.3</IncidencePer100k>
      <Name>Tipperary</Name>
    </HspcIncidence>
    <HspcIncidence>
      <ConfirmedCases>78</ConfirmedCases>
      <IncidencePer100k>67.1</IncidencePer100k>
      <Name>Waterford</Name>
    </HspcIncidence>
    <HspcIncidence>
      <ConfirmedCases>23</ConfirmedCases>
      <IncidencePer100k>25.9</IncidencePer100k>
      <Name>Westmeath</Name>
    </HspcIncidence>
    <HspcIncidence>
      <ConfirmedCases>30</ConfirmedCases>
      <IncidencePer100k>20.0</IncidencePer100k>
      <Name>Wexford</Name>
    </HspcIncidence>
    <HspcIncidence>
      <ConfirmedCases>163</ConfirmedCases>
      <IncidencePer100k>114.4</IncidencePer100k>
      <Name>Wicklow</Name>
    </HspcIncidence>
  </CountyRates>
  <FromDate>2020-11-21T00:00:00</FromDate>
  <Hospitalised>
    <HspcHospitalised>
      <CasesAdmittedToIcu>0</CasesAdmittedToIcu>
      <CasesAdmittedToIcuPercent>0.0</CasesAdmittedToIcuPercent>
      <CasesHospitalised>1</CasesHospitalised>
      <CasesHospitalisedPercent>0.4</CasesHospitalisedPercent>
      <Name>0To4</Name>
      <NumberOfCases>156</NumberOfCases>
    </HspcHospitalised>
    <HspcHospitalised>
      <CasesAdmittedToIcu>0</CasesAdmittedToIcu>
      <CasesAdmittedToIcuPercent>0.0</CasesAdmittedToIcuPercent>
      <CasesHospitalised>1</CasesHospitalised>
      <CasesHospitalisedPercent>0.4</CasesHospitalisedPercent>
      <Name>5To12</Name>
      <NumberOfCases>358</NumberOfCases>
    </HspcHospitalised>
    <HspcHospitalised>
      <CasesAdmittedToIcu>0</CasesAdmittedToIcu>
      <CasesAdmittedToIcuPercent>0.0</CasesAdmittedToIcuPercent>
      <CasesHospitalised>1</CasesHospitalised>
      <CasesHospitalisedPercent>0.4</CasesHospitalisedPercent>
      <Name>13To18</Name>
      <NumberOfCases>338</NumberOfCases>
    </HspcHospitalised>
    <HspcHospitalised>
      <CasesAdmittedToIcu>0</CasesAdmittedToIcu>
      <CasesAdmittedToIcuPercent>0.0</CasesAdmittedToIcuPercent>
      <CasesHospitalised>4</CasesHospitalised>
      <CasesHospitalisedPercent>1.7</CasesHospitalisedPercent>
      <Name>19To24</Name>
      <NumberOfCases>472</NumberOfCases>
    </HspcHospitalised>
    <HspcHospitalised>
      <CasesAdmittedToIcu>0</CasesAdmittedToIcu>
      <CasesAdmittedToIcuPercent>0.0</CasesAdmittedToIcuPercent>
      <CasesHospitalised>17</CasesHospitalised>
      <CasesHospitalisedPercent>7.1</CasesHospitalisedPercent>
      <Name>25To34</Name>
      <NumberOfCases>580</NumberOfCases>
    </HspcHospitalised>
    <HspcHospitalised>
      <CasesAdmittedToIcu>1</CasesAdmittedToIcu>
      <CasesAdmittedToIcuPercent>9.1</CasesAdmittedToIcuPercent>
      <CasesHospitalised>15</CasesHospitalised>
      <CasesHospitalisedPercent>6.3</CasesHospitalisedPercent>
      <Name>35To44</Name>
      <NumberOfCases>588</NumberOfCases>
    </HspcHospitalised>
    <HspcHospitalised>
      <CasesAdmittedToIcu>1</CasesAdmittedToIcu>
      <CasesAdmittedToIcuPercent>9.1</CasesAdmittedToIcuPercent>
      <CasesHospitalised>25</CasesHospitalised>
      <CasesHospitalisedPercent>10.5</CasesHospitalisedPercent>
      <Name>45To54</Name>
      <NumberOfCases>517</NumberOfCases>
    </HspcHospitalised>
    <HspcHospitalised>
      <CasesAdmittedToIcu>5</CasesAdmittedToIcu>
      <CasesAdmittedToIcuPercent>45.5</CasesAdmittedToIcuPercent>
      <CasesHospitalised>28</CasesHospitalised>
      <CasesHospitalisedPercent>11.7</CasesHospitalisedPercent>
      <Name>55To64</Name>
      <NumberOfCases>343</NumberOfCases>
    </HspcHospitalised>
    <HspcHospitalised>
      <CasesAdmittedToIcu>1</CasesAdmittedToIcu>
      <CasesAdmittedToIcuPercent>9.1</CasesAdmittedToIcuPercent>
      <CasesHospitalised>41</CasesHospitalised>
      <CasesHospitalisedPercent>17.2</CasesHospitalisedPercent>
      <Name>65To74</Name>
      <NumberOfCases>197</NumberOfCases>
    </HspcHospitalised>
    <HspcHospitalised>
      <CasesAdmittedToIcu>3</CasesAdmittedToIcu>
      <CasesAdmittedToIcuPercent>27.3</CasesAdmittedToIcuPercent>
      <CasesHospitalised>65</CasesHospitalised>
      <CasesHospitalisedPercent>27.2</CasesHospitalisedPercent>
      <Name>75To84</Name>
      <NumberOfCases>183</NumberOfCases>
    </HspcHospitalised>
    <HspcHospitalised>
      <CasesAdmittedToIcu>0</CasesAdmittedToIcu>
      <CasesAdmittedToIcuPercent>0.0</CasesAdmittedToIcuPercent>
      <CasesHospitalised>41</CasesHospitalised>
      <CasesHospitalisedPercent>17.2</CasesHospitalisedPercent>
      <Name>85Plus</Name>
      <NumberOfCases>117</NumberOfCases>
    </HspcHospitalised>
    <HspcHospitalised>
      <CasesAdmittedToIcu>0</CasesAdmittedToIcu>
      <CasesAdmittedToIcuPercent>0</CasesAdmittedToIcuPercent>
      <CasesHospitalised>0</CasesHospitalised>
      <CasesHospitalisedPercent>0</CasesHospitalisedPercent>
      <Name>Unknown</Name>
      <NumberOfCases>1</NumberOfCases>
    </HspcHospitalised>
  </Hospitalised>
  <PreparedDate>2020-12-05T00:00:00</PreparedDate>
  <SexCharacteristics>
    <Female>
      <Absolute>1922</Absolute>
      <Percent>49.92</Percent>
    </Female>
    <Male>
      <Absolute>1916</Absolute>
      <Percent>49.77</Percent>
    </Male>
    <MaleFemaleRatio>1</MaleFemaleRatio>
    <Unknown>
      <Absolute>12</Absolute>
      <Percent>0.31</Percent>
    </Unknown>
  </SexCharacteristics>
  <SourceFileName>COVID-19_14_day_epidemiology_report_20201205_website.pdf</SourceFileName>
  <SymptomStatusAtTimeOfTestCharacteristics>
    <No>
      <Absolute>948</Absolute>
      <Percent>24.62</Percent>
    </No>
    <Unknown>
      <Absolute>664</Absolute>
      <Percent>17.25</Percent>
    </Unknown>
    <Yes>
      <Absolute>2238</Absolute>
      <Percent>58.13</Percent>
    </Yes>
  </SymptomStatusAtTimeOfTestCharacteristics>
  <ToDate>2020-12-04T00:00:00</ToDate>
  <TotalConfirmedCases>
    <Absolute>3850</Absolute>
    <Percent>100</Percent>
  </TotalConfirmedCases>
  <UnderlyingConditionsCharacteristics>
    <No>
      <Absolute>2162</Absolute>
      <Percent>56.16</Percent>
    </No>
    <Unknown>
      <Absolute>594</Absolute>
      <Percent>15.43</Percent>
    </Unknown>
    <Yes>
      <Absolute>1094</Absolute>
      <Percent>28.42</Percent>
    </Yes>
  </UnderlyingConditionsCharacteristics>
</HspcDailyEpidemiology>