﻿<?xml version="1.0" encoding="utf-8"?>
<HspcDailyEpidemiology xmlns:i="http://www.w3.org/2001/XMLSchema-instance" xmlns="http://schemas.datacontract.org/2004/07/CovidStats.DailyEpidemiology">
  <AgeCharacteristics>
    <Age0To4>
      <Absolute>121</Absolute>
      <Percent>2.76</Percent>
    </Age0To4>
    <Age13To18>
      <Absolute>0</Absolute>
      <Percent>0</Percent>
    </Age13To18>
    <Age19To24>
      <Absolute>0</Absolute>
      <Percent>0</Percent>
    </Age19To24>
    <Age25To34>
      <Absolute>790</Absolute>
      <Percent>18.02</Percent>
    </Age25To34>
    <Age35To44>
      <Absolute>644</Absolute>
      <Percent>14.69</Percent>
    </Age35To44>
    <Age45To54>
      <Absolute>602</Absolute>
      <Percent>13.73</Percent>
    </Age45To54>
    <Age55To64>
      <Absolute>409</Absolute>
      <Percent>9.33</Percent>
    </Age55To64>
    <Age5To12>
      <Absolute>0</Absolute>
      <Percent>0</Percent>
    </Age5To12>
    <Age65To74>
      <Absolute>245</Absolute>
      <Percent>5.59</Percent>
    </Age65To74>
    <Age75To84>
      <Absolute>123</Absolute>
      <Percent>2.81</Percent>
    </Age75To84>
    <Age85Plus>
      <Absolute>55</Absolute>
      <Percent>1.25</Percent>
    </Age85Plus>
    <AgeUnknown>
      <Absolute>0</Absolute>
      <Percent>0</Percent>
    </AgeUnknown>
    <MeanAge>36</MeanAge>
    <MedianAge>33</MedianAge>
  </AgeCharacteristics>
  <CCARates />
  <CHORates i:nil="true" />
  <CountyRates i:nil="true" />
  <FromDate>2020-09-16T00:00:00</FromDate>
  <Hospitalised>
    <HspcHospitalised>
      <CasesAdmittedToIcu>0</CasesAdmittedToIcu>
      <CasesAdmittedToIcuPercent>0</CasesAdmittedToIcuPercent>
      <CasesHospitalised>3</CasesHospitalised>
      <CasesHospitalisedPercent>2.24</CasesHospitalisedPercent>
      <Name>0To4</Name>
      <NumberOfCases>121</NumberOfCases>
    </HspcHospitalised>
    <HspcHospitalised>
      <CasesAdmittedToIcu>0</CasesAdmittedToIcu>
      <CasesAdmittedToIcuPercent>0</CasesAdmittedToIcuPercent>
      <CasesHospitalised>5</CasesHospitalised>
      <CasesHospitalisedPercent>3.73</CasesHospitalisedPercent>
      <Name>5To14</Name>
      <NumberOfCases>318</NumberOfCases>
    </HspcHospitalised>
    <HspcHospitalised>
      <CasesAdmittedToIcu>0</CasesAdmittedToIcu>
      <CasesAdmittedToIcuPercent>0</CasesAdmittedToIcuPercent>
      <CasesHospitalised>8</CasesHospitalised>
      <CasesHospitalisedPercent>5.97</CasesHospitalisedPercent>
      <Name>15To24</Name>
      <NumberOfCases>1077</NumberOfCases>
    </HspcHospitalised>
    <HspcHospitalised>
      <CasesAdmittedToIcu>1</CasesAdmittedToIcu>
      <CasesAdmittedToIcuPercent>10</CasesAdmittedToIcuPercent>
      <CasesHospitalised>6</CasesHospitalised>
      <CasesHospitalisedPercent>4.48</CasesHospitalisedPercent>
      <Name>25To34</Name>
      <NumberOfCases>790</NumberOfCases>
    </HspcHospitalised>
    <HspcHospitalised>
      <CasesAdmittedToIcu>3</CasesAdmittedToIcu>
      <CasesAdmittedToIcuPercent>30</CasesAdmittedToIcuPercent>
      <CasesHospitalised>14</CasesHospitalised>
      <CasesHospitalisedPercent>10.45</CasesHospitalisedPercent>
      <Name>35To44</Name>
      <NumberOfCases>644</NumberOfCases>
    </HspcHospitalised>
    <HspcHospitalised>
      <CasesAdmittedToIcu>1</CasesAdmittedToIcu>
      <CasesAdmittedToIcuPercent>10</CasesAdmittedToIcuPercent>
      <CasesHospitalised>17</CasesHospitalised>
      <CasesHospitalisedPercent>12.69</CasesHospitalisedPercent>
      <Name>45To54</Name>
      <NumberOfCases>602</NumberOfCases>
    </HspcHospitalised>
    <HspcHospitalised>
      <CasesAdmittedToIcu>1</CasesAdmittedToIcu>
      <CasesAdmittedToIcuPercent>10</CasesAdmittedToIcuPercent>
      <CasesHospitalised>27</CasesHospitalised>
      <CasesHospitalisedPercent>20.15</CasesHospitalisedPercent>
      <Name>55To64</Name>
      <NumberOfCases>409</NumberOfCases>
    </HspcHospitalised>
    <HspcHospitalised>
      <CasesAdmittedToIcu>3</CasesAdmittedToIcu>
      <CasesAdmittedToIcuPercent>30</CasesAdmittedToIcuPercent>
      <CasesHospitalised>26</CasesHospitalised>
      <CasesHospitalisedPercent>19.4</CasesHospitalisedPercent>
      <Name>65To74</Name>
      <NumberOfCases>245</NumberOfCases>
    </HspcHospitalised>
    <HspcHospitalised>
      <CasesAdmittedToIcu>1</CasesAdmittedToIcu>
      <CasesAdmittedToIcuPercent>10</CasesAdmittedToIcuPercent>
      <CasesHospitalised>17</CasesHospitalised>
      <CasesHospitalisedPercent>12.69</CasesHospitalisedPercent>
      <Name>75To84</Name>
      <NumberOfCases>123</NumberOfCases>
    </HspcHospitalised>
    <HspcHospitalised>
      <CasesAdmittedToIcu>0</CasesAdmittedToIcu>
      <CasesAdmittedToIcuPercent>0</CasesAdmittedToIcuPercent>
      <CasesHospitalised>11</CasesHospitalised>
      <CasesHospitalisedPercent>8.21</CasesHospitalisedPercent>
      <Name>85Plus</Name>
      <NumberOfCases>55</NumberOfCases>
    </HspcHospitalised>
  </Hospitalised>
  <PreparedDate>2020-09-30T00:00:00</PreparedDate>
  <SexCharacteristics>
    <Female>
      <Absolute>2211</Absolute>
      <Percent>50.43</Percent>
    </Female>
    <Male>
      <Absolute>2170</Absolute>
      <Percent>49.5</Percent>
    </Male>
    <MaleFemaleRatio>0.98</MaleFemaleRatio>
    <Unknown>
      <Absolute>3</Absolute>
      <Percent>0.07</Percent>
    </Unknown>
  </SexCharacteristics>
  <SourceFileName>COVID-19_14_day_epidemiology_report_20200930 - website.pdf</SourceFileName>
  <SymptomStatusAtTimeOfTestCharacteristics>
    <No i:nil="true" />
    <Unknown i:nil="true" />
    <Yes i:nil="true" />
  </SymptomStatusAtTimeOfTestCharacteristics>
  <ToDate>2020-09-29T00:00:00</ToDate>
  <TotalConfirmedCases>
    <Absolute>4384</Absolute>
    <Percent>100</Percent>
  </TotalConfirmedCases>
  <UnderlyingConditionsCharacteristics>
    <No>
      <Absolute>2626</Absolute>
      <Percent>59.9</Percent>
    </No>
    <Unknown>
      <Absolute>580</Absolute>
      <Percent>13.23</Percent>
    </Unknown>
    <Yes>
      <Absolute>1178</Absolute>
      <Percent>26.87</Percent>
    </Yes>
  </UnderlyingConditionsCharacteristics>
</HspcDailyEpidemiology>