﻿<?xml version="1.0" encoding="utf-8"?>
<HspcDailyEpidemiology xmlns:i="http://www.w3.org/2001/XMLSchema-instance" xmlns="http://schemas.datacontract.org/2004/07/CovidStats.DailyEpidemiology">
  <AgeCharacteristics>
    <Age0To4>
      <Absolute>407</Absolute>
      <Percent>3.06</Percent>
    </Age0To4>
    <Age13To18>
      <Absolute>0</Absolute>
      <Percent>0</Percent>
    </Age13To18>
    <Age19To24>
      <Absolute>0</Absolute>
      <Percent>0</Percent>
    </Age19To24>
    <Age25To34>
      <Absolute>2225</Absolute>
      <Percent>16.73</Percent>
    </Age25To34>
    <Age35To44>
      <Absolute>1798</Absolute>
      <Percent>13.52</Percent>
    </Age35To44>
    <Age45To54>
      <Absolute>1719</Absolute>
      <Percent>12.93</Percent>
    </Age45To54>
    <Age55To64>
      <Absolute>1343</Absolute>
      <Percent>10.1</Percent>
    </Age55To64>
    <Age5To12>
      <Absolute>0</Absolute>
      <Percent>0</Percent>
    </Age5To12>
    <Age65To74>
      <Absolute>617</Absolute>
      <Percent>4.64</Percent>
    </Age65To74>
    <Age75To84>
      <Absolute>310</Absolute>
      <Percent>2.33</Percent>
    </Age75To84>
    <Age85Plus>
      <Absolute>183</Absolute>
      <Percent>1.38</Percent>
    </Age85Plus>
    <AgeUnknown>
      <Absolute>5</Absolute>
      <Percent>0.04</Percent>
    </AgeUnknown>
    <MeanAge>35</MeanAge>
    <MedianAge>31</MedianAge>
  </AgeCharacteristics>
  <CCARates>
    <HspcIncidence>
      <ConfirmedCases>136</ConfirmedCases>
      <IncidencePer100k>99.9</IncidencePer100k>
      <Name>DublinSouth</Name>
    </HspcIncidence>
    <HspcIncidence>
      <ConfirmedCases>316</ConfirmedCases>
      <IncidencePer100k>255.4</IncidencePer100k>
      <Name>DublinSouthEast</Name>
    </HspcIncidence>
    <HspcIncidence>
      <ConfirmedCases>238</ConfirmedCases>
      <IncidencePer100k>158.7</IncidencePer100k>
      <Name>DublinSouthCity</Name>
    </HspcIncidence>
    <HspcIncidence>
      <ConfirmedCases>307</ConfirmedCases>
      <IncidencePer100k>190.8</IncidencePer100k>
      <Name>DublinSouthWest</Name>
    </HspcIncidence>
    <HspcIncidence>
      <ConfirmedCases>524</ConfirmedCases>
      <IncidencePer100k>337.3</IncidencePer100k>
      <Name>DublinWest</Name>
    </HspcIncidence>
    <HspcIncidence>
      <ConfirmedCases>738</ConfirmedCases>
      <IncidencePer100k>355.4</IncidencePer100k>
      <Name>DublinNorthWest</Name>
    </HspcIncidence>
    <HspcIncidence>
      <ConfirmedCases>457</ConfirmedCases>
      <IncidencePer100k>295.6</IncidencePer100k>
      <Name>DublinNorthCentral</Name>
    </HspcIncidence>
    <HspcIncidence>
      <ConfirmedCases>505</ConfirmedCases>
      <IncidencePer100k>194.9</IncidencePer100k>
      <Name>DublinNorth</Name>
    </HspcIncidence>
  </CCARates>
  <CHORates>
    <HspcIncidence>
      <ConfirmedCases>1775</ConfirmedCases>
      <IncidencePer100k>453.6</IncidencePer100k>
      <Name>CHO1</Name>
    </HspcIncidence>
    <HspcIncidence>
      <ConfirmedCases>1198</ConfirmedCases>
      <IncidencePer100k>264.4</IncidencePer100k>
      <Name>CHO2</Name>
    </HspcIncidence>
    <HspcIncidence>
      <ConfirmedCases>1000</ConfirmedCases>
      <IncidencePer100k>259.7</IncidencePer100k>
      <Name>CHO3</Name>
    </HspcIncidence>
    <HspcIncidence>
      <ConfirmedCases>2112</ConfirmedCases>
      <IncidencePer100k>305.8</IncidencePer100k>
      <Name>CHO4</Name>
    </HspcIncidence>
    <HspcIncidence>
      <ConfirmedCases>997</ConfirmedCases>
      <IncidencePer100k>195.4</IncidencePer100k>
      <Name>CHO5</Name>
    </HspcIncidence>
    <HspcIncidence>
      <ConfirmedCases>621</ConfirmedCases>
      <IncidencePer100k>162.1</IncidencePer100k>
      <Name>CHO6</Name>
    </HspcIncidence>
    <HspcIncidence>
      <ConfirmedCases>1692</ConfirmedCases>
      <IncidencePer100k>239.1</IncidencePer100k>
      <Name>CHO7</Name>
    </HspcIncidence>
    <HspcIncidence>
      <ConfirmedCases>2199</ConfirmedCases>
      <IncidencePer100k>355.1</IncidencePer100k>
      <Name>CHO8</Name>
    </HspcIncidence>
    <HspcIncidence>
      <ConfirmedCases>1700</ConfirmedCases>
      <IncidencePer100k>273.6</IncidencePer100k>
      <Name>CHO9</Name>
    </HspcIncidence>
  </CHORates>
  <CountyRates>
    <HspcIncidence>
      <ConfirmedCases>693</ConfirmedCases>
      <IncidencePer100k>909.7353497164461247637051000</IncidencePer100k>
      <Name>Cavan</Name>
    </HspcIncidence>
    <HspcIncidence>
      <ConfirmedCases>1152</ConfirmedCases>
      <IncidencePer100k>590.63595906564672586698386000</IncidencePer100k>
      <Name>Meath</Name>
    </HspcIncidence>
    <HspcIncidence>
      <ConfirmedCases>247</ConfirmedCases>
      <IncidencePer100k>402.37187632359169843286743000</IncidencePer100k>
      <Name>Monaghan</Name>
    </HspcIncidence>
    <HspcIncidence>
      <ConfirmedCases>233</ConfirmedCases>
      <IncidencePer100k>355.53521019302662699320974000</IncidencePer100k>
      <Name>Sligo</Name>
    </HspcIncidence>
    <HspcIncidence>
      <ConfirmedCases>299</ConfirmedCases>
      <IncidencePer100k>336.82550411174946490931621000</IncidencePer100k>
      <Name>Westmeath</Name>
    </HspcIncidence>
    <HspcIncidence>
      <ConfirmedCases>523</ConfirmedCases>
      <IncidencePer100k>328.53409719081360872405649000</IncidencePer100k>
      <Name>Donegal</Name>
    </HspcIncidence>
    <HspcIncidence>
      <ConfirmedCases>1748</ConfirmedCases>
      <IncidencePer100k>321.99356012879742405151897000</IncidencePer100k>
      <Name>Cork</Name>
    </HspcIncidence>
    <HspcIncidence>
      <ConfirmedCases>382</ConfirmedCases>
      <IncidencePer100k>321.50281525370948601631080000</IncidencePer100k>
      <Name>Clare</Name>
    </HspcIncidence>
    <HspcIncidence>
      <ConfirmedCases>810</ConfirmedCases>
      <IncidencePer100k>313.88292554386998271706361000</IncidencePer100k>
      <Name>Galway</Name>
    </HspcIncidence>
    <HspcIncidence>
      <ConfirmedCases>444</ConfirmedCases>
      <IncidencePer100k>296.54960526843082512923952000</IncidencePer100k>
      <Name>Wexford</Name>
    </HspcIncidence>
    <HspcIncidence>
      <ConfirmedCases>114</ConfirmedCases>
      <IncidencePer100k>278.91272967484647566853424000</IncidencePer100k>
      <Name>Longford</Name>
    </HspcIncidence>
    <HspcIncidence>
      <ConfirmedCases>543</ConfirmedCases>
      <IncidencePer100k>278.60584200021549623138138000</IncidencePer100k>
      <Name>Limerick</Name>
    </HspcIncidence>
    <HspcIncidence>
      <ConfirmedCases>616</ConfirmedCases>
      <IncidencePer100k>276.84895552439506705497429000</IncidencePer100k>
      <Name>Kildare</Name>
    </HspcIncidence>
    <HspcIncidence>
      <ConfirmedCases>81</ConfirmedCases>
      <IncidencePer100k>252.77743103233054549993759000</IncidencePer100k>
      <Name>Leitrim</Name>
    </HspcIncidence>
    <HspcIncidence>
      <ConfirmedCases>366</ConfirmedCases>
      <IncidencePer100k>247.78785027114490173112987000</IncidencePer100k>
      <Name>Kerry</Name>
    </HspcIncidence>
    <HspcIncidence>
      <ConfirmedCases>3222</ConfirmedCases>
      <IncidencePer100k>239.48232572866697091278295000</IncidencePer100k>
      <Name>Dublin</Name>
    </HspcIncidence>
    <HspcIncidence>
      <ConfirmedCases>148</ConfirmedCases>
      <IncidencePer100k>229.30094199305899851264254000</IncidencePer100k>
      <Name>Roscommon</Name>
    </HspcIncidence>
    <HspcIncidence>
      <ConfirmedCases>285</ConfirmedCases>
      <IncidencePer100k>221.12907730982899351354707000</IncidencePer100k>
      <Name>Louth</Name>
    </HspcIncidence>
    <HspcIncidence>
      <ConfirmedCases>168</ConfirmedCases>
      <IncidencePer100k>215.49236156539808365721322000</IncidencePer100k>
      <Name>Offaly</Name>
    </HspcIncidence>
    <HspcIncidence>
      <ConfirmedCases>169</ConfirmedCases>
      <IncidencePer100k>199.53481233101526618416237000</IncidencePer100k>
      <Name>Laois</Name>
    </HspcIncidence>
    <HspcIncidence>
      <ConfirmedCases>111</ConfirmedCases>
      <IncidencePer100k>194.96943722335417691280826000</IncidencePer100k>
      <Name>Carlow</Name>
    </HspcIncidence>
    <HspcIncidence>
      <ConfirmedCases>240</ConfirmedCases>
      <IncidencePer100k>183.89818170672837472319492000</IncidencePer100k>
      <Name>Mayo</Name>
    </HspcIncidence>
    <HspcIncidence>
      <ConfirmedCases>166</ConfirmedCases>
      <IncidencePer100k>167.28474685585295066107707000</IncidencePer100k>
      <Name>Kilkenny</Name>
    </HspcIncidence>
    <HspcIncidence>
      <ConfirmedCases>180</ConfirmedCases>
      <IncidencePer100k>154.93733645503374190882799000</IncidencePer100k>
      <Name>Waterford</Name>
    </HspcIncidence>
    <HspcIncidence>
      <ConfirmedCases>176</ConfirmedCases>
      <IncidencePer100k>123.57381077760224679655959000</IncidencePer100k>
      <Name>Wicklow</Name>
    </HspcIncidence>
    <HspcIncidence>
      <ConfirmedCases>183</ConfirmedCases>
      <IncidencePer100k>114.69543035856423884226558000</IncidencePer100k>
      <Name>Tipperary</Name>
    </HspcIncidence>
  </CountyRates>
  <FromDate>2020-10-06T00:00:00</FromDate>
  <Hospitalised>
    <HspcHospitalised>
      <CasesAdmittedToIcu>0</CasesAdmittedToIcu>
      <CasesAdmittedToIcuPercent>0</CasesAdmittedToIcuPercent>
      <CasesHospitalised>8</CasesHospitalised>
      <CasesHospitalisedPercent>2.54</CasesHospitalisedPercent>
      <Name>0To4</Name>
      <NumberOfCases>407</NumberOfCases>
    </HspcHospitalised>
    <HspcHospitalised>
      <CasesAdmittedToIcu>1</CasesAdmittedToIcu>
      <CasesAdmittedToIcuPercent>4.35</CasesAdmittedToIcuPercent>
      <CasesHospitalised>7</CasesHospitalised>
      <CasesHospitalisedPercent>2.22</CasesHospitalisedPercent>
      <Name>5To14</Name>
      <NumberOfCases>1053</NumberOfCases>
    </HspcHospitalised>
    <HspcHospitalised>
      <CasesAdmittedToIcu>1</CasesAdmittedToIcu>
      <CasesAdmittedToIcuPercent>4.35</CasesAdmittedToIcuPercent>
      <CasesHospitalised>19</CasesHospitalised>
      <CasesHospitalisedPercent>6.03</CasesHospitalisedPercent>
      <Name>15To24</Name>
      <NumberOfCases>3639</NumberOfCases>
    </HspcHospitalised>
    <HspcHospitalised>
      <CasesAdmittedToIcu>0</CasesAdmittedToIcu>
      <CasesAdmittedToIcuPercent>0</CasesAdmittedToIcuPercent>
      <CasesHospitalised>31</CasesHospitalised>
      <CasesHospitalisedPercent>9.84</CasesHospitalisedPercent>
      <Name>25To34</Name>
      <NumberOfCases>2225</NumberOfCases>
    </HspcHospitalised>
    <HspcHospitalised>
      <CasesAdmittedToIcu>2</CasesAdmittedToIcu>
      <CasesAdmittedToIcuPercent>8.7</CasesAdmittedToIcuPercent>
      <CasesHospitalised>20</CasesHospitalised>
      <CasesHospitalisedPercent>6.35</CasesHospitalisedPercent>
      <Name>35To44</Name>
      <NumberOfCases>1798</NumberOfCases>
    </HspcHospitalised>
    <HspcHospitalised>
      <CasesAdmittedToIcu>1</CasesAdmittedToIcu>
      <CasesAdmittedToIcuPercent>4.35</CasesAdmittedToIcuPercent>
      <CasesHospitalised>26</CasesHospitalised>
      <CasesHospitalisedPercent>8.25</CasesHospitalisedPercent>
      <Name>45To54</Name>
      <NumberOfCases>1719</NumberOfCases>
    </HspcHospitalised>
    <HspcHospitalised>
      <CasesAdmittedToIcu>3</CasesAdmittedToIcu>
      <CasesAdmittedToIcuPercent>13.04</CasesAdmittedToIcuPercent>
      <CasesHospitalised>43</CasesHospitalised>
      <CasesHospitalisedPercent>13.65</CasesHospitalisedPercent>
      <Name>55To64</Name>
      <NumberOfCases>1343</NumberOfCases>
    </HspcHospitalised>
    <HspcHospitalised>
      <CasesAdmittedToIcu>11</CasesAdmittedToIcu>
      <CasesAdmittedToIcuPercent>47.83</CasesAdmittedToIcuPercent>
      <CasesHospitalised>48</CasesHospitalised>
      <CasesHospitalisedPercent>15.24</CasesHospitalisedPercent>
      <Name>65To74</Name>
      <NumberOfCases>617</NumberOfCases>
    </HspcHospitalised>
    <HspcHospitalised>
      <CasesAdmittedToIcu>4</CasesAdmittedToIcu>
      <CasesAdmittedToIcuPercent>17.39</CasesAdmittedToIcuPercent>
      <CasesHospitalised>66</CasesHospitalised>
      <CasesHospitalisedPercent>20.95</CasesHospitalisedPercent>
      <Name>75To84</Name>
      <NumberOfCases>310</NumberOfCases>
    </HspcHospitalised>
    <HspcHospitalised>
      <CasesAdmittedToIcu>0</CasesAdmittedToIcu>
      <CasesAdmittedToIcuPercent>0</CasesAdmittedToIcuPercent>
      <CasesHospitalised>45</CasesHospitalised>
      <CasesHospitalisedPercent>14.29</CasesHospitalisedPercent>
      <Name>85Plus</Name>
      <NumberOfCases>183</NumberOfCases>
    </HspcHospitalised>
    <HspcHospitalised>
      <CasesAdmittedToIcu>2</CasesAdmittedToIcu>
      <CasesAdmittedToIcuPercent>0.63</CasesAdmittedToIcuPercent>
      <CasesHospitalised>0</CasesHospitalised>
      <CasesHospitalisedPercent>0</CasesHospitalisedPercent>
      <Name>Unknown</Name>
      <NumberOfCases>5</NumberOfCases>
    </HspcHospitalised>
  </Hospitalised>
  <PreparedDate>2020-10-20T00:00:00</PreparedDate>
  <SexCharacteristics>
    <Female>
      <Absolute>6638</Absolute>
      <Percent>49.91</Percent>
    </Female>
    <Male>
      <Absolute>6647</Absolute>
      <Percent>49.98</Percent>
    </Male>
    <MaleFemaleRatio>1</MaleFemaleRatio>
    <Unknown>
      <Absolute>14</Absolute>
      <Percent>0.11</Percent>
    </Unknown>
  </SexCharacteristics>
  <SourceFileName>COVID-19_14_day_epidemiology_report_20201020 - website.pdf</SourceFileName>
  <SymptomStatusAtTimeOfTestCharacteristics>
    <No i:nil="true" />
    <Unknown i:nil="true" />
    <Yes i:nil="true" />
  </SymptomStatusAtTimeOfTestCharacteristics>
  <ToDate>2020-10-19T00:00:00</ToDate>
  <TotalConfirmedCases>
    <Absolute>13299</Absolute>
    <Percent>100</Percent>
  </TotalConfirmedCases>
  <UnderlyingConditionsCharacteristics>
    <No>
      <Absolute>6657</Absolute>
      <Percent>50.06</Percent>
    </No>
    <Unknown>
      <Absolute>5272</Absolute>
      <Percent>39.64</Percent>
    </Unknown>
    <Yes>
      <Absolute>1370</Absolute>
      <Percent>10.3</Percent>
    </Yes>
  </UnderlyingConditionsCharacteristics>
</HspcDailyEpidemiology>