﻿<?xml version="1.0" encoding="utf-8"?>
<HspcDailyEpidemiology xmlns:i="http://www.w3.org/2001/XMLSchema-instance" xmlns="http://schemas.datacontract.org/2004/07/CovidStats.DailyEpidemiology">
  <AgeCharacteristics>
    <Age0To4>
      <Absolute>388</Absolute>
      <Percent>3.7</Percent>
    </Age0To4>
    <Age13To18>
      <Absolute>672</Absolute>
      <Percent>6.41</Percent>
    </Age13To18>
    <Age19To24>
      <Absolute>1421</Absolute>
      <Percent>13.56</Percent>
    </Age19To24>
    <Age25To34>
      <Absolute>1965</Absolute>
      <Percent>18.75</Percent>
    </Age25To34>
    <Age35To44>
      <Absolute>1698</Absolute>
      <Percent>16.2</Percent>
    </Age35To44>
    <Age45To54>
      <Absolute>1443</Absolute>
      <Percent>13.77</Percent>
    </Age45To54>
    <Age55To64>
      <Absolute>1158</Absolute>
      <Percent>11.05</Percent>
    </Age55To64>
    <Age5To12>
      <Absolute>691</Absolute>
      <Percent>6.59</Percent>
    </Age5To12>
    <Age65To74>
      <Absolute>520</Absolute>
      <Percent>4.96</Percent>
    </Age65To74>
    <Age75To84>
      <Absolute>334</Absolute>
      <Percent>3.19</Percent>
    </Age75To84>
    <Age85Plus>
      <Absolute>189</Absolute>
      <Percent>1.8</Percent>
    </Age85Plus>
    <AgeUnknown>
      <Absolute>2</Absolute>
      <Percent>0.02</Percent>
    </AgeUnknown>
    <MeanAge>37</MeanAge>
    <MedianAge>35</MedianAge>
  </AgeCharacteristics>
  <CCARates>
    <HspcIncidence>
      <ConfirmedCases>240</ConfirmedCases>
      <IncidencePer100k>176.4</IncidencePer100k>
      <Name>DublinSouth</Name>
    </HspcIncidence>
    <HspcIncidence>
      <ConfirmedCases>600</ConfirmedCases>
      <IncidencePer100k>485.0</IncidencePer100k>
      <Name>DublinSouthEast</Name>
    </HspcIncidence>
    <HspcIncidence>
      <ConfirmedCases>272</ConfirmedCases>
      <IncidencePer100k>181.4</IncidencePer100k>
      <Name>DublinSouthCity</Name>
    </HspcIncidence>
    <HspcIncidence>
      <ConfirmedCases>295</ConfirmedCases>
      <IncidencePer100k>183.3</IncidencePer100k>
      <Name>DublinSouthWest</Name>
    </HspcIncidence>
    <HspcIncidence>
      <ConfirmedCases>375</ConfirmedCases>
      <IncidencePer100k>241.4</IncidencePer100k>
      <Name>DublinWest</Name>
    </HspcIncidence>
    <HspcIncidence>
      <ConfirmedCases>627</ConfirmedCases>
      <IncidencePer100k>301.9</IncidencePer100k>
      <Name>DublinNorthWest</Name>
    </HspcIncidence>
    <HspcIncidence>
      <ConfirmedCases>643</ConfirmedCases>
      <IncidencePer100k>416.0</IncidencePer100k>
      <Name>DublinNorthCentral</Name>
    </HspcIncidence>
    <HspcIncidence>
      <ConfirmedCases>518</ConfirmedCases>
      <IncidencePer100k>199.9</IncidencePer100k>
      <Name>DublinNorth</Name>
    </HspcIncidence>
  </CCARates>
  <CHORates>
    <HspcIncidence>
      <ConfirmedCases>1249</ConfirmedCases>
      <IncidencePer100k>319.2</IncidencePer100k>
      <Name>CHO1</Name>
    </HspcIncidence>
    <HspcIncidence>
      <ConfirmedCases>567</ConfirmedCases>
      <IncidencePer100k>125.1</IncidencePer100k>
      <Name>CHO2</Name>
    </HspcIncidence>
    <HspcIncidence>
      <ConfirmedCases>916</ConfirmedCases>
      <IncidencePer100k>237.9</IncidencePer100k>
      <Name>CHO3</Name>
    </HspcIncidence>
    <HspcIncidence>
      <ConfirmedCases>1308</ConfirmedCases>
      <IncidencePer100k>189.4</IncidencePer100k>
      <Name>CHO4</Name>
    </HspcIncidence>
    <HspcIncidence>
      <ConfirmedCases>1126</ConfirmedCases>
      <IncidencePer100k>220.6</IncidencePer100k>
      <Name>CHO5</Name>
    </HspcIncidence>
    <HspcIncidence>
      <ConfirmedCases>1002</ConfirmedCases>
      <IncidencePer100k>261.5</IncidencePer100k>
      <Name>CHO6</Name>
    </HspcIncidence>
    <HspcIncidence>
      <ConfirmedCases>1334</ConfirmedCases>
      <IncidencePer100k>188.5</IncidencePer100k>
      <Name>CHO7</Name>
    </HspcIncidence>
    <HspcIncidence>
      <ConfirmedCases>1191</ConfirmedCases>
      <IncidencePer100k>192.3</IncidencePer100k>
      <Name>CHO8</Name>
    </HspcIncidence>
    <HspcIncidence>
      <ConfirmedCases>1788</ConfirmedCases>
      <IncidencePer100k>287.7</IncidencePer100k>
      <Name>CHO9</Name>
    </HspcIncidence>
  </CHORates>
  <CountyRates>
    <HspcIncidence>
      <ConfirmedCases>677</ConfirmedCases>
      <IncidencePer100k>425.3</IncidencePer100k>
      <Name>Donegal</Name>
    </HspcIncidence>
    <HspcIncidence>
      <ConfirmedCases>236</ConfirmedCases>
      <IncidencePer100k>384.5</IncidencePer100k>
      <Name>Monaghan</Name>
    </HspcIncidence>
    <HspcIncidence>
      <ConfirmedCases>441</ConfirmedCases>
      <IncidencePer100k>342.2</IncidencePer100k>
      <Name>Louth</Name>
    </HspcIncidence>
    <HspcIncidence>
      <ConfirmedCases>666</ConfirmedCases>
      <IncidencePer100k>341.7</IncidencePer100k>
      <Name>Limerick</Name>
    </HspcIncidence>
    <HspcIncidence>
      <ConfirmedCases>511</ConfirmedCases>
      <IncidencePer100k>341.3</IncidencePer100k>
      <Name>Wexford</Name>
    </HspcIncidence>
    <HspcIncidence>
      <ConfirmedCases>3570</ConfirmedCases>
      <IncidencePer100k>265.0</IncidencePer100k>
      <Name>Dublin</Name>
    </HspcIncidence>
    <HspcIncidence>
      <ConfirmedCases>259</ConfirmedCases>
      <IncidencePer100k>261.0</IncidencePer100k>
      <Name>Kilkenny</Name>
    </HspcIncidence>
    <HspcIncidence>
      <ConfirmedCases>373</ConfirmedCases>
      <IncidencePer100k>252.5</IncidencePer100k>
      <Name>Kerry</Name>
    </HspcIncidence>
    <HspcIncidence>
      <ConfirmedCases>173</ConfirmedCases>
      <IncidencePer100k>227.1</IncidencePer100k>
      <Name>Cavan</Name>
    </HspcIncidence>
    <HspcIncidence>
      <ConfirmedCases>122</ConfirmedCases>
      <IncidencePer100k>214.3</IncidencePer100k>
      <Name>Carlow</Name>
    </HspcIncidence>
    <HspcIncidence>
      <ConfirmedCases>138</ConfirmedCases>
      <IncidencePer100k>210.6</IncidencePer100k>
      <Name>Sligo</Name>
    </HspcIncidence>
    <HspcIncidence>
      <ConfirmedCases>387</ConfirmedCases>
      <IncidencePer100k>198.4</IncidencePer100k>
      <Name>Meath</Name>
    </HspcIncidence>
    <HspcIncidence>
      <ConfirmedCases>158</ConfirmedCases>
      <IncidencePer100k>186.5</IncidencePer100k>
      <Name>Laois</Name>
    </HspcIncidence>
    <HspcIncidence>
      <ConfirmedCases>386</ConfirmedCases>
      <IncidencePer100k>173.5</IncidencePer100k>
      <Name>Kildare</Name>
    </HspcIncidence>
    <HspcIncidence>
      <ConfirmedCases>935</ConfirmedCases>
      <IncidencePer100k>172.2</IncidencePer100k>
      <Name>Cork</Name>
    </HspcIncidence>
    <HspcIncidence>
      <ConfirmedCases>183</ConfirmedCases>
      <IncidencePer100k>157.5</IncidencePer100k>
      <Name>Waterford</Name>
    </HspcIncidence>
    <HspcIncidence>
      <ConfirmedCases>169</ConfirmedCases>
      <IncidencePer100k>129.5</IncidencePer100k>
      <Name>Mayo</Name>
    </HspcIncidence>
    <HspcIncidence>
      <ConfirmedCases>153</ConfirmedCases>
      <IncidencePer100k>128.8</IncidencePer100k>
      <Name>Clare</Name>
    </HspcIncidence>
    <HspcIncidence>
      <ConfirmedCases>331</ConfirmedCases>
      <IncidencePer100k>128.3</IncidencePer100k>
      <Name>Galway</Name>
    </HspcIncidence>
    <HspcIncidence>
      <ConfirmedCases>168</ConfirmedCases>
      <IncidencePer100k>118.0</IncidencePer100k>
      <Name>Wicklow</Name>
    </HspcIncidence>
    <HspcIncidence>
      <ConfirmedCases>102</ConfirmedCases>
      <IncidencePer100k>114.9</IncidencePer100k>
      <Name>Westmeath</Name>
    </HspcIncidence>
    <HspcIncidence>
      <ConfirmedCases>67</ConfirmedCases>
      <IncidencePer100k>103.8</IncidencePer100k>
      <Name>Roscommon</Name>
    </HspcIncidence>
    <HspcIncidence>
      <ConfirmedCases>149</ConfirmedCases>
      <IncidencePer100k>93.4</IncidencePer100k>
      <Name>Tipperary</Name>
    </HspcIncidence>
    <HspcIncidence>
      <ConfirmedCases>36</ConfirmedCases>
      <IncidencePer100k>88.1</IncidencePer100k>
      <Name>Longford</Name>
    </HspcIncidence>
    <HspcIncidence>
      <ConfirmedCases>66</ConfirmedCases>
      <IncidencePer100k>84.7</IncidencePer100k>
      <Name>Offaly</Name>
    </HspcIncidence>
    <HspcIncidence>
      <ConfirmedCases>25</ConfirmedCases>
      <IncidencePer100k>78.0</IncidencePer100k>
      <Name>Leitrim</Name>
    </HspcIncidence>
  </CountyRates>
  <FromDate>2020-12-14T00:00:00</FromDate>
  <Hospitalised>
    <HspcHospitalised>
      <CasesAdmittedToIcu>0</CasesAdmittedToIcu>
      <CasesAdmittedToIcuPercent>0</CasesAdmittedToIcuPercent>
      <CasesHospitalised>2</CasesHospitalised>
      <CasesHospitalisedPercent>0.5</CasesHospitalisedPercent>
      <Name>0To4</Name>
      <NumberOfCases>388</NumberOfCases>
    </HspcHospitalised>
    <HspcHospitalised>
      <CasesAdmittedToIcu>0</CasesAdmittedToIcu>
      <CasesAdmittedToIcuPercent>0</CasesAdmittedToIcuPercent>
      <CasesHospitalised>7</CasesHospitalised>
      <CasesHospitalisedPercent>1.7</CasesHospitalisedPercent>
      <Name>5To12</Name>
      <NumberOfCases>691</NumberOfCases>
    </HspcHospitalised>
    <HspcHospitalised>
      <CasesAdmittedToIcu>0</CasesAdmittedToIcu>
      <CasesAdmittedToIcuPercent>0</CasesAdmittedToIcuPercent>
      <CasesHospitalised>9</CasesHospitalised>
      <CasesHospitalisedPercent>2.2</CasesHospitalisedPercent>
      <Name>13To18</Name>
      <NumberOfCases>672</NumberOfCases>
    </HspcHospitalised>
    <HspcHospitalised>
      <CasesAdmittedToIcu>0</CasesAdmittedToIcu>
      <CasesAdmittedToIcuPercent>0</CasesAdmittedToIcuPercent>
      <CasesHospitalised>25</CasesHospitalised>
      <CasesHospitalisedPercent>6.1</CasesHospitalisedPercent>
      <Name>19To24</Name>
      <NumberOfCases>1421</NumberOfCases>
    </HspcHospitalised>
    <HspcHospitalised>
      <CasesAdmittedToIcu>0</CasesAdmittedToIcu>
      <CasesAdmittedToIcuPercent>0</CasesAdmittedToIcuPercent>
      <CasesHospitalised>30</CasesHospitalised>
      <CasesHospitalisedPercent>7.3</CasesHospitalisedPercent>
      <Name>25To34</Name>
      <NumberOfCases>1965</NumberOfCases>
    </HspcHospitalised>
    <HspcHospitalised>
      <CasesAdmittedToIcu>1</CasesAdmittedToIcu>
      <CasesAdmittedToIcuPercent>9.1</CasesAdmittedToIcuPercent>
      <CasesHospitalised>35</CasesHospitalised>
      <CasesHospitalisedPercent>8.6</CasesHospitalisedPercent>
      <Name>35To44</Name>
      <NumberOfCases>1698</NumberOfCases>
    </HspcHospitalised>
    <HspcHospitalised>
      <CasesAdmittedToIcu>1</CasesAdmittedToIcu>
      <CasesAdmittedToIcuPercent>9.1</CasesAdmittedToIcuPercent>
      <CasesHospitalised>42</CasesHospitalised>
      <CasesHospitalisedPercent>10.3</CasesHospitalisedPercent>
      <Name>45To54</Name>
      <NumberOfCases>1443</NumberOfCases>
    </HspcHospitalised>
    <HspcHospitalised>
      <CasesAdmittedToIcu>5</CasesAdmittedToIcu>
      <CasesAdmittedToIcuPercent>45.5</CasesAdmittedToIcuPercent>
      <CasesHospitalised>54</CasesHospitalised>
      <CasesHospitalisedPercent>13.2</CasesHospitalisedPercent>
      <Name>55To64</Name>
      <NumberOfCases>1158</NumberOfCases>
    </HspcHospitalised>
    <HspcHospitalised>
      <CasesAdmittedToIcu>1</CasesAdmittedToIcu>
      <CasesAdmittedToIcuPercent>9.1</CasesAdmittedToIcuPercent>
      <CasesHospitalised>57</CasesHospitalised>
      <CasesHospitalisedPercent>13.9</CasesHospitalisedPercent>
      <Name>65To74</Name>
      <NumberOfCases>520</NumberOfCases>
    </HspcHospitalised>
    <HspcHospitalised>
      <CasesAdmittedToIcu>3</CasesAdmittedToIcu>
      <CasesAdmittedToIcuPercent>27.3</CasesAdmittedToIcuPercent>
      <CasesHospitalised>90</CasesHospitalised>
      <CasesHospitalisedPercent>22.0</CasesHospitalisedPercent>
      <Name>75To84</Name>
      <NumberOfCases>334</NumberOfCases>
    </HspcHospitalised>
    <HspcHospitalised>
      <CasesAdmittedToIcu>0</CasesAdmittedToIcu>
      <CasesAdmittedToIcuPercent>0</CasesAdmittedToIcuPercent>
      <CasesHospitalised>58</CasesHospitalised>
      <CasesHospitalisedPercent>14.2</CasesHospitalisedPercent>
      <Name>85Plus</Name>
      <NumberOfCases>189</NumberOfCases>
    </HspcHospitalised>
    <HspcHospitalised>
      <CasesAdmittedToIcu>0</CasesAdmittedToIcu>
      <CasesAdmittedToIcuPercent>0</CasesAdmittedToIcuPercent>
      <CasesHospitalised>0</CasesHospitalised>
      <CasesHospitalisedPercent>0</CasesHospitalisedPercent>
      <Name>Unknown</Name>
      <NumberOfCases>2</NumberOfCases>
    </HspcHospitalised>
  </Hospitalised>
  <PreparedDate>2020-12-28T00:00:00</PreparedDate>
  <SexCharacteristics>
    <Female>
      <Absolute>5222</Absolute>
      <Percent>49.82</Percent>
    </Female>
    <Male>
      <Absolute>5207</Absolute>
      <Percent>49.68</Percent>
    </Male>
    <MaleFemaleRatio>1</MaleFemaleRatio>
    <Unknown>
      <Absolute>52</Absolute>
      <Percent>0.5</Percent>
    </Unknown>
  </SexCharacteristics>
  <SourceFileName>COVID-19_14_day_epidemiology_report_20201228_website.pdf</SourceFileName>
  <SymptomStatusAtTimeOfTestCharacteristics>
    <No>
      <Absolute>1660</Absolute>
      <Percent>15.84</Percent>
    </No>
    <Unknown>
      <Absolute>4008</Absolute>
      <Percent>38.24</Percent>
    </Unknown>
    <Yes>
      <Absolute>4813</Absolute>
      <Percent>45.92</Percent>
    </Yes>
  </SymptomStatusAtTimeOfTestCharacteristics>
  <ToDate>2020-12-27T00:00:00</ToDate>
  <TotalConfirmedCases>
    <Absolute>10481</Absolute>
    <Percent>100</Percent>
  </TotalConfirmedCases>
  <UnderlyingConditionsCharacteristics>
    <No>
      <Absolute>4727</Absolute>
      <Percent>45.1</Percent>
    </No>
    <Unknown>
      <Absolute>3874</Absolute>
      <Percent>36.96</Percent>
    </Unknown>
    <Yes>
      <Absolute>1880</Absolute>
      <Percent>17.94</Percent>
    </Yes>
  </UnderlyingConditionsCharacteristics>
</HspcDailyEpidemiology>