﻿<?xml version="1.0" encoding="utf-8"?>
<HspcDailyEpidemiology xmlns:i="http://www.w3.org/2001/XMLSchema-instance" xmlns="http://schemas.datacontract.org/2004/07/CovidStats.DailyEpidemiology">
  <AgeCharacteristics>
    <Age0To4>
      <Absolute>152</Absolute>
      <Percent>4.01</Percent>
    </Age0To4>
    <Age13To18>
      <Absolute>364</Absolute>
      <Percent>9.59</Percent>
    </Age13To18>
    <Age19To24>
      <Absolute>480</Absolute>
      <Percent>12.65</Percent>
    </Age19To24>
    <Age25To34>
      <Absolute>552</Absolute>
      <Percent>14.55</Percent>
    </Age25To34>
    <Age35To44>
      <Absolute>594</Absolute>
      <Percent>15.66</Percent>
    </Age35To44>
    <Age45To54>
      <Absolute>507</Absolute>
      <Percent>13.36</Percent>
    </Age45To54>
    <Age55To64>
      <Absolute>322</Absolute>
      <Percent>8.49</Percent>
    </Age55To64>
    <Age5To12>
      <Absolute>351</Absolute>
      <Percent>9.25</Percent>
    </Age5To12>
    <Age65To74>
      <Absolute>187</Absolute>
      <Percent>4.93</Percent>
    </Age65To74>
    <Age75To84>
      <Absolute>176</Absolute>
      <Percent>4.64</Percent>
    </Age75To84>
    <Age85Plus>
      <Absolute>107</Absolute>
      <Percent>2.82</Percent>
    </Age85Plus>
    <AgeUnknown>
      <Absolute>2</Absolute>
      <Percent>0.05</Percent>
    </AgeUnknown>
    <MeanAge>37</MeanAge>
    <MedianAge>34</MedianAge>
  </AgeCharacteristics>
  <CCARates>
    <HspcIncidence>
      <ConfirmedCases>98</ConfirmedCases>
      <IncidencePer100k>72.0</IncidencePer100k>
      <Name>DublinSouth</Name>
    </HspcIncidence>
    <HspcIncidence>
      <ConfirmedCases>163</ConfirmedCases>
      <IncidencePer100k>131.8</IncidencePer100k>
      <Name>DublinSouthEast</Name>
    </HspcIncidence>
    <HspcIncidence>
      <ConfirmedCases>95</ConfirmedCases>
      <IncidencePer100k>63.4</IncidencePer100k>
      <Name>DublinSouthCity</Name>
    </HspcIncidence>
    <HspcIncidence>
      <ConfirmedCases>125</ConfirmedCases>
      <IncidencePer100k>77.7</IncidencePer100k>
      <Name>DublinSouthWest</Name>
    </HspcIncidence>
    <HspcIncidence>
      <ConfirmedCases>121</ConfirmedCases>
      <IncidencePer100k>77.9</IncidencePer100k>
      <Name>DublinWest</Name>
    </HspcIncidence>
    <HspcIncidence>
      <ConfirmedCases>208</ConfirmedCases>
      <IncidencePer100k>100.2</IncidencePer100k>
      <Name>DublinNorthWest</Name>
    </HspcIncidence>
    <HspcIncidence>
      <ConfirmedCases>229</ConfirmedCases>
      <IncidencePer100k>148.1</IncidencePer100k>
      <Name>DublinNorthCentral</Name>
    </HspcIncidence>
    <HspcIncidence>
      <ConfirmedCases>184</ConfirmedCases>
      <IncidencePer100k>71.0</IncidencePer100k>
      <Name>DublinNorth</Name>
    </HspcIncidence>
  </CCARates>
  <CHORates>
    <HspcIncidence>
      <ConfirmedCases>480</ConfirmedCases>
      <IncidencePer100k>122.7</IncidencePer100k>
      <Name>CHO1</Name>
    </HspcIncidence>
    <HspcIncidence>
      <ConfirmedCases>272</ConfirmedCases>
      <IncidencePer100k>60.0</IncidencePer100k>
      <Name>CHO2</Name>
    </HspcIncidence>
    <HspcIncidence>
      <ConfirmedCases>345</ConfirmedCases>
      <IncidencePer100k>89.6</IncidencePer100k>
      <Name>CHO3</Name>
    </HspcIncidence>
    <HspcIncidence>
      <ConfirmedCases>339</ConfirmedCases>
      <IncidencePer100k>49.1</IncidencePer100k>
      <Name>CHO4</Name>
    </HspcIncidence>
    <HspcIncidence>
      <ConfirmedCases>411</ConfirmedCases>
      <IncidencePer100k>80.5</IncidencePer100k>
      <Name>CHO5</Name>
    </HspcIncidence>
    <HspcIncidence>
      <ConfirmedCases>413</ConfirmedCases>
      <IncidencePer100k>107.8</IncidencePer100k>
      <Name>CHO6</Name>
    </HspcIncidence>
    <HspcIncidence>
      <ConfirmedCases>451</ConfirmedCases>
      <IncidencePer100k>63.7</IncidencePer100k>
      <Name>CHO7</Name>
    </HspcIncidence>
    <HspcIncidence>
      <ConfirmedCases>462</ConfirmedCases>
      <IncidencePer100k>74.6</IncidencePer100k>
      <Name>CHO8</Name>
    </HspcIncidence>
    <HspcIncidence>
      <ConfirmedCases>621</ConfirmedCases>
      <IncidencePer100k>99.9</IncidencePer100k>
      <Name>CHO9</Name>
    </HspcIncidence>
  </CHORates>
  <CountyRates>
    <HspcIncidence>
      <ConfirmedCases>338</ConfirmedCases>
      <IncidencePer100k>212.3</IncidencePer100k>
      <Name>Donegal</Name>
    </HspcIncidence>
    <HspcIncidence>
      <ConfirmedCases>209</ConfirmedCases>
      <IncidencePer100k>162.2</IncidencePer100k>
      <Name>Louth</Name>
    </HspcIncidence>
    <HspcIncidence>
      <ConfirmedCases>146</ConfirmedCases>
      <IncidencePer100k>147.1</IncidencePer100k>
      <Name>Kilkenny</Name>
    </HspcIncidence>
    <HspcIncidence>
      <ConfirmedCases>259</ConfirmedCases>
      <IncidencePer100k>132.9</IncidencePer100k>
      <Name>Limerick</Name>
    </HspcIncidence>
    <HspcIncidence>
      <ConfirmedCases>67</ConfirmedCases>
      <IncidencePer100k>109.1</IncidencePer100k>
      <Name>Monaghan</Name>
    </HspcIncidence>
    <HspcIncidence>
      <ConfirmedCases>154</ConfirmedCases>
      <IncidencePer100k>108.1</IncidencePer100k>
      <Name>Wicklow</Name>
    </HspcIncidence>
    <HspcIncidence>
      <ConfirmedCases>56</ConfirmedCases>
      <IncidencePer100k>98.4</IncidencePer100k>
      <Name>Carlow</Name>
    </HspcIncidence>
    <HspcIncidence>
      <ConfirmedCases>39</ConfirmedCases>
      <IncidencePer100k>95.4</IncidencePer100k>
      <Name>Longford</Name>
    </HspcIncidence>
    <HspcIncidence>
      <ConfirmedCases>1223</ConfirmedCases>
      <IncidencePer100k>90.8</IncidencePer100k>
      <Name>Dublin</Name>
    </HspcIncidence>
    <HspcIncidence>
      <ConfirmedCases>118</ConfirmedCases>
      <IncidencePer100k>90.4</IncidencePer100k>
      <Name>Mayo</Name>
    </HspcIncidence>
    <HspcIncidence>
      <ConfirmedCases>125</ConfirmedCases>
      <IncidencePer100k>78.3</IncidencePer100k>
      <Name>Tipperary</Name>
    </HspcIncidence>
    <HspcIncidence>
      <ConfirmedCases>86</ConfirmedCases>
      <IncidencePer100k>74.0</IncidencePer100k>
      <Name>Waterford</Name>
    </HspcIncidence>
    <HspcIncidence>
      <ConfirmedCases>120</ConfirmedCases>
      <IncidencePer100k>61.5</IncidencePer100k>
      <Name>Meath</Name>
    </HspcIncidence>
    <HspcIncidence>
      <ConfirmedCases>36</ConfirmedCases>
      <IncidencePer100k>55.8</IncidencePer100k>
      <Name>Roscommon</Name>
    </HspcIncidence>
    <HspcIncidence>
      <ConfirmedCases>284</ConfirmedCases>
      <IncidencePer100k>52.3</IncidencePer100k>
      <Name>Cork</Name>
    </HspcIncidence>
    <HspcIncidence>
      <ConfirmedCases>34</ConfirmedCases>
      <IncidencePer100k>51.9</IncidencePer100k>
      <Name>Sligo</Name>
    </HspcIncidence>
    <HspcIncidence>
      <ConfirmedCases>43</ConfirmedCases>
      <IncidencePer100k>50.8</IncidencePer100k>
      <Name>Laois</Name>
    </HspcIncidence>
    <HspcIncidence>
      <ConfirmedCases>38</ConfirmedCases>
      <IncidencePer100k>49.9</IncidencePer100k>
      <Name>Cavan</Name>
    </HspcIncidence>
    <HspcIncidence>
      <ConfirmedCases>108</ConfirmedCases>
      <IncidencePer100k>48.5</IncidencePer100k>
      <Name>Kildare</Name>
    </HspcIncidence>
    <HspcIncidence>
      <ConfirmedCases>118</ConfirmedCases>
      <IncidencePer100k>45.7</IncidencePer100k>
      <Name>Galway</Name>
    </HspcIncidence>
    <HspcIncidence>
      <ConfirmedCases>51</ConfirmedCases>
      <IncidencePer100k>42.9</IncidencePer100k>
      <Name>Clare</Name>
    </HspcIncidence>
    <HspcIncidence>
      <ConfirmedCases>55</ConfirmedCases>
      <IncidencePer100k>37.2</IncidencePer100k>
      <Name>Kerry</Name>
    </HspcIncidence>
    <HspcIncidence>
      <ConfirmedCases>29</ConfirmedCases>
      <IncidencePer100k>37.2</IncidencePer100k>
      <Name>Offaly</Name>
    </HspcIncidence>
    <HspcIncidence>
      <ConfirmedCases>21</ConfirmedCases>
      <IncidencePer100k>23.7</IncidencePer100k>
      <Name>Westmeath</Name>
    </HspcIncidence>
    <HspcIncidence>
      <ConfirmedCases>34</ConfirmedCases>
      <IncidencePer100k>22.7</IncidencePer100k>
      <Name>Wexford</Name>
    </HspcIncidence>
    <HspcIncidence>
      <ConfirmedCases>3</ConfirmedCases>
      <IncidencePer100k>9.4</IncidencePer100k>
      <Name>Leitrim</Name>
    </HspcIncidence>
  </CountyRates>
  <FromDate>2020-11-19T00:00:00</FromDate>
  <Hospitalised>
    <HspcHospitalised>
      <CasesAdmittedToIcu>0</CasesAdmittedToIcu>
      <CasesAdmittedToIcuPercent>0</CasesAdmittedToIcuPercent>
      <CasesHospitalised>0</CasesHospitalised>
      <CasesHospitalisedPercent>0</CasesHospitalisedPercent>
      <Name>0To4</Name>
      <NumberOfCases>152</NumberOfCases>
    </HspcHospitalised>
    <HspcHospitalised>
      <CasesAdmittedToIcu>0</CasesAdmittedToIcu>
      <CasesAdmittedToIcuPercent>0</CasesAdmittedToIcuPercent>
      <CasesHospitalised>2</CasesHospitalised>
      <CasesHospitalisedPercent>0.83</CasesHospitalisedPercent>
      <Name>5To12</Name>
      <NumberOfCases>351</NumberOfCases>
    </HspcHospitalised>
    <HspcHospitalised>
      <CasesAdmittedToIcu>0</CasesAdmittedToIcu>
      <CasesAdmittedToIcuPercent>0</CasesAdmittedToIcuPercent>
      <CasesHospitalised>1</CasesHospitalised>
      <CasesHospitalisedPercent>0.41</CasesHospitalisedPercent>
      <Name>13To18</Name>
      <NumberOfCases>364</NumberOfCases>
    </HspcHospitalised>
    <HspcHospitalised>
      <CasesAdmittedToIcu>0</CasesAdmittedToIcu>
      <CasesAdmittedToIcuPercent>0</CasesAdmittedToIcuPercent>
      <CasesHospitalised>5</CasesHospitalised>
      <CasesHospitalisedPercent>2.07</CasesHospitalisedPercent>
      <Name>19To24</Name>
      <NumberOfCases>480</NumberOfCases>
    </HspcHospitalised>
    <HspcHospitalised>
      <CasesAdmittedToIcu>0</CasesAdmittedToIcu>
      <CasesAdmittedToIcuPercent>0</CasesAdmittedToIcuPercent>
      <CasesHospitalised>16</CasesHospitalised>
      <CasesHospitalisedPercent>6.61</CasesHospitalisedPercent>
      <Name>25To34</Name>
      <NumberOfCases>552</NumberOfCases>
    </HspcHospitalised>
    <HspcHospitalised>
      <CasesAdmittedToIcu>0</CasesAdmittedToIcu>
      <CasesAdmittedToIcuPercent>0</CasesAdmittedToIcuPercent>
      <CasesHospitalised>18</CasesHospitalised>
      <CasesHospitalisedPercent>7.44</CasesHospitalisedPercent>
      <Name>35To44</Name>
      <NumberOfCases>594</NumberOfCases>
    </HspcHospitalised>
    <HspcHospitalised>
      <CasesAdmittedToIcu>0</CasesAdmittedToIcu>
      <CasesAdmittedToIcuPercent>0</CasesAdmittedToIcuPercent>
      <CasesHospitalised>21</CasesHospitalised>
      <CasesHospitalisedPercent>8.68</CasesHospitalisedPercent>
      <Name>45To54</Name>
      <NumberOfCases>507</NumberOfCases>
    </HspcHospitalised>
    <HspcHospitalised>
      <CasesAdmittedToIcu>6</CasesAdmittedToIcu>
      <CasesAdmittedToIcuPercent>66.67</CasesAdmittedToIcuPercent>
      <CasesHospitalised>26</CasesHospitalised>
      <CasesHospitalisedPercent>10.74</CasesHospitalisedPercent>
      <Name>55To64</Name>
      <NumberOfCases>322</NumberOfCases>
    </HspcHospitalised>
    <HspcHospitalised>
      <CasesAdmittedToIcu>0</CasesAdmittedToIcu>
      <CasesAdmittedToIcuPercent>0</CasesAdmittedToIcuPercent>
      <CasesHospitalised>41</CasesHospitalised>
      <CasesHospitalisedPercent>16.94</CasesHospitalisedPercent>
      <Name>65To74</Name>
      <NumberOfCases>187</NumberOfCases>
    </HspcHospitalised>
    <HspcHospitalised>
      <CasesAdmittedToIcu>3</CasesAdmittedToIcu>
      <CasesAdmittedToIcuPercent>33.33</CasesAdmittedToIcuPercent>
      <CasesHospitalised>69</CasesHospitalised>
      <CasesHospitalisedPercent>28.51</CasesHospitalisedPercent>
      <Name>75To84</Name>
      <NumberOfCases>176</NumberOfCases>
    </HspcHospitalised>
    <HspcHospitalised>
      <CasesAdmittedToIcu>0</CasesAdmittedToIcu>
      <CasesAdmittedToIcuPercent>0</CasesAdmittedToIcuPercent>
      <CasesHospitalised>43</CasesHospitalised>
      <CasesHospitalisedPercent>17.77</CasesHospitalisedPercent>
      <Name>85Plus</Name>
      <NumberOfCases>107</NumberOfCases>
    </HspcHospitalised>
    <HspcHospitalised>
      <CasesAdmittedToIcu>0</CasesAdmittedToIcu>
      <CasesAdmittedToIcuPercent>0</CasesAdmittedToIcuPercent>
      <CasesHospitalised>0</CasesHospitalised>
      <CasesHospitalisedPercent>0</CasesHospitalisedPercent>
      <Name>Unknown</Name>
      <NumberOfCases>2</NumberOfCases>
    </HspcHospitalised>
  </Hospitalised>
  <PreparedDate>2020-12-03T00:00:00</PreparedDate>
  <SexCharacteristics>
    <Female>
      <Absolute>1894</Absolute>
      <Percent>49.92</Percent>
    </Female>
    <Male>
      <Absolute>1886</Absolute>
      <Percent>49.71</Percent>
    </Male>
    <MaleFemaleRatio>1</MaleFemaleRatio>
    <Unknown>
      <Absolute>14</Absolute>
      <Percent>0.37</Percent>
    </Unknown>
  </SexCharacteristics>
  <SourceFileName>COVID-19_14 day epidemiology report_20201203_website.pdf</SourceFileName>
  <SymptomStatusAtTimeOfTestCharacteristics>
    <No>
      <Absolute>968</Absolute>
      <Percent>25.51</Percent>
    </No>
    <Unknown>
      <Absolute>600</Absolute>
      <Percent>15.81</Percent>
    </Unknown>
    <Yes>
      <Absolute>2226</Absolute>
      <Percent>58.67</Percent>
    </Yes>
  </SymptomStatusAtTimeOfTestCharacteristics>
  <ToDate>2020-12-02T00:00:00</ToDate>
  <TotalConfirmedCases>
    <Absolute>3794</Absolute>
    <Percent>100</Percent>
  </TotalConfirmedCases>
  <UnderlyingConditionsCharacteristics>
    <No>
      <Absolute>2239</Absolute>
      <Percent>59.01</Percent>
    </No>
    <Unknown>
      <Absolute>522</Absolute>
      <Percent>13.76</Percent>
    </Unknown>
    <Yes>
      <Absolute>1033</Absolute>
      <Percent>27.23</Percent>
    </Yes>
  </UnderlyingConditionsCharacteristics>
</HspcDailyEpidemiology>