﻿<?xml version="1.0" encoding="utf-8"?>
<HspcDailyEpidemiology xmlns:i="http://www.w3.org/2001/XMLSchema-instance" xmlns="http://schemas.datacontract.org/2004/07/CovidStats.DailyEpidemiology">
  <AgeCharacteristics>
    <Age0To4>
      <Absolute>154</Absolute>
      <Percent>2.6</Percent>
    </Age0To4>
    <Age13To18>
      <Absolute>0</Absolute>
      <Percent>0</Percent>
    </Age13To18>
    <Age19To24>
      <Absolute>0</Absolute>
      <Percent>0</Percent>
    </Age19To24>
    <Age25To34>
      <Absolute>1044</Absolute>
      <Percent>17.62</Percent>
    </Age25To34>
    <Age35To44>
      <Absolute>860</Absolute>
      <Percent>14.51</Percent>
    </Age35To44>
    <Age45To54>
      <Absolute>811</Absolute>
      <Percent>13.69</Percent>
    </Age45To54>
    <Age55To64>
      <Absolute>617</Absolute>
      <Percent>10.41</Percent>
    </Age55To64>
    <Age5To12>
      <Absolute>0</Absolute>
      <Percent>0</Percent>
    </Age5To12>
    <Age65To74>
      <Absolute>292</Absolute>
      <Percent>4.93</Percent>
    </Age65To74>
    <Age75To84>
      <Absolute>173</Absolute>
      <Percent>2.92</Percent>
    </Age75To84>
    <Age85Plus>
      <Absolute>100</Absolute>
      <Percent>1.69</Percent>
    </Age85Plus>
    <AgeUnknown>
      <Absolute>0</Absolute>
      <Percent>0</Percent>
    </AgeUnknown>
    <MeanAge>37</MeanAge>
    <MedianAge>33</MedianAge>
  </AgeCharacteristics>
  <CCARates />
  <CHORates i:nil="true" />
  <CountyRates i:nil="true" />
  <FromDate>2020-09-23T00:00:00</FromDate>
  <Hospitalised i:nil="true" />
  <PreparedDate>2020-10-07T00:00:00</PreparedDate>
  <SexCharacteristics>
    <Female>
      <Absolute>2949</Absolute>
      <Percent>49.77</Percent>
    </Female>
    <Male>
      <Absolute>2964</Absolute>
      <Percent>50.03</Percent>
    </Male>
    <MaleFemaleRatio>1.01</MaleFemaleRatio>
    <Unknown>
      <Absolute>12</Absolute>
      <Percent>0.2</Percent>
    </Unknown>
  </SexCharacteristics>
  <SourceFileName>COVID-19_14_day_epidemiology_report_20201007 - website.pdf</SourceFileName>
  <SymptomStatusAtTimeOfTestCharacteristics>
    <No i:nil="true" />
    <Unknown i:nil="true" />
    <Yes i:nil="true" />
  </SymptomStatusAtTimeOfTestCharacteristics>
  <ToDate>2020-10-06T00:00:00</ToDate>
  <TotalConfirmedCases>
    <Absolute>5925</Absolute>
    <Percent>100</Percent>
  </TotalConfirmedCases>
  <UnderlyingConditionsCharacteristics>
    <No>
      <Absolute>3911</Absolute>
      <Percent>66.01</Percent>
    </No>
    <Unknown>
      <Absolute>636</Absolute>
      <Percent>10.73</Percent>
    </Unknown>
    <Yes>
      <Absolute>1378</Absolute>
      <Percent>23.26</Percent>
    </Yes>
  </UnderlyingConditionsCharacteristics>
</HspcDailyEpidemiology>