﻿<?xml version="1.0" encoding="utf-8"?>
<HspcDailyEpidemiology xmlns:i="http://www.w3.org/2001/XMLSchema-instance" xmlns="http://schemas.datacontract.org/2004/07/CovidStats.DailyEpidemiology">
  <AgeCharacteristics>
    <Age0To4>
      <Absolute>432</Absolute>
      <Percent>3.12</Percent>
    </Age0To4>
    <Age13To18>
      <Absolute>0</Absolute>
      <Percent>0</Percent>
    </Age13To18>
    <Age19To24>
      <Absolute>0</Absolute>
      <Percent>0</Percent>
    </Age19To24>
    <Age25To34>
      <Absolute>2307</Absolute>
      <Percent>16.65</Percent>
    </Age25To34>
    <Age35To44>
      <Absolute>1887</Absolute>
      <Percent>13.62</Percent>
    </Age35To44>
    <Age45To54>
      <Absolute>1810</Absolute>
      <Percent>13.06</Percent>
    </Age45To54>
    <Age55To64>
      <Absolute>1382</Absolute>
      <Percent>9.97</Percent>
    </Age55To64>
    <Age5To12>
      <Absolute>0</Absolute>
      <Percent>0</Percent>
    </Age5To12>
    <Age65To74>
      <Absolute>641</Absolute>
      <Percent>4.63</Percent>
    </Age65To74>
    <Age75To84>
      <Absolute>316</Absolute>
      <Percent>2.28</Percent>
    </Age75To84>
    <Age85Plus>
      <Absolute>190</Absolute>
      <Percent>1.37</Percent>
    </Age85Plus>
    <AgeUnknown>
      <Absolute>6</Absolute>
      <Percent>0.04</Percent>
    </AgeUnknown>
    <MeanAge>35</MeanAge>
    <MedianAge>31</MedianAge>
  </AgeCharacteristics>
  <CCARates />
  <CHORates i:nil="true" />
  <CountyRates i:nil="true" />
  <FromDate>2020-10-07T00:00:00</FromDate>
  <Hospitalised>
    <HspcHospitalised>
      <CasesAdmittedToIcu>0</CasesAdmittedToIcu>
      <CasesAdmittedToIcuPercent>0</CasesAdmittedToIcuPercent>
      <CasesHospitalised>7</CasesHospitalised>
      <CasesHospitalisedPercent>2.08</CasesHospitalisedPercent>
      <Name>0To4</Name>
      <NumberOfCases>432</NumberOfCases>
    </HspcHospitalised>
    <HspcHospitalised>
      <CasesAdmittedToIcu>1</CasesAdmittedToIcu>
      <CasesAdmittedToIcuPercent>4.35</CasesAdmittedToIcuPercent>
      <CasesHospitalised>10</CasesHospitalised>
      <CasesHospitalisedPercent>2.97</CasesHospitalisedPercent>
      <Name>5To14</Name>
      <NumberOfCases>1119</NumberOfCases>
    </HspcHospitalised>
    <HspcHospitalised>
      <CasesAdmittedToIcu>1</CasesAdmittedToIcu>
      <CasesAdmittedToIcuPercent>4.35</CasesAdmittedToIcuPercent>
      <CasesHospitalised>18</CasesHospitalised>
      <CasesHospitalisedPercent>5.34</CasesHospitalisedPercent>
      <Name>15To24</Name>
      <NumberOfCases>3768</NumberOfCases>
    </HspcHospitalised>
    <HspcHospitalised>
      <CasesAdmittedToIcu>0</CasesAdmittedToIcu>
      <CasesAdmittedToIcuPercent>0</CasesAdmittedToIcuPercent>
      <CasesHospitalised>33</CasesHospitalised>
      <CasesHospitalisedPercent>9.79</CasesHospitalisedPercent>
      <Name>25To34</Name>
      <NumberOfCases>2307</NumberOfCases>
    </HspcHospitalised>
    <HspcHospitalised>
      <CasesAdmittedToIcu>3</CasesAdmittedToIcu>
      <CasesAdmittedToIcuPercent>13.04</CasesAdmittedToIcuPercent>
      <CasesHospitalised>22</CasesHospitalised>
      <CasesHospitalisedPercent>6.53</CasesHospitalisedPercent>
      <Name>35To44</Name>
      <NumberOfCases>1887</NumberOfCases>
    </HspcHospitalised>
    <HspcHospitalised>
      <CasesAdmittedToIcu>1</CasesAdmittedToIcu>
      <CasesAdmittedToIcuPercent>4.35</CasesAdmittedToIcuPercent>
      <CasesHospitalised>28</CasesHospitalised>
      <CasesHospitalisedPercent>8.31</CasesHospitalisedPercent>
      <Name>45To54</Name>
      <NumberOfCases>1810</NumberOfCases>
    </HspcHospitalised>
    <HspcHospitalised>
      <CasesAdmittedToIcu>3</CasesAdmittedToIcu>
      <CasesAdmittedToIcuPercent>13.04</CasesAdmittedToIcuPercent>
      <CasesHospitalised>47</CasesHospitalised>
      <CasesHospitalisedPercent>13.95</CasesHospitalisedPercent>
      <Name>55To64</Name>
      <NumberOfCases>1382</NumberOfCases>
    </HspcHospitalised>
    <HspcHospitalised>
      <CasesAdmittedToIcu>10</CasesAdmittedToIcu>
      <CasesAdmittedToIcuPercent>43.48</CasesAdmittedToIcuPercent>
      <CasesHospitalised>53</CasesHospitalised>
      <CasesHospitalisedPercent>15.73</CasesHospitalisedPercent>
      <Name>65To74</Name>
      <NumberOfCases>641</NumberOfCases>
    </HspcHospitalised>
    <HspcHospitalised>
      <CasesAdmittedToIcu>3</CasesAdmittedToIcu>
      <CasesAdmittedToIcuPercent>13.04</CasesAdmittedToIcuPercent>
      <CasesHospitalised>68</CasesHospitalised>
      <CasesHospitalisedPercent>20.18</CasesHospitalisedPercent>
      <Name>75To84</Name>
      <NumberOfCases>316</NumberOfCases>
    </HspcHospitalised>
    <HspcHospitalised>
      <CasesAdmittedToIcu>1</CasesAdmittedToIcu>
      <CasesAdmittedToIcuPercent>4.35</CasesAdmittedToIcuPercent>
      <CasesHospitalised>49</CasesHospitalised>
      <CasesHospitalisedPercent>14.54</CasesHospitalisedPercent>
      <Name>85Plus</Name>
      <NumberOfCases>190</NumberOfCases>
    </HspcHospitalised>
    <HspcHospitalised>
      <CasesAdmittedToIcu>2</CasesAdmittedToIcu>
      <CasesAdmittedToIcuPercent>0.59</CasesAdmittedToIcuPercent>
      <CasesHospitalised>0</CasesHospitalised>
      <CasesHospitalisedPercent>0</CasesHospitalisedPercent>
      <Name>Unknown</Name>
      <NumberOfCases>6</NumberOfCases>
    </HspcHospitalised>
  </Hospitalised>
  <PreparedDate>2020-10-21T00:00:00</PreparedDate>
  <SexCharacteristics>
    <Female>
      <Absolute>6960</Absolute>
      <Percent>50.22</Percent>
    </Female>
    <Male>
      <Absolute>6885</Absolute>
      <Percent>49.68</Percent>
    </Male>
    <MaleFemaleRatio>0.99</MaleFemaleRatio>
    <Unknown>
      <Absolute>13</Absolute>
      <Percent>0.09</Percent>
    </Unknown>
  </SexCharacteristics>
  <SourceFileName>COVID-19_14_day_epidemiology_report_20201021_Website.pdf</SourceFileName>
  <SymptomStatusAtTimeOfTestCharacteristics>
    <No i:nil="true" />
    <Unknown i:nil="true" />
    <Yes i:nil="true" />
  </SymptomStatusAtTimeOfTestCharacteristics>
  <ToDate>2020-10-20T00:00:00</ToDate>
  <TotalConfirmedCases>
    <Absolute>13858</Absolute>
    <Percent>100</Percent>
  </TotalConfirmedCases>
  <UnderlyingConditionsCharacteristics>
    <No>
      <Absolute>6903</Absolute>
      <Percent>49.81</Percent>
    </No>
    <Unknown>
      <Absolute>5691</Absolute>
      <Percent>41.07</Percent>
    </Unknown>
    <Yes>
      <Absolute>1264</Absolute>
      <Percent>9.12</Percent>
    </Yes>
  </UnderlyingConditionsCharacteristics>
</HspcDailyEpidemiology>