﻿<?xml version="1.0" encoding="utf-8"?>
<HspcDailyEpidemiology xmlns:i="http://www.w3.org/2001/XMLSchema-instance" xmlns="http://schemas.datacontract.org/2004/07/CovidStats.DailyEpidemiology">
  <AgeCharacteristics>
    <Age0To4>
      <Absolute>128</Absolute>
      <Percent>3.82</Percent>
    </Age0To4>
    <Age13To18>
      <Absolute>0</Absolute>
      <Percent>0</Percent>
    </Age13To18>
    <Age19To24>
      <Absolute>0</Absolute>
      <Percent>0</Percent>
    </Age19To24>
    <Age25To34>
      <Absolute>596</Absolute>
      <Percent>17.78</Percent>
    </Age25To34>
    <Age35To44>
      <Absolute>494</Absolute>
      <Percent>14.73</Percent>
    </Age35To44>
    <Age45To54>
      <Absolute>459</Absolute>
      <Percent>13.69</Percent>
    </Age45To54>
    <Age55To64>
      <Absolute>319</Absolute>
      <Percent>9.51</Percent>
    </Age55To64>
    <Age5To12>
      <Absolute>0</Absolute>
      <Percent>0</Percent>
    </Age5To12>
    <Age65To74>
      <Absolute>213</Absolute>
      <Percent>6.35</Percent>
    </Age65To74>
    <Age75To84>
      <Absolute>77</Absolute>
      <Percent>2.3</Percent>
    </Age75To84>
    <Age85Plus>
      <Absolute>42</Absolute>
      <Percent>1.25</Percent>
    </Age85Plus>
    <AgeUnknown>
      <Absolute>0</Absolute>
      <Percent>0</Percent>
    </AgeUnknown>
    <MeanAge>36</MeanAge>
    <MedianAge>33</MedianAge>
  </AgeCharacteristics>
  <CCARates />
  <CHORates i:nil="true" />
  <CountyRates i:nil="true" />
  <FromDate>2020-09-07T00:00:00</FromDate>
  <Hospitalised i:nil="true" />
  <PreparedDate>2020-09-21T00:00:00</PreparedDate>
  <SexCharacteristics>
    <Female>
      <Absolute>1688</Absolute>
      <Percent>50.34</Percent>
    </Female>
    <Male>
      <Absolute>1659</Absolute>
      <Percent>49.48</Percent>
    </Male>
    <MaleFemaleRatio>0.98</MaleFemaleRatio>
    <Unknown>
      <Absolute>6</Absolute>
      <Percent>0.18</Percent>
    </Unknown>
  </SexCharacteristics>
  <SourceFileName>COVID-19_14_day_epidemiology_report_20200921_Website.pdf</SourceFileName>
  <SymptomStatusAtTimeOfTestCharacteristics>
    <No i:nil="true" />
    <Unknown i:nil="true" />
    <Yes i:nil="true" />
  </SymptomStatusAtTimeOfTestCharacteristics>
  <ToDate>2020-09-20T00:00:00</ToDate>
  <TotalConfirmedCases>
    <Absolute>3353</Absolute>
    <Percent>100</Percent>
  </TotalConfirmedCases>
  <UnderlyingConditionsCharacteristics>
    <No>
      <Absolute>1997</Absolute>
      <Percent>59.56</Percent>
    </No>
    <Unknown>
      <Absolute>418</Absolute>
      <Percent>12.47</Percent>
    </Unknown>
    <Yes>
      <Absolute>938</Absolute>
      <Percent>27.97</Percent>
    </Yes>
  </UnderlyingConditionsCharacteristics>
</HspcDailyEpidemiology>