﻿<?xml version="1.0" encoding="utf-8"?>
<HspcDailyEpidemiology xmlns:i="http://www.w3.org/2001/XMLSchema-instance" xmlns="http://schemas.datacontract.org/2004/07/CovidStats.DailyEpidemiology">
  <AgeCharacteristics>
    <Age0To4>
      <Absolute>248</Absolute>
      <Percent>4.32</Percent>
    </Age0To4>
    <Age13To18>
      <Absolute>462</Absolute>
      <Percent>8.06</Percent>
    </Age13To18>
    <Age19To24>
      <Absolute>655</Absolute>
      <Percent>11.42</Percent>
    </Age19To24>
    <Age25To34>
      <Absolute>950</Absolute>
      <Percent>16.56</Percent>
    </Age25To34>
    <Age35To44>
      <Absolute>894</Absolute>
      <Percent>15.59</Percent>
    </Age35To44>
    <Age45To54>
      <Absolute>811</Absolute>
      <Percent>14.14</Percent>
    </Age45To54>
    <Age55To64>
      <Absolute>530</Absolute>
      <Percent>9.24</Percent>
    </Age55To64>
    <Age5To12>
      <Absolute>426</Absolute>
      <Percent>7.43</Percent>
    </Age5To12>
    <Age65To74>
      <Absolute>324</Absolute>
      <Percent>5.65</Percent>
    </Age65To74>
    <Age75To84>
      <Absolute>250</Absolute>
      <Percent>4.36</Percent>
    </Age75To84>
    <Age85Plus>
      <Absolute>183</Absolute>
      <Percent>3.19</Percent>
    </Age85Plus>
    <AgeUnknown>
      <Absolute>2</Absolute>
      <Percent>0.03</Percent>
    </AgeUnknown>
    <MeanAge>38</MeanAge>
    <MedianAge>36</MedianAge>
  </AgeCharacteristics>
  <CCARates>
    <HspcIncidence>
      <ConfirmedCases>90</ConfirmedCases>
      <IncidencePer100k>66.1</IncidencePer100k>
      <Name>DublinSouth</Name>
    </HspcIncidence>
    <HspcIncidence>
      <ConfirmedCases>210</ConfirmedCases>
      <IncidencePer100k>169.8</IncidencePer100k>
      <Name>DublinSouthEast</Name>
    </HspcIncidence>
    <HspcIncidence>
      <ConfirmedCases>145</ConfirmedCases>
      <IncidencePer100k>96.7</IncidencePer100k>
      <Name>DublinSouthCity</Name>
    </HspcIncidence>
    <HspcIncidence>
      <ConfirmedCases>170</ConfirmedCases>
      <IncidencePer100k>105.7</IncidencePer100k>
      <Name>DublinSouthWest</Name>
    </HspcIncidence>
    <HspcIncidence>
      <ConfirmedCases>257</ConfirmedCases>
      <IncidencePer100k>165.4</IncidencePer100k>
      <Name>DublinWest</Name>
    </HspcIncidence>
    <HspcIncidence>
      <ConfirmedCases>351</ConfirmedCases>
      <IncidencePer100k>169.0</IncidencePer100k>
      <Name>DublinNorthWest</Name>
    </HspcIncidence>
    <HspcIncidence>
      <ConfirmedCases>228</ConfirmedCases>
      <IncidencePer100k>147.5</IncidencePer100k>
      <Name>DublinNorthCentral</Name>
    </HspcIncidence>
    <HspcIncidence>
      <ConfirmedCases>234</ConfirmedCases>
      <IncidencePer100k>90.3</IncidencePer100k>
      <Name>DublinNorth</Name>
    </HspcIncidence>
  </CCARates>
  <CHORates>
    <HspcIncidence>
      <ConfirmedCases>668</ConfirmedCases>
      <IncidencePer100k>170.7</IncidencePer100k>
      <Name>CHO1</Name>
    </HspcIncidence>
    <HspcIncidence>
      <ConfirmedCases>447</ConfirmedCases>
      <IncidencePer100k>98.7</IncidencePer100k>
      <Name>CHO2</Name>
    </HspcIncidence>
    <HspcIncidence>
      <ConfirmedCases>637</ConfirmedCases>
      <IncidencePer100k>165.5</IncidencePer100k>
      <Name>CHO3</Name>
    </HspcIncidence>
    <HspcIncidence>
      <ConfirmedCases>637</ConfirmedCases>
      <IncidencePer100k>92.2</IncidencePer100k>
      <Name>CHO4</Name>
    </HspcIncidence>
    <HspcIncidence>
      <ConfirmedCases>514</ConfirmedCases>
      <IncidencePer100k>100.7</IncidencePer100k>
      <Name>CHO5</Name>
    </HspcIncidence>
    <HspcIncidence>
      <ConfirmedCases>387</ConfirmedCases>
      <IncidencePer100k>101.0</IncidencePer100k>
      <Name>CHO6</Name>
    </HspcIncidence>
    <HspcIncidence>
      <ConfirmedCases>766</ConfirmedCases>
      <IncidencePer100k>108.2</IncidencePer100k>
      <Name>CHO7</Name>
    </HspcIncidence>
    <HspcIncidence>
      <ConfirmedCases>866</ConfirmedCases>
      <IncidencePer100k>139.8</IncidencePer100k>
      <Name>CHO8</Name>
    </HspcIncidence>
    <HspcIncidence>
      <ConfirmedCases>813</ConfirmedCases>
      <IncidencePer100k>130.8</IncidencePer100k>
      <Name>CHO9</Name>
    </HspcIncidence>
  </CHORates>
  <CountyRates>
    <HspcIncidence>
      <ConfirmedCases>429</ConfirmedCases>
      <IncidencePer100k>269.5</IncidencePer100k>
      <Name>Donegal</Name>
    </HspcIncidence>
    <HspcIncidence>
      <ConfirmedCases>442</ConfirmedCases>
      <IncidencePer100k>226.8</IncidencePer100k>
      <Name>Limerick</Name>
    </HspcIncidence>
    <HspcIncidence>
      <ConfirmedCases>188</ConfirmedCases>
      <IncidencePer100k>161.8</IncidencePer100k>
      <Name>Waterford</Name>
    </HspcIncidence>
    <HspcIncidence>
      <ConfirmedCases>207</ConfirmedCases>
      <IncidencePer100k>160.6</IncidencePer100k>
      <Name>Louth</Name>
    </HspcIncidence>
    <HspcIncidence>
      <ConfirmedCases>136</ConfirmedCases>
      <IncidencePer100k>153.2</IncidencePer100k>
      <Name>Westmeath</Name>
    </HspcIncidence>
    <HspcIncidence>
      <ConfirmedCases>273</ConfirmedCases>
      <IncidencePer100k>140.0</IncidencePer100k>
      <Name>Meath</Name>
    </HspcIncidence>
    <HspcIncidence>
      <ConfirmedCases>90</ConfirmedCases>
      <IncidencePer100k>139.4</IncidencePer100k>
      <Name>Roscommon</Name>
    </HspcIncidence>
    <HspcIncidence>
      <ConfirmedCases>106</ConfirmedCases>
      <IncidencePer100k>136.0</IncidencePer100k>
      <Name>Offaly</Name>
    </HspcIncidence>
    <HspcIncidence>
      <ConfirmedCases>1685</ConfirmedCases>
      <IncidencePer100k>125.1</IncidencePer100k>
      <Name>Dublin</Name>
    </HspcIncidence>
    <HspcIncidence>
      <ConfirmedCases>183</ConfirmedCases>
      <IncidencePer100k>123.9</IncidencePer100k>
      <Name>Kerry</Name>
    </HspcIncidence>
    <HspcIncidence>
      <ConfirmedCases>120</ConfirmedCases>
      <IncidencePer100k>120.9</IncidencePer100k>
      <Name>Kilkenny</Name>
    </HspcIncidence>
    <HspcIncidence>
      <ConfirmedCases>74</ConfirmedCases>
      <IncidencePer100k>120.5</IncidencePer100k>
      <Name>Monaghan</Name>
    </HspcIncidence>
    <HspcIncidence>
      <ConfirmedCases>148</ConfirmedCases>
      <IncidencePer100k>113.4</IncidencePer100k>
      <Name>Mayo</Name>
    </HspcIncidence>
    <HspcIncidence>
      <ConfirmedCases>46</ConfirmedCases>
      <IncidencePer100k>112.5</IncidencePer100k>
      <Name>Longford</Name>
    </HspcIncidence>
    <HspcIncidence>
      <ConfirmedCases>94</ConfirmedCases>
      <IncidencePer100k>111.0</IncidencePer100k>
      <Name>Laois</Name>
    </HspcIncidence>
    <HspcIncidence>
      <ConfirmedCases>128</ConfirmedCases>
      <IncidencePer100k>107.7</IncidencePer100k>
      <Name>Clare</Name>
    </HspcIncidence>
    <HspcIncidence>
      <ConfirmedCases>162</ConfirmedCases>
      <IncidencePer100k>101.5</IncidencePer100k>
      <Name>Tipperary</Name>
    </HspcIncidence>
    <HspcIncidence>
      <ConfirmedCases>66</ConfirmedCases>
      <IncidencePer100k>100.7</IncidencePer100k>
      <Name>Sligo</Name>
    </HspcIncidence>
    <HspcIncidence>
      <ConfirmedCases>73</ConfirmedCases>
      <IncidencePer100k>95.8</IncidencePer100k>
      <Name>Cavan</Name>
    </HspcIncidence>
    <HspcIncidence>
      <ConfirmedCases>191</ConfirmedCases>
      <IncidencePer100k>85.8</IncidencePer100k>
      <Name>Kildare</Name>
    </HspcIncidence>
    <HspcIncidence>
      <ConfirmedCases>27</ConfirmedCases>
      <IncidencePer100k>84.3</IncidencePer100k>
      <Name>Leitrim</Name>
    </HspcIncidence>
    <HspcIncidence>
      <ConfirmedCases>454</ConfirmedCases>
      <IncidencePer100k>83.6</IncidencePer100k>
      <Name>Cork</Name>
    </HspcIncidence>
    <HspcIncidence>
      <ConfirmedCases>209</ConfirmedCases>
      <IncidencePer100k>81.0</IncidencePer100k>
      <Name>Galway</Name>
    </HspcIncidence>
    <HspcIncidence>
      <ConfirmedCases>44</ConfirmedCases>
      <IncidencePer100k>77.3</IncidencePer100k>
      <Name>Carlow</Name>
    </HspcIncidence>
    <HspcIncidence>
      <ConfirmedCases>90</ConfirmedCases>
      <IncidencePer100k>63.2</IncidencePer100k>
      <Name>Wicklow</Name>
    </HspcIncidence>
    <HspcIncidence>
      <ConfirmedCases>70</ConfirmedCases>
      <IncidencePer100k>46.8</IncidencePer100k>
      <Name>Wexford</Name>
    </HspcIncidence>
  </CountyRates>
  <FromDate>2020-11-02T00:00:00</FromDate>
  <Hospitalised>
    <HspcHospitalised>
      <CasesAdmittedToIcu>0</CasesAdmittedToIcu>
      <CasesAdmittedToIcuPercent>0</CasesAdmittedToIcuPercent>
      <CasesHospitalised>4</CasesHospitalised>
      <CasesHospitalisedPercent>1.1</CasesHospitalisedPercent>
      <Name>0To4</Name>
      <NumberOfCases>248</NumberOfCases>
    </HspcHospitalised>
    <HspcHospitalised>
      <CasesAdmittedToIcu>0</CasesAdmittedToIcu>
      <CasesAdmittedToIcuPercent>0</CasesAdmittedToIcuPercent>
      <CasesHospitalised>3</CasesHospitalised>
      <CasesHospitalisedPercent>0.82</CasesHospitalisedPercent>
      <Name>5To12</Name>
      <NumberOfCases>426</NumberOfCases>
    </HspcHospitalised>
    <HspcHospitalised>
      <CasesAdmittedToIcu>0</CasesAdmittedToIcu>
      <CasesAdmittedToIcuPercent>0</CasesAdmittedToIcuPercent>
      <CasesHospitalised>8</CasesHospitalised>
      <CasesHospitalisedPercent>2.19</CasesHospitalisedPercent>
      <Name>13To18</Name>
      <NumberOfCases>462</NumberOfCases>
    </HspcHospitalised>
    <HspcHospitalised>
      <CasesAdmittedToIcu>2</CasesAdmittedToIcu>
      <CasesAdmittedToIcuPercent>11.11</CasesAdmittedToIcuPercent>
      <CasesHospitalised>11</CasesHospitalised>
      <CasesHospitalisedPercent>3.01</CasesHospitalisedPercent>
      <Name>19To24</Name>
      <NumberOfCases>655</NumberOfCases>
    </HspcHospitalised>
    <HspcHospitalised>
      <CasesAdmittedToIcu>0</CasesAdmittedToIcu>
      <CasesAdmittedToIcuPercent>0</CasesAdmittedToIcuPercent>
      <CasesHospitalised>17</CasesHospitalised>
      <CasesHospitalisedPercent>4.66</CasesHospitalisedPercent>
      <Name>25To34</Name>
      <NumberOfCases>950</NumberOfCases>
    </HspcHospitalised>
    <HspcHospitalised>
      <CasesAdmittedToIcu>0</CasesAdmittedToIcu>
      <CasesAdmittedToIcuPercent>0</CasesAdmittedToIcuPercent>
      <CasesHospitalised>25</CasesHospitalised>
      <CasesHospitalisedPercent>6.85</CasesHospitalisedPercent>
      <Name>35To44</Name>
      <NumberOfCases>894</NumberOfCases>
    </HspcHospitalised>
    <HspcHospitalised>
      <CasesAdmittedToIcu>3</CasesAdmittedToIcu>
      <CasesAdmittedToIcuPercent>16.67</CasesAdmittedToIcuPercent>
      <CasesHospitalised>37</CasesHospitalised>
      <CasesHospitalisedPercent>10.14</CasesHospitalisedPercent>
      <Name>45To54</Name>
      <NumberOfCases>811</NumberOfCases>
    </HspcHospitalised>
    <HspcHospitalised>
      <CasesAdmittedToIcu>3</CasesAdmittedToIcu>
      <CasesAdmittedToIcuPercent>16.67</CasesAdmittedToIcuPercent>
      <CasesHospitalised>32</CasesHospitalised>
      <CasesHospitalisedPercent>8.77</CasesHospitalisedPercent>
      <Name>55To64</Name>
      <NumberOfCases>530</NumberOfCases>
    </HspcHospitalised>
    <HspcHospitalised>
      <CasesAdmittedToIcu>6</CasesAdmittedToIcu>
      <CasesAdmittedToIcuPercent>33.33</CasesAdmittedToIcuPercent>
      <CasesHospitalised>67</CasesHospitalised>
      <CasesHospitalisedPercent>18.36</CasesHospitalisedPercent>
      <Name>65To74</Name>
      <NumberOfCases>324</NumberOfCases>
    </HspcHospitalised>
    <HspcHospitalised>
      <CasesAdmittedToIcu>4</CasesAdmittedToIcu>
      <CasesAdmittedToIcuPercent>22.22</CasesAdmittedToIcuPercent>
      <CasesHospitalised>103</CasesHospitalised>
      <CasesHospitalisedPercent>28.22</CasesHospitalisedPercent>
      <Name>75To84</Name>
      <NumberOfCases>250</NumberOfCases>
    </HspcHospitalised>
    <HspcHospitalised>
      <CasesAdmittedToIcu>0</CasesAdmittedToIcu>
      <CasesAdmittedToIcuPercent>0</CasesAdmittedToIcuPercent>
      <CasesHospitalised>58</CasesHospitalised>
      <CasesHospitalisedPercent>15.89</CasesHospitalisedPercent>
      <Name>85Plus</Name>
      <NumberOfCases>183</NumberOfCases>
    </HspcHospitalised>
    <HspcHospitalised>
      <CasesAdmittedToIcu>0</CasesAdmittedToIcu>
      <CasesAdmittedToIcuPercent>0</CasesAdmittedToIcuPercent>
      <CasesHospitalised>0</CasesHospitalised>
      <CasesHospitalisedPercent>0</CasesHospitalisedPercent>
      <Name>Unknown</Name>
      <NumberOfCases>2</NumberOfCases>
    </HspcHospitalised>
  </Hospitalised>
  <PreparedDate>2020-11-16T00:00:00</PreparedDate>
  <SexCharacteristics>
    <Female>
      <Absolute>2948</Absolute>
      <Percent>51.4</Percent>
    </Female>
    <Male>
      <Absolute>2779</Absolute>
      <Percent>48.46</Percent>
    </Male>
    <MaleFemaleRatio>0.94</MaleFemaleRatio>
    <Unknown>
      <Absolute>8</Absolute>
      <Percent>0.14</Percent>
    </Unknown>
  </SexCharacteristics>
  <SourceFileName>COVID-19_14_day_epidemiology_report_20201116 - website.pdf</SourceFileName>
  <SymptomStatusAtTimeOfTestCharacteristics>
    <No>
      <Absolute>1547</Absolute>
      <Percent>26.97</Percent>
    </No>
    <Unknown>
      <Absolute>826</Absolute>
      <Percent>14.4</Percent>
    </Unknown>
    <Yes>
      <Absolute>3362</Absolute>
      <Percent>58.62</Percent>
    </Yes>
  </SymptomStatusAtTimeOfTestCharacteristics>
  <ToDate>2020-11-15T00:00:00</ToDate>
  <TotalConfirmedCases>
    <Absolute>5735</Absolute>
    <Percent>100</Percent>
  </TotalConfirmedCases>
  <UnderlyingConditionsCharacteristics>
    <No>
      <Absolute>3641</Absolute>
      <Percent>63.49</Percent>
    </No>
    <Unknown>
      <Absolute>689</Absolute>
      <Percent>12.01</Percent>
    </Unknown>
    <Yes>
      <Absolute>1405</Absolute>
      <Percent>24.5</Percent>
    </Yes>
  </UnderlyingConditionsCharacteristics>
</HspcDailyEpidemiology>