﻿<?xml version="1.0" encoding="utf-8"?>
<HspcDailyEpidemiology xmlns:i="http://www.w3.org/2001/XMLSchema-instance" xmlns="http://schemas.datacontract.org/2004/07/CovidStats.DailyEpidemiology">
  <AgeCharacteristics>
    <Age0To4>
      <Absolute>186</Absolute>
      <Percent>3.98</Percent>
    </Age0To4>
    <Age13To18>
      <Absolute>453</Absolute>
      <Percent>9.69</Percent>
    </Age13To18>
    <Age19To24>
      <Absolute>591</Absolute>
      <Percent>12.64</Percent>
    </Age19To24>
    <Age25To34>
      <Absolute>714</Absolute>
      <Percent>15.27</Percent>
    </Age25To34>
    <Age35To44>
      <Absolute>745</Absolute>
      <Percent>15.93</Percent>
    </Age35To44>
    <Age45To54>
      <Absolute>648</Absolute>
      <Percent>13.86</Percent>
    </Age45To54>
    <Age55To64>
      <Absolute>405</Absolute>
      <Percent>8.66</Percent>
    </Age55To64>
    <Age5To12>
      <Absolute>397</Absolute>
      <Percent>8.49</Percent>
    </Age5To12>
    <Age65To74>
      <Absolute>232</Absolute>
      <Percent>4.96</Percent>
    </Age65To74>
    <Age75To84>
      <Absolute>179</Absolute>
      <Percent>3.83</Percent>
    </Age75To84>
    <Age85Plus>
      <Absolute>125</Absolute>
      <Percent>2.67</Percent>
    </Age85Plus>
    <AgeUnknown>
      <Absolute>2</Absolute>
      <Percent>0.04</Percent>
    </AgeUnknown>
    <MeanAge>37</MeanAge>
    <MedianAge>34</MedianAge>
  </AgeCharacteristics>
  <CCARates>
    <HspcIncidence>
      <ConfirmedCases>99</ConfirmedCases>
      <IncidencePer100k>72.8</IncidencePer100k>
      <Name>DublinSouth</Name>
    </HspcIncidence>
    <HspcIncidence>
      <ConfirmedCases>185</ConfirmedCases>
      <IncidencePer100k>149.6</IncidencePer100k>
      <Name>DublinSouthEast</Name>
    </HspcIncidence>
    <HspcIncidence>
      <ConfirmedCases>121</ConfirmedCases>
      <IncidencePer100k>80.7</IncidencePer100k>
      <Name>DublinSouthCity</Name>
    </HspcIncidence>
    <HspcIncidence>
      <ConfirmedCases>175</ConfirmedCases>
      <IncidencePer100k>108.8</IncidencePer100k>
      <Name>DublinSouthWest</Name>
    </HspcIncidence>
    <HspcIncidence>
      <ConfirmedCases>192</ConfirmedCases>
      <IncidencePer100k>123.6</IncidencePer100k>
      <Name>DublinWest</Name>
    </HspcIncidence>
    <HspcIncidence>
      <ConfirmedCases>262</ConfirmedCases>
      <IncidencePer100k>126.2</IncidencePer100k>
      <Name>DublinNorthWest</Name>
    </HspcIncidence>
    <HspcIncidence>
      <ConfirmedCases>273</ConfirmedCases>
      <IncidencePer100k>176.6</IncidencePer100k>
      <Name>DublinNorthCentral</Name>
    </HspcIncidence>
    <HspcIncidence>
      <ConfirmedCases>183</ConfirmedCases>
      <IncidencePer100k>70.6</IncidencePer100k>
      <Name>DublinNorth</Name>
    </HspcIncidence>
  </CCARates>
  <CHORates>
    <HspcIncidence>
      <ConfirmedCases>498</ConfirmedCases>
      <IncidencePer100k>127.3</IncidencePer100k>
      <Name>CHO1</Name>
    </HspcIncidence>
    <HspcIncidence>
      <ConfirmedCases>317</ConfirmedCases>
      <IncidencePer100k>70.0</IncidencePer100k>
      <Name>CHO2</Name>
    </HspcIncidence>
    <HspcIncidence>
      <ConfirmedCases>484</ConfirmedCases>
      <IncidencePer100k>125.7</IncidencePer100k>
      <Name>CHO3</Name>
    </HspcIncidence>
    <HspcIncidence>
      <ConfirmedCases>495</ConfirmedCases>
      <IncidencePer100k>71.7</IncidencePer100k>
      <Name>CHO4</Name>
    </HspcIncidence>
    <HspcIncidence>
      <ConfirmedCases>453</ConfirmedCases>
      <IncidencePer100k>88.8</IncidencePer100k>
      <Name>CHO5</Name>
    </HspcIncidence>
    <HspcIncidence>
      <ConfirmedCases>389</ConfirmedCases>
      <IncidencePer100k>101.5</IncidencePer100k>
      <Name>CHO6</Name>
    </HspcIncidence>
    <HspcIncidence>
      <ConfirmedCases>649</ConfirmedCases>
      <IncidencePer100k>91.7</IncidencePer100k>
      <Name>CHO7</Name>
    </HspcIncidence>
    <HspcIncidence>
      <ConfirmedCases>674</ConfirmedCases>
      <IncidencePer100k>108.8</IncidencePer100k>
      <Name>CHO8</Name>
    </HspcIncidence>
    <HspcIncidence>
      <ConfirmedCases>718</ConfirmedCases>
      <IncidencePer100k>115.5</IncidencePer100k>
      <Name>CHO9</Name>
    </HspcIncidence>
  </CHORates>
  <CountyRates>
    <HspcIncidence>
      <ConfirmedCases>344</ConfirmedCases>
      <IncidencePer100k>216.1</IncidencePer100k>
      <Name>Donegal</Name>
    </HspcIncidence>
    <HspcIncidence>
      <ConfirmedCases>257</ConfirmedCases>
      <IncidencePer100k>199.4</IncidencePer100k>
      <Name>Louth</Name>
    </HspcIncidence>
    <HspcIncidence>
      <ConfirmedCases>354</ConfirmedCases>
      <IncidencePer100k>181.6</IncidencePer100k>
      <Name>Limerick</Name>
    </HspcIncidence>
    <HspcIncidence>
      <ConfirmedCases>125</ConfirmedCases>
      <IncidencePer100k>126.0</IncidencePer100k>
      <Name>Kilkenny</Name>
    </HspcIncidence>
    <HspcIncidence>
      <ConfirmedCases>137</ConfirmedCases>
      <IncidencePer100k>117.9</IncidencePer100k>
      <Name>Waterford</Name>
    </HspcIncidence>
    <HspcIncidence>
      <ConfirmedCases>76</ConfirmedCases>
      <IncidencePer100k>117.7</IncidencePer100k>
      <Name>Roscommon</Name>
    </HspcIncidence>
    <HspcIncidence>
      <ConfirmedCases>1490</ConfirmedCases>
      <IncidencePer100k>110.6</IncidencePer100k>
      <Name>Dublin</Name>
    </HspcIncidence>
    <HspcIncidence>
      <ConfirmedCases>196</ConfirmedCases>
      <IncidencePer100k>100.5</IncidencePer100k>
      <Name>Meath</Name>
    </HspcIncidence>
    <HspcIncidence>
      <ConfirmedCases>39</ConfirmedCases>
      <IncidencePer100k>95.4</IncidencePer100k>
      <Name>Longford</Name>
    </HspcIncidence>
    <HspcIncidence>
      <ConfirmedCases>148</ConfirmedCases>
      <IncidencePer100k>92.8</IncidencePer100k>
      <Name>Tipperary</Name>
    </HspcIncidence>
    <HspcIncidence>
      <ConfirmedCases>52</ConfirmedCases>
      <IncidencePer100k>84.7</IncidencePer100k>
      <Name>Monaghan</Name>
    </HspcIncidence>
    <HspcIncidence>
      <ConfirmedCases>109</ConfirmedCases>
      <IncidencePer100k>83.5</IncidencePer100k>
      <Name>Mayo</Name>
    </HspcIncidence>
    <HspcIncidence>
      <ConfirmedCases>62</ConfirmedCases>
      <IncidencePer100k>79.5</IncidencePer100k>
      <Name>Offaly</Name>
    </HspcIncidence>
    <HspcIncidence>
      <ConfirmedCases>69</ConfirmedCases>
      <IncidencePer100k>77.7</IncidencePer100k>
      <Name>Westmeath</Name>
    </HspcIncidence>
    <HspcIncidence>
      <ConfirmedCases>420</ConfirmedCases>
      <IncidencePer100k>77.4</IncidencePer100k>
      <Name>Cork</Name>
    </HspcIncidence>
    <HspcIncidence>
      <ConfirmedCases>109</ConfirmedCases>
      <IncidencePer100k>76.5</IncidencePer100k>
      <Name>Wicklow</Name>
    </HspcIncidence>
    <HspcIncidence>
      <ConfirmedCases>41</ConfirmedCases>
      <IncidencePer100k>72.0</IncidencePer100k>
      <Name>Carlow</Name>
    </HspcIncidence>
    <HspcIncidence>
      <ConfirmedCases>54</ConfirmedCases>
      <IncidencePer100k>70.9</IncidencePer100k>
      <Name>Cavan</Name>
    </HspcIncidence>
    <HspcIncidence>
      <ConfirmedCases>84</ConfirmedCases>
      <IncidencePer100k>70.7</IncidencePer100k>
      <Name>Clare</Name>
    </HspcIncidence>
    <HspcIncidence>
      <ConfirmedCases>157</ConfirmedCases>
      <IncidencePer100k>70.6</IncidencePer100k>
      <Name>Kildare</Name>
    </HspcIncidence>
    <HspcIncidence>
      <ConfirmedCases>39</ConfirmedCases>
      <IncidencePer100k>59.5</IncidencePer100k>
      <Name>Sligo</Name>
    </HspcIncidence>
    <HspcIncidence>
      <ConfirmedCases>49</ConfirmedCases>
      <IncidencePer100k>57.9</IncidencePer100k>
      <Name>Laois</Name>
    </HspcIncidence>
    <HspcIncidence>
      <ConfirmedCases>132</ConfirmedCases>
      <IncidencePer100k>51.2</IncidencePer100k>
      <Name>Galway</Name>
    </HspcIncidence>
    <HspcIncidence>
      <ConfirmedCases>75</ConfirmedCases>
      <IncidencePer100k>50.8</IncidencePer100k>
      <Name>Kerry</Name>
    </HspcIncidence>
    <HspcIncidence>
      <ConfirmedCases>49</ConfirmedCases>
      <IncidencePer100k>32.7</IncidencePer100k>
      <Name>Wexford</Name>
    </HspcIncidence>
    <HspcIncidence>
      <ConfirmedCases>10</ConfirmedCases>
      <IncidencePer100k>31.2</IncidencePer100k>
      <Name>Leitrim</Name>
    </HspcIncidence>
  </CountyRates>
  <FromDate>2020-11-13T00:00:00</FromDate>
  <Hospitalised>
    <HspcHospitalised>
      <CasesAdmittedToIcu>0</CasesAdmittedToIcu>
      <CasesAdmittedToIcuPercent>0.0</CasesAdmittedToIcuPercent>
      <CasesHospitalised>2</CasesHospitalised>
      <CasesHospitalisedPercent>0.7</CasesHospitalisedPercent>
      <Name>0To4</Name>
      <NumberOfCases>186</NumberOfCases>
    </HspcHospitalised>
    <HspcHospitalised>
      <CasesAdmittedToIcu>0</CasesAdmittedToIcu>
      <CasesAdmittedToIcuPercent>0.0</CasesAdmittedToIcuPercent>
      <CasesHospitalised>1</CasesHospitalised>
      <CasesHospitalisedPercent>0.3</CasesHospitalisedPercent>
      <Name>5To12</Name>
      <NumberOfCases>397</NumberOfCases>
    </HspcHospitalised>
    <HspcHospitalised>
      <CasesAdmittedToIcu>0</CasesAdmittedToIcu>
      <CasesAdmittedToIcuPercent>0.0</CasesAdmittedToIcuPercent>
      <CasesHospitalised>8</CasesHospitalised>
      <CasesHospitalisedPercent>2.6</CasesHospitalisedPercent>
      <Name>13To18</Name>
      <NumberOfCases>453</NumberOfCases>
    </HspcHospitalised>
    <HspcHospitalised>
      <CasesAdmittedToIcu>0</CasesAdmittedToIcu>
      <CasesAdmittedToIcuPercent>0.0</CasesAdmittedToIcuPercent>
      <CasesHospitalised>9</CasesHospitalised>
      <CasesHospitalisedPercent>3.0</CasesHospitalisedPercent>
      <Name>19To24</Name>
      <NumberOfCases>591</NumberOfCases>
    </HspcHospitalised>
    <HspcHospitalised>
      <CasesAdmittedToIcu>0</CasesAdmittedToIcu>
      <CasesAdmittedToIcuPercent>0.0</CasesAdmittedToIcuPercent>
      <CasesHospitalised>15</CasesHospitalised>
      <CasesHospitalisedPercent>5.0</CasesHospitalisedPercent>
      <Name>25To34</Name>
      <NumberOfCases>714</NumberOfCases>
    </HspcHospitalised>
    <HspcHospitalised>
      <CasesAdmittedToIcu>3</CasesAdmittedToIcu>
      <CasesAdmittedToIcuPercent>21.4</CasesAdmittedToIcuPercent>
      <CasesHospitalised>25</CasesHospitalised>
      <CasesHospitalisedPercent>8.3</CasesHospitalisedPercent>
      <Name>35To44</Name>
      <NumberOfCases>745</NumberOfCases>
    </HspcHospitalised>
    <HspcHospitalised>
      <CasesAdmittedToIcu>1</CasesAdmittedToIcu>
      <CasesAdmittedToIcuPercent>7.1</CasesAdmittedToIcuPercent>
      <CasesHospitalised>29</CasesHospitalised>
      <CasesHospitalisedPercent>9.6</CasesHospitalisedPercent>
      <Name>45To54</Name>
      <NumberOfCases>648</NumberOfCases>
    </HspcHospitalised>
    <HspcHospitalised>
      <CasesAdmittedToIcu>3</CasesAdmittedToIcu>
      <CasesAdmittedToIcuPercent>21.4</CasesAdmittedToIcuPercent>
      <CasesHospitalised>31</CasesHospitalised>
      <CasesHospitalisedPercent>10.3</CasesHospitalisedPercent>
      <Name>55To64</Name>
      <NumberOfCases>405</NumberOfCases>
    </HspcHospitalised>
    <HspcHospitalised>
      <CasesAdmittedToIcu>2</CasesAdmittedToIcu>
      <CasesAdmittedToIcuPercent>14.3</CasesAdmittedToIcuPercent>
      <CasesHospitalised>45</CasesHospitalised>
      <CasesHospitalisedPercent>14.9</CasesHospitalisedPercent>
      <Name>65To74</Name>
      <NumberOfCases>232</NumberOfCases>
    </HspcHospitalised>
    <HspcHospitalised>
      <CasesAdmittedToIcu>5</CasesAdmittedToIcu>
      <CasesAdmittedToIcuPercent>35.7</CasesAdmittedToIcuPercent>
      <CasesHospitalised>81</CasesHospitalised>
      <CasesHospitalisedPercent>26.8</CasesHospitalisedPercent>
      <Name>75To84</Name>
      <NumberOfCases>179</NumberOfCases>
    </HspcHospitalised>
    <HspcHospitalised>
      <CasesAdmittedToIcu>0</CasesAdmittedToIcu>
      <CasesAdmittedToIcuPercent>0.0</CasesAdmittedToIcuPercent>
      <CasesHospitalised>56</CasesHospitalised>
      <CasesHospitalisedPercent>18.5</CasesHospitalisedPercent>
      <Name>85Plus</Name>
      <NumberOfCases>125</NumberOfCases>
    </HspcHospitalised>
    <HspcHospitalised>
      <CasesAdmittedToIcu>0</CasesAdmittedToIcu>
      <CasesAdmittedToIcuPercent>0.0</CasesAdmittedToIcuPercent>
      <CasesHospitalised>0</CasesHospitalised>
      <CasesHospitalisedPercent>0</CasesHospitalisedPercent>
      <Name>Unknown</Name>
      <NumberOfCases>2</NumberOfCases>
    </HspcHospitalised>
  </Hospitalised>
  <PreparedDate>2020-11-27T00:00:00</PreparedDate>
  <SexCharacteristics>
    <Female>
      <Absolute>2455</Absolute>
      <Percent>52.49</Percent>
    </Female>
    <Male>
      <Absolute>2207</Absolute>
      <Percent>47.19</Percent>
    </Male>
    <MaleFemaleRatio>0.9</MaleFemaleRatio>
    <Unknown>
      <Absolute>15</Absolute>
      <Percent>0.32</Percent>
    </Unknown>
  </SexCharacteristics>
  <SourceFileName>COVID-19_14_day_epidemiology_report_27112020 - Website.pdf</SourceFileName>
  <SymptomStatusAtTimeOfTestCharacteristics>
    <No>
      <Absolute>1308</Absolute>
      <Percent>27.97</Percent>
    </No>
    <Unknown>
      <Absolute>635</Absolute>
      <Percent>13.58</Percent>
    </Unknown>
    <Yes>
      <Absolute>2734</Absolute>
      <Percent>58.46</Percent>
    </Yes>
  </SymptomStatusAtTimeOfTestCharacteristics>
  <ToDate>2020-11-26T00:00:00</ToDate>
  <TotalConfirmedCases>
    <Absolute>4677</Absolute>
    <Percent>100</Percent>
  </TotalConfirmedCases>
  <UnderlyingConditionsCharacteristics>
    <No>
      <Absolute>2989</Absolute>
      <Percent>63.91</Percent>
    </No>
    <Unknown>
      <Absolute>525</Absolute>
      <Percent>11.23</Percent>
    </Unknown>
    <Yes>
      <Absolute>1163</Absolute>
      <Percent>24.87</Percent>
    </Yes>
  </UnderlyingConditionsCharacteristics>
</HspcDailyEpidemiology>