﻿<?xml version="1.0" encoding="utf-8"?>
<HspcDailyEpidemiology xmlns:i="http://www.w3.org/2001/XMLSchema-instance" xmlns="http://schemas.datacontract.org/2004/07/CovidStats.DailyEpidemiology">
  <AgeCharacteristics>
    <Age0To4>
      <Absolute>89</Absolute>
      <Percent>4.41</Percent>
    </Age0To4>
    <Age13To18>
      <Absolute>0</Absolute>
      <Percent>0</Percent>
    </Age13To18>
    <Age19To24>
      <Absolute>0</Absolute>
      <Percent>0</Percent>
    </Age19To24>
    <Age25To34>
      <Absolute>386</Absolute>
      <Percent>19.15</Percent>
    </Age25To34>
    <Age35To44>
      <Absolute>315</Absolute>
      <Percent>15.63</Percent>
    </Age35To44>
    <Age45To54>
      <Absolute>254</Absolute>
      <Percent>12.6</Percent>
    </Age45To54>
    <Age55To64>
      <Absolute>179</Absolute>
      <Percent>8.88</Percent>
    </Age55To64>
    <Age5To12>
      <Absolute>0</Absolute>
      <Percent>0</Percent>
    </Age5To12>
    <Age65To74>
      <Absolute>96</Absolute>
      <Percent>4.76</Percent>
    </Age65To74>
    <Age75To84>
      <Absolute>55</Absolute>
      <Percent>2.73</Percent>
    </Age75To84>
    <Age85Plus>
      <Absolute>42</Absolute>
      <Percent>2.08</Percent>
    </Age85Plus>
    <AgeUnknown>
      <Absolute>1</Absolute>
      <Percent>0.05</Percent>
    </AgeUnknown>
    <MeanAge>36</MeanAge>
    <MedianAge>33</MedianAge>
  </AgeCharacteristics>
  <CCARates />
  <CHORates i:nil="true" />
  <CountyRates>
    <HspcIncidence>
      <ConfirmedCases>11</ConfirmedCases>
      <IncidencePer100k>19.321295580692756270638660000</IncidencePer100k>
      <Name>Carlow</Name>
    </HspcIncidence>
    <HspcIncidence>
      <ConfirmedCases>12</ConfirmedCases>
      <IncidencePer100k>15.752993068683049779458100000</IncidencePer100k>
      <Name>Cavan</Name>
    </HspcIncidence>
    <HspcIncidence>
      <ConfirmedCases>33</ConfirmedCases>
      <IncidencePer100k>27.773803411969667640152500000</IncidencePer100k>
      <Name>Clare</Name>
    </HspcIncidence>
    <HspcIncidence>
      <ConfirmedCases>44</ConfirmedCases>
      <IncidencePer100k>8.105101055873619369717870000</IncidencePer100k>
      <Name>Cork</Name>
    </HspcIncidence>
    <HspcIncidence>
      <ConfirmedCases>29</ConfirmedCases>
      <IncidencePer100k>18.216995828936127443590130000</IncidencePer100k>
      <Name>Donegal</Name>
    </HspcIncidence>
    <HspcIncidence>
      <ConfirmedCases>1068</ConfirmedCases>
      <IncidencePer100k>79.38147854693244101019621000</IncidencePer100k>
      <Name>Dublin</Name>
    </HspcIncidence>
    <HspcIncidence>
      <ConfirmedCases>47</ConfirmedCases>
      <IncidencePer100k>18.212959877236900231730850000</IncidencePer100k>
      <Name>Galway</Name>
    </HspcIncidence>
    <HspcIncidence>
      <ConfirmedCases>20</ConfirmedCases>
      <IncidencePer100k>13.540319686947808837766660000</IncidencePer100k>
      <Name>Kerry</Name>
    </HspcIncidence>
    <HspcIncidence>
      <ConfirmedCases>127</ConfirmedCases>
      <IncidencePer100k>57.077625570776255707762560000</IncidencePer100k>
      <Name>Kildare</Name>
    </HspcIncidence>
    <HspcIncidence>
      <ConfirmedCases>30</ConfirmedCases>
      <IncidencePer100k>30.232183166720412770074170000</IncidencePer100k>
      <Name>Kilkenny</Name>
    </HspcIncidence>
    <HspcIncidence>
      <ConfirmedCases>30</ConfirmedCases>
      <IncidencePer100k>35.420380887162473287129410000</IncidencePer100k>
      <Name>Laois</Name>
    </HspcIncidence>
    <HspcIncidence>
      <ConfirmedCases>21</ConfirmedCases>
      <IncidencePer100k>65.534889526900511796280110000</IncidencePer100k>
      <Name>Leitrim</Name>
    </HspcIncidence>
    <HspcIncidence>
      <ConfirmedCases>125</ConfirmedCases>
      <IncidencePer100k>64.135783149220878506303260000</IncidencePer100k>
      <Name>Limerick</Name>
    </HspcIncidence>
    <HspcIncidence>
      <ConfirmedCases>24</ConfirmedCases>
      <IncidencePer100k>58.718469405230836982849310000</IncidencePer100k>
      <Name>Longford</Name>
    </HspcIncidence>
    <HspcIncidence>
      <ConfirmedCases>64</ConfirmedCases>
      <IncidencePer100k>49.657055957294931876726360000</IncidencePer100k>
      <Name>Louth</Name>
    </HspcIncidence>
    <HspcIncidence>
      <ConfirmedCases>12</ConfirmedCases>
      <IncidencePer100k>9.194909085336418736159750000</IncidencePer100k>
      <Name>Mayo</Name>
    </HspcIncidence>
    <HspcIncidence>
      <ConfirmedCases>47</ConfirmedCases>
      <IncidencePer100k>24.097126802157461906031460000</IncidencePer100k>
      <Name>Meath</Name>
    </HspcIncidence>
    <HspcIncidence>
      <ConfirmedCases>16</ConfirmedCases>
      <IncidencePer100k>26.064574984524158602938780000</IncidencePer100k>
      <Name>Monaghan</Name>
    </HspcIncidence>
    <HspcIncidence>
      <ConfirmedCases>42</ConfirmedCases>
      <IncidencePer100k>53.873090391349520914303310000</IncidencePer100k>
      <Name>Offaly</Name>
    </HspcIncidence>
    <HspcIncidence>
      <ConfirmedCases>12</ConfirmedCases>
      <IncidencePer100k>18.591968269707486365889940000</IncidencePer100k>
      <Name>Roscommon</Name>
    </HspcIncidence>
    <HspcIncidence>
      <ConfirmedCases>0</ConfirmedCases>
      <IncidencePer100k>0</IncidencePer100k>
      <Name>Sligo</Name>
    </HspcIncidence>
    <HspcIncidence>
      <ConfirmedCases>42</ConfirmedCases>
      <IncidencePer100k>26.323541393768841701503580000</IncidencePer100k>
      <Name>Tipperary</Name>
    </HspcIncidence>
    <HspcIncidence>
      <ConfirmedCases>42</ConfirmedCases>
      <IncidencePer100k>36.152045172841206445393200000</IncidencePer100k>
      <Name>Waterford</Name>
    </HspcIncidence>
    <HspcIncidence>
      <ConfirmedCases>27</ConfirmedCases>
      <IncidencePer100k>30.415680973301791145657320000</IncidencePer100k>
      <Name>Westmeath</Name>
    </HspcIncidence>
    <HspcIncidence>
      <ConfirmedCases>38</ConfirmedCases>
      <IncidencePer100k>25.380371622072908457006990000</IncidencePer100k>
      <Name>Wexford</Name>
    </HspcIncidence>
    <HspcIncidence>
      <ConfirmedCases>50</ConfirmedCases>
      <IncidencePer100k>35.106196243637001930840790000</IncidencePer100k>
      <Name>Wicklow</Name>
    </HspcIncidence>
  </CountyRates>
  <FromDate>2020-08-29T00:00:00</FromDate>
  <Hospitalised i:nil="true" />
  <PreparedDate>2020-09-12T00:00:00</PreparedDate>
  <SexCharacteristics>
    <Female>
      <Absolute>1035</Absolute>
      <Percent>51.34</Percent>
    </Female>
    <Male>
      <Absolute>974</Absolute>
      <Percent>48.31</Percent>
    </Male>
    <MaleFemaleRatio>0.94</MaleFemaleRatio>
    <Unknown>
      <Absolute>7</Absolute>
      <Percent>0.35</Percent>
    </Unknown>
  </SexCharacteristics>
  <SourceFileName>COVID-19_14_day_epidemiology_report_20200912_Website.pdf</SourceFileName>
  <SymptomStatusAtTimeOfTestCharacteristics>
    <No i:nil="true" />
    <Unknown i:nil="true" />
    <Yes i:nil="true" />
  </SymptomStatusAtTimeOfTestCharacteristics>
  <ToDate>2020-09-11T00:00:00</ToDate>
  <TotalConfirmedCases>
    <Absolute>2016</Absolute>
    <Percent>100</Percent>
  </TotalConfirmedCases>
  <UnderlyingConditionsCharacteristics>
    <No>
      <Absolute>1228</Absolute>
      <Percent>60.91</Percent>
    </No>
    <Unknown>
      <Absolute>208</Absolute>
      <Percent>10.32</Percent>
    </Unknown>
    <Yes>
      <Absolute>580</Absolute>
      <Percent>28.77</Percent>
    </Yes>
  </UnderlyingConditionsCharacteristics>
</HspcDailyEpidemiology>