﻿<?xml version="1.0" encoding="utf-8"?>
<HspcDailyEpidemiology xmlns:i="http://www.w3.org/2001/XMLSchema-instance" xmlns="http://schemas.datacontract.org/2004/07/CovidStats.DailyEpidemiology">
  <AgeCharacteristics>
    <Age0To4>
      <Absolute>219</Absolute>
      <Percent>3.76</Percent>
    </Age0To4>
    <Age13To18>
      <Absolute>404</Absolute>
      <Percent>6.93</Percent>
    </Age13To18>
    <Age19To24>
      <Absolute>618</Absolute>
      <Percent>10.61</Percent>
    </Age19To24>
    <Age25To34>
      <Absolute>1013</Absolute>
      <Percent>17.38</Percent>
    </Age25To34>
    <Age35To44>
      <Absolute>950</Absolute>
      <Percent>16.3</Percent>
    </Age35To44>
    <Age45To54>
      <Absolute>854</Absolute>
      <Percent>14.66</Percent>
    </Age45To54>
    <Age55To64>
      <Absolute>633</Absolute>
      <Percent>10.86</Percent>
    </Age55To64>
    <Age5To12>
      <Absolute>515</Absolute>
      <Percent>8.84</Percent>
    </Age5To12>
    <Age65To74>
      <Absolute>285</Absolute>
      <Percent>4.89</Percent>
    </Age65To74>
    <Age75To84>
      <Absolute>209</Absolute>
      <Percent>3.59</Percent>
    </Age75To84>
    <Age85Plus>
      <Absolute>126</Absolute>
      <Percent>2.16</Percent>
    </Age85Plus>
    <AgeUnknown>
      <Absolute>1</Absolute>
      <Percent>0.02</Percent>
    </AgeUnknown>
    <MeanAge>38</MeanAge>
    <MedianAge>36</MedianAge>
  </AgeCharacteristics>
  <CCARates>
    <HspcIncidence>
      <ConfirmedCases>118</ConfirmedCases>
      <IncidencePer100k>86.7</IncidencePer100k>
      <Name>DublinSouth</Name>
    </HspcIncidence>
    <HspcIncidence>
      <ConfirmedCases>303</ConfirmedCases>
      <IncidencePer100k>244.9</IncidencePer100k>
      <Name>DublinSouthEast</Name>
    </HspcIncidence>
    <HspcIncidence>
      <ConfirmedCases>126</ConfirmedCases>
      <IncidencePer100k>84.0</IncidencePer100k>
      <Name>DublinSouthCity</Name>
    </HspcIncidence>
    <HspcIncidence>
      <ConfirmedCases>124</ConfirmedCases>
      <IncidencePer100k>77.1</IncidencePer100k>
      <Name>DublinSouthWest</Name>
    </HspcIncidence>
    <HspcIncidence>
      <ConfirmedCases>189</ConfirmedCases>
      <IncidencePer100k>121.7</IncidencePer100k>
      <Name>DublinWest</Name>
    </HspcIncidence>
    <HspcIncidence>
      <ConfirmedCases>352</ConfirmedCases>
      <IncidencePer100k>169.5</IncidencePer100k>
      <Name>DublinNorthWest</Name>
    </HspcIncidence>
    <HspcIncidence>
      <ConfirmedCases>368</ConfirmedCases>
      <IncidencePer100k>238.1</IncidencePer100k>
      <Name>DublinNorthCentral</Name>
    </HspcIncidence>
    <HspcIncidence>
      <ConfirmedCases>341</ConfirmedCases>
      <IncidencePer100k>131.6</IncidencePer100k>
      <Name>DublinNorth</Name>
    </HspcIncidence>
  </CCARates>
  <CHORates i:nil="true" />
  <CountyRates>
    <HspcIncidence>
      <ConfirmedCases>436</ConfirmedCases>
      <IncidencePer100k>273.88310970400522639328609000</IncidencePer100k>
      <Name>Donegal</Name>
    </HspcIncidence>
    <HspcIncidence>
      <ConfirmedCases>310</ConfirmedCases>
      <IncidencePer100k>240.52636479314732627789330000</IncidencePer100k>
      <Name>Louth</Name>
    </HspcIncidence>
    <HspcIncidence>
      <ConfirmedCases>225</ConfirmedCases>
      <IncidencePer100k>226.74137375040309577555627000</IncidencePer100k>
      <Name>Kilkenny</Name>
    </HspcIncidence>
    <HspcIncidence>
      <ConfirmedCases>299</ConfirmedCases>
      <IncidencePer100k>199.70345039473156917487076000</IncidencePer100k>
      <Name>Wexford</Name>
    </HspcIncidence>
    <HspcIncidence>
      <ConfirmedCases>109</ConfirmedCases>
      <IncidencePer100k>191.45647439050094849996487000</IncidencePer100k>
      <Name>Carlow</Name>
    </HspcIncidence>
    <HspcIncidence>
      <ConfirmedCases>135</ConfirmedCases>
      <IncidencePer100k>177.22117202268431001890359000</IncidencePer100k>
      <Name>Cavan</Name>
    </HspcIncidence>
    <HspcIncidence>
      <ConfirmedCases>147</ConfirmedCases>
      <IncidencePer100k>173.55986634709611910693413000</IncidencePer100k>
      <Name>Laois</Name>
    </HspcIncidence>
    <HspcIncidence>
      <ConfirmedCases>321</ConfirmedCases>
      <IncidencePer100k>164.70069112719921600418678000</IncidencePer100k>
      <Name>Limerick</Name>
    </HspcIncidence>
    <HspcIncidence>
      <ConfirmedCases>91</ConfirmedCases>
      <IncidencePer100k>148.24227022448115205421432000</IncidencePer100k>
      <Name>Monaghan</Name>
    </HspcIncidence>
    <HspcIncidence>
      <ConfirmedCases>1921</ConfirmedCases>
      <IncidencePer100k>142.78260326653297676084917000</IncidencePer100k>
      <Name>Dublin</Name>
    </HspcIncidence>
    <HspcIncidence>
      <ConfirmedCases>58</ConfirmedCases>
      <IncidencePer100k>141.90296772930785604188584000</IncidencePer100k>
      <Name>Longford</Name>
    </HspcIncidence>
    <HspcIncidence>
      <ConfirmedCases>184</ConfirmedCases>
      <IncidencePer100k>124.57094111991984130745327000</IncidencePer100k>
      <Name>Kerry</Name>
    </HspcIncidence>
    <HspcIncidence>
      <ConfirmedCases>232</ConfirmedCases>
      <IncidencePer100k>118.94751953405385451487869000</IncidencePer100k>
      <Name>Meath</Name>
    </HspcIncidence>
    <HspcIncidence>
      <ConfirmedCases>145</ConfirmedCases>
      <IncidencePer100k>111.10515144781505972859693000</IncidencePer100k>
      <Name>Mayo</Name>
    </HspcIncidence>
    <HspcIncidence>
      <ConfirmedCases>125</ConfirmedCases>
      <IncidencePer100k>107.59537253821787632557499000</IncidencePer100k>
      <Name>Waterford</Name>
    </HspcIncidence>
    <HspcIncidence>
      <ConfirmedCases>68</ConfirmedCases>
      <IncidencePer100k>103.76134889753566796368353000</IncidencePer100k>
      <Name>Sligo</Name>
    </HspcIncidence>
    <HspcIncidence>
      <ConfirmedCases>199</ConfirmedCases>
      <IncidencePer100k>89.43659439830295185704527000</IncidencePer100k>
      <Name>Kildare</Name>
    </HspcIncidence>
    <HspcIncidence>
      <ConfirmedCases>103</ConfirmedCases>
      <IncidencePer100k>72.318764261892223977532030000</IncidencePer100k>
      <Name>Wicklow</Name>
    </HspcIncidence>
    <HspcIncidence>
      <ConfirmedCases>105</ConfirmedCases>
      <IncidencePer100k>65.808853484422104253758940000</IncidencePer100k>
      <Name>Tipperary</Name>
    </HspcIncidence>
    <HspcIncidence>
      <ConfirmedCases>314</ConfirmedCases>
      <IncidencePer100k>57.840948444189010956622970000</IncidencePer100k>
      <Name>Cork</Name>
    </HspcIncidence>
    <HspcIncidence>
      <ConfirmedCases>45</ConfirmedCases>
      <IncidencePer100k>57.721168276445915265324970000</IncidencePer100k>
      <Name>Offaly</Name>
    </HspcIncidence>
    <HspcIncidence>
      <ConfirmedCases>133</ConfirmedCases>
      <IncidencePer100k>51.538801354734207038727730000</IncidencePer100k>
      <Name>Galway</Name>
    </HspcIncidence>
    <HspcIncidence>
      <ConfirmedCases>33</ConfirmedCases>
      <IncidencePer100k>51.127912741695587506197320000</IncidencePer100k>
      <Name>Roscommon</Name>
    </HspcIncidence>
    <HspcIncidence>
      <ConfirmedCases>42</ConfirmedCases>
      <IncidencePer100k>47.313281514025008448800270000</IncidencePer100k>
      <Name>Westmeath</Name>
    </HspcIncidence>
    <HspcIncidence>
      <ConfirmedCases>38</ConfirmedCases>
      <IncidencePer100k>31.981955444086283949266520000</IncidencePer100k>
      <Name>Clare</Name>
    </HspcIncidence>
    <HspcIncidence>
      <ConfirmedCases>9</ConfirmedCases>
      <IncidencePer100k>28.086381225814505055548620000</IncidencePer100k>
      <Name>Leitrim</Name>
    </HspcIncidence>
  </CountyRates>
  <FromDate>2020-12-07T00:00:00</FromDate>
  <Hospitalised>
    <HspcHospitalised>
      <CasesAdmittedToIcu>0</CasesAdmittedToIcu>
      <CasesAdmittedToIcuPercent>0</CasesAdmittedToIcuPercent>
      <CasesHospitalised>1</CasesHospitalised>
      <CasesHospitalisedPercent>0.36</CasesHospitalisedPercent>
      <Name>0To4</Name>
      <NumberOfCases>219</NumberOfCases>
    </HspcHospitalised>
    <HspcHospitalised>
      <CasesAdmittedToIcu>0</CasesAdmittedToIcu>
      <CasesAdmittedToIcuPercent>0</CasesAdmittedToIcuPercent>
      <CasesHospitalised>3</CasesHospitalised>
      <CasesHospitalisedPercent>1.09</CasesHospitalisedPercent>
      <Name>5To12</Name>
      <NumberOfCases>515</NumberOfCases>
    </HspcHospitalised>
    <HspcHospitalised>
      <CasesAdmittedToIcu>0</CasesAdmittedToIcu>
      <CasesAdmittedToIcuPercent>0</CasesAdmittedToIcuPercent>
      <CasesHospitalised>9</CasesHospitalised>
      <CasesHospitalisedPercent>3.26</CasesHospitalisedPercent>
      <Name>13To18</Name>
      <NumberOfCases>404</NumberOfCases>
    </HspcHospitalised>
    <HspcHospitalised>
      <CasesAdmittedToIcu>0</CasesAdmittedToIcu>
      <CasesAdmittedToIcuPercent>0</CasesAdmittedToIcuPercent>
      <CasesHospitalised>9</CasesHospitalised>
      <CasesHospitalisedPercent>3.26</CasesHospitalisedPercent>
      <Name>19To24</Name>
      <NumberOfCases>618</NumberOfCases>
    </HspcHospitalised>
    <HspcHospitalised>
      <CasesAdmittedToIcu>0</CasesAdmittedToIcu>
      <CasesAdmittedToIcuPercent>0</CasesAdmittedToIcuPercent>
      <CasesHospitalised>17</CasesHospitalised>
      <CasesHospitalisedPercent>6.16</CasesHospitalisedPercent>
      <Name>25To34</Name>
      <NumberOfCases>1013</NumberOfCases>
    </HspcHospitalised>
    <HspcHospitalised>
      <CasesAdmittedToIcu>1</CasesAdmittedToIcu>
      <CasesAdmittedToIcuPercent>9.09</CasesAdmittedToIcuPercent>
      <CasesHospitalised>20</CasesHospitalised>
      <CasesHospitalisedPercent>7.25</CasesHospitalisedPercent>
      <Name>35To44</Name>
      <NumberOfCases>950</NumberOfCases>
    </HspcHospitalised>
    <HspcHospitalised>
      <CasesAdmittedToIcu>2</CasesAdmittedToIcu>
      <CasesAdmittedToIcuPercent>18.18</CasesAdmittedToIcuPercent>
      <CasesHospitalised>29</CasesHospitalised>
      <CasesHospitalisedPercent>10.51</CasesHospitalisedPercent>
      <Name>45To54</Name>
      <NumberOfCases>854</NumberOfCases>
    </HspcHospitalised>
    <HspcHospitalised>
      <CasesAdmittedToIcu>2</CasesAdmittedToIcu>
      <CasesAdmittedToIcuPercent>18.18</CasesAdmittedToIcuPercent>
      <CasesHospitalised>35</CasesHospitalised>
      <CasesHospitalisedPercent>12.68</CasesHospitalisedPercent>
      <Name>55To64</Name>
      <NumberOfCases>633</NumberOfCases>
    </HspcHospitalised>
    <HspcHospitalised>
      <CasesAdmittedToIcu>2</CasesAdmittedToIcu>
      <CasesAdmittedToIcuPercent>18.18</CasesAdmittedToIcuPercent>
      <CasesHospitalised>54</CasesHospitalised>
      <CasesHospitalisedPercent>19.57</CasesHospitalisedPercent>
      <Name>65To74</Name>
      <NumberOfCases>285</NumberOfCases>
    </HspcHospitalised>
    <HspcHospitalised>
      <CasesAdmittedToIcu>4</CasesAdmittedToIcu>
      <CasesAdmittedToIcuPercent>36.36</CasesAdmittedToIcuPercent>
      <CasesHospitalised>68</CasesHospitalised>
      <CasesHospitalisedPercent>24.64</CasesHospitalisedPercent>
      <Name>75To84</Name>
      <NumberOfCases>209</NumberOfCases>
    </HspcHospitalised>
    <HspcHospitalised>
      <CasesAdmittedToIcu>0</CasesAdmittedToIcu>
      <CasesAdmittedToIcuPercent>0</CasesAdmittedToIcuPercent>
      <CasesHospitalised>31</CasesHospitalised>
      <CasesHospitalisedPercent>11.23</CasesHospitalisedPercent>
      <Name>85Plus</Name>
      <NumberOfCases>126</NumberOfCases>
    </HspcHospitalised>
    <HspcHospitalised>
      <CasesAdmittedToIcu>0</CasesAdmittedToIcu>
      <CasesAdmittedToIcuPercent>0</CasesAdmittedToIcuPercent>
      <CasesHospitalised>0</CasesHospitalised>
      <CasesHospitalisedPercent>0</CasesHospitalisedPercent>
      <Name>Unknown</Name>
      <NumberOfCases>1</NumberOfCases>
    </HspcHospitalised>
  </Hospitalised>
  <PreparedDate>2020-12-21T00:00:00</PreparedDate>
  <SexCharacteristics>
    <Female>
      <Absolute>2933</Absolute>
      <Percent>50.33</Percent>
    </Female>
    <Male>
      <Absolute>2877</Absolute>
      <Percent>49.37</Percent>
    </Male>
    <MaleFemaleRatio>0.98</MaleFemaleRatio>
    <Unknown>
      <Absolute>17</Absolute>
      <Percent>0.29</Percent>
    </Unknown>
  </SexCharacteristics>
  <SourceFileName>COVID-19_14 day epidemiology report_20201221_Website.pdf</SourceFileName>
  <SymptomStatusAtTimeOfTestCharacteristics>
    <No>
      <Absolute>1278</Absolute>
      <Percent>21.93</Percent>
    </No>
    <Unknown>
      <Absolute>955</Absolute>
      <Percent>16.39</Percent>
    </Unknown>
    <Yes>
      <Absolute>3594</Absolute>
      <Percent>61.68</Percent>
    </Yes>
  </SymptomStatusAtTimeOfTestCharacteristics>
  <ToDate>2020-12-20T00:00:00</ToDate>
  <TotalConfirmedCases>
    <Absolute>5827</Absolute>
    <Percent>100</Percent>
  </TotalConfirmedCases>
  <UnderlyingConditionsCharacteristics>
    <No>
      <Absolute>3428</Absolute>
      <Percent>58.83</Percent>
    </No>
    <Unknown>
      <Absolute>834</Absolute>
      <Percent>14.31</Percent>
    </Unknown>
    <Yes>
      <Absolute>1565</Absolute>
      <Percent>26.86</Percent>
    </Yes>
  </UnderlyingConditionsCharacteristics>
</HspcDailyEpidemiology>