﻿<?xml version="1.0" encoding="utf-8"?>
<HspcDailyEpidemiology xmlns:i="http://www.w3.org/2001/XMLSchema-instance" xmlns="http://schemas.datacontract.org/2004/07/CovidStats.DailyEpidemiology">
  <AgeCharacteristics>
    <Age0To4>
      <Absolute>114</Absolute>
      <Percent>2.49</Percent>
    </Age0To4>
    <Age13To18>
      <Absolute>0</Absolute>
      <Percent>0</Percent>
    </Age13To18>
    <Age19To24>
      <Absolute>0</Absolute>
      <Percent>0</Percent>
    </Age19To24>
    <Age25To34>
      <Absolute>836</Absolute>
      <Percent>18.23</Percent>
    </Age25To34>
    <Age35To44>
      <Absolute>689</Absolute>
      <Percent>15.03</Percent>
    </Age35To44>
    <Age45To54>
      <Absolute>621</Absolute>
      <Percent>13.54</Percent>
    </Age45To54>
    <Age55To64>
      <Absolute>432</Absolute>
      <Percent>9.42</Percent>
    </Age55To64>
    <Age5To12>
      <Absolute>0</Absolute>
      <Percent>0</Percent>
    </Age5To12>
    <Age65To74>
      <Absolute>250</Absolute>
      <Percent>5.45</Percent>
    </Age65To74>
    <Age75To84>
      <Absolute>127</Absolute>
      <Percent>2.77</Percent>
    </Age75To84>
    <Age85Plus>
      <Absolute>53</Absolute>
      <Percent>1.16</Percent>
    </Age85Plus>
    <AgeUnknown>
      <Absolute>0</Absolute>
      <Percent>0</Percent>
    </AgeUnknown>
    <MeanAge>36</MeanAge>
    <MedianAge>33</MedianAge>
  </AgeCharacteristics>
  <CCARates />
  <CHORates i:nil="true" />
  <CountyRates i:nil="true" />
  <FromDate>2020-09-17T00:00:00</FromDate>
  <Hospitalised>
    <HspcHospitalised>
      <CasesAdmittedToIcu>0</CasesAdmittedToIcu>
      <CasesAdmittedToIcuPercent>0</CasesAdmittedToIcuPercent>
      <CasesHospitalised>3</CasesHospitalised>
      <CasesHospitalisedPercent>2.24</CasesHospitalisedPercent>
      <Name>0To4</Name>
      <NumberOfCases>114</NumberOfCases>
    </HspcHospitalised>
    <HspcHospitalised>
      <CasesAdmittedToIcu>0</CasesAdmittedToIcu>
      <CasesAdmittedToIcuPercent>0</CasesAdmittedToIcuPercent>
      <CasesHospitalised>6</CasesHospitalised>
      <CasesHospitalisedPercent>4.48</CasesHospitalisedPercent>
      <Name>5To14</Name>
      <NumberOfCases>323</NumberOfCases>
    </HspcHospitalised>
    <HspcHospitalised>
      <CasesAdmittedToIcu>0</CasesAdmittedToIcu>
      <CasesAdmittedToIcuPercent>0</CasesAdmittedToIcuPercent>
      <CasesHospitalised>10</CasesHospitalised>
      <CasesHospitalisedPercent>7.46</CasesHospitalisedPercent>
      <Name>15To24</Name>
      <NumberOfCases>1140</NumberOfCases>
    </HspcHospitalised>
    <HspcHospitalised>
      <CasesAdmittedToIcu>1</CasesAdmittedToIcu>
      <CasesAdmittedToIcuPercent>9.09</CasesAdmittedToIcuPercent>
      <CasesHospitalised>6</CasesHospitalised>
      <CasesHospitalisedPercent>4.48</CasesHospitalisedPercent>
      <Name>25To34</Name>
      <NumberOfCases>836</NumberOfCases>
    </HspcHospitalised>
    <HspcHospitalised>
      <CasesAdmittedToIcu>3</CasesAdmittedToIcu>
      <CasesAdmittedToIcuPercent>27.27</CasesAdmittedToIcuPercent>
      <CasesHospitalised>12</CasesHospitalised>
      <CasesHospitalisedPercent>8.96</CasesHospitalisedPercent>
      <Name>35To44</Name>
      <NumberOfCases>689</NumberOfCases>
    </HspcHospitalised>
    <HspcHospitalised>
      <CasesAdmittedToIcu>1</CasesAdmittedToIcu>
      <CasesAdmittedToIcuPercent>9.09</CasesAdmittedToIcuPercent>
      <CasesHospitalised>19</CasesHospitalised>
      <CasesHospitalisedPercent>14.18</CasesHospitalisedPercent>
      <Name>45To54</Name>
      <NumberOfCases>621</NumberOfCases>
    </HspcHospitalised>
    <HspcHospitalised>
      <CasesAdmittedToIcu>0</CasesAdmittedToIcu>
      <CasesAdmittedToIcuPercent>0</CasesAdmittedToIcuPercent>
      <CasesHospitalised>23</CasesHospitalised>
      <CasesHospitalisedPercent>17.16</CasesHospitalisedPercent>
      <Name>55To64</Name>
      <NumberOfCases>432</NumberOfCases>
    </HspcHospitalised>
    <HspcHospitalised>
      <CasesAdmittedToIcu>5</CasesAdmittedToIcu>
      <CasesAdmittedToIcuPercent>45.45</CasesAdmittedToIcuPercent>
      <CasesHospitalised>28</CasesHospitalised>
      <CasesHospitalisedPercent>20.9</CasesHospitalisedPercent>
      <Name>65To74</Name>
      <NumberOfCases>250</NumberOfCases>
    </HspcHospitalised>
    <HspcHospitalised>
      <CasesAdmittedToIcu>1</CasesAdmittedToIcu>
      <CasesAdmittedToIcuPercent>9.09</CasesAdmittedToIcuPercent>
      <CasesHospitalised>19</CasesHospitalised>
      <CasesHospitalisedPercent>14.18</CasesHospitalisedPercent>
      <Name>75To84</Name>
      <NumberOfCases>127</NumberOfCases>
    </HspcHospitalised>
    <HspcHospitalised>
      <CasesAdmittedToIcu>0</CasesAdmittedToIcu>
      <CasesAdmittedToIcuPercent>0</CasesAdmittedToIcuPercent>
      <CasesHospitalised>8</CasesHospitalised>
      <CasesHospitalisedPercent>5.97</CasesHospitalisedPercent>
      <Name>85Plus</Name>
      <NumberOfCases>53</NumberOfCases>
    </HspcHospitalised>
  </Hospitalised>
  <PreparedDate>2020-10-01T00:00:00</PreparedDate>
  <SexCharacteristics>
    <Female>
      <Absolute>2308</Absolute>
      <Percent>50.34</Percent>
    </Female>
    <Male>
      <Absolute>2274</Absolute>
      <Percent>49.6</Percent>
    </Male>
    <MaleFemaleRatio>0.99</MaleFemaleRatio>
    <Unknown>
      <Absolute>3</Absolute>
      <Percent>0.07</Percent>
    </Unknown>
  </SexCharacteristics>
  <SourceFileName>COVID-19_14_day_epidemiology_report_20201001 - website.pdf</SourceFileName>
  <SymptomStatusAtTimeOfTestCharacteristics>
    <No i:nil="true" />
    <Unknown i:nil="true" />
    <Yes i:nil="true" />
  </SymptomStatusAtTimeOfTestCharacteristics>
  <ToDate>2020-09-30T00:00:00</ToDate>
  <TotalConfirmedCases>
    <Absolute>4585</Absolute>
    <Percent>100</Percent>
  </TotalConfirmedCases>
  <UnderlyingConditionsCharacteristics>
    <No>
      <Absolute>2813</Absolute>
      <Percent>61.35</Percent>
    </No>
    <Unknown>
      <Absolute>512</Absolute>
      <Percent>11.17</Percent>
    </Unknown>
    <Yes>
      <Absolute>1260</Absolute>
      <Percent>27.48</Percent>
    </Yes>
  </UnderlyingConditionsCharacteristics>
</HspcDailyEpidemiology>