﻿<?xml version="1.0" encoding="utf-8"?>
<HspcDailyEpidemiology xmlns:i="http://www.w3.org/2001/XMLSchema-instance" xmlns="http://schemas.datacontract.org/2004/07/CovidStats.DailyEpidemiology">
  <AgeCharacteristics>
    <Age0To4>
      <Absolute>552</Absolute>
      <Percent>3.04</Percent>
    </Age0To4>
    <Age13To18>
      <Absolute>1101</Absolute>
      <Percent>6.06</Percent>
    </Age13To18>
    <Age19To24>
      <Absolute>2992</Absolute>
      <Percent>16.47</Percent>
    </Age19To24>
    <Age25To34>
      <Absolute>3538</Absolute>
      <Percent>19.47</Percent>
    </Age25To34>
    <Age35To44>
      <Absolute>2793</Absolute>
      <Percent>15.37</Percent>
    </Age35To44>
    <Age45To54>
      <Absolute>2508</Absolute>
      <Percent>13.8</Percent>
    </Age45To54>
    <Age55To64>
      <Absolute>1989</Absolute>
      <Percent>10.95</Percent>
    </Age55To64>
    <Age5To12>
      <Absolute>923</Absolute>
      <Percent>5.08</Percent>
    </Age5To12>
    <Age65To74>
      <Absolute>951</Absolute>
      <Percent>5.23</Percent>
    </Age65To74>
    <Age75To84>
      <Absolute>491</Absolute>
      <Percent>2.7</Percent>
    </Age75To84>
    <Age85Plus>
      <Absolute>328</Absolute>
      <Percent>1.81</Percent>
    </Age85Plus>
    <AgeUnknown>
      <Absolute>3</Absolute>
      <Percent>0.02</Percent>
    </AgeUnknown>
    <MeanAge>37</MeanAge>
    <MedianAge>34</MedianAge>
  </AgeCharacteristics>
  <CCARates>
    <HspcIncidence>
      <ConfirmedCases>364</ConfirmedCases>
      <IncidencePer100k>267.5</IncidencePer100k>
      <Name>DublinSouth</Name>
    </HspcIncidence>
    <HspcIncidence>
      <ConfirmedCases>822</ConfirmedCases>
      <IncidencePer100k>664.5</IncidencePer100k>
      <Name>DublinSouthEast</Name>
    </HspcIncidence>
    <HspcIncidence>
      <ConfirmedCases>397</ConfirmedCases>
      <IncidencePer100k>264.8</IncidencePer100k>
      <Name>DublinSouthCity</Name>
    </HspcIncidence>
    <HspcIncidence>
      <ConfirmedCases>420</ConfirmedCases>
      <IncidencePer100k>261.0</IncidencePer100k>
      <Name>DublinSouthWest</Name>
    </HspcIncidence>
    <HspcIncidence>
      <ConfirmedCases>495</ConfirmedCases>
      <IncidencePer100k>318.6</IncidencePer100k>
      <Name>DublinWest</Name>
    </HspcIncidence>
    <HspcIncidence>
      <ConfirmedCases>890</ConfirmedCases>
      <IncidencePer100k>428.6</IncidencePer100k>
      <Name>DublinNorthWest</Name>
    </HspcIncidence>
    <HspcIncidence>
      <ConfirmedCases>887</ConfirmedCases>
      <IncidencePer100k>573.8</IncidencePer100k>
      <Name>DublinNorthCentral</Name>
    </HspcIncidence>
    <HspcIncidence>
      <ConfirmedCases>721</ConfirmedCases>
      <IncidencePer100k>278.2</IncidencePer100k>
      <Name>DublinNorth</Name>
    </HspcIncidence>
  </CCARates>
  <CHORates i:nil="true" />
  <CountyRates>
    <HspcIncidence>
      <ConfirmedCases>481</ConfirmedCases>
      <IncidencePer100k>783.56628547225751800084710000</IncidencePer100k>
      <Name>Monaghan</Name>
    </HspcIncidence>
    <HspcIncidence>
      <ConfirmedCases>1174</ConfirmedCases>
      <IncidencePer100k>737.47424493693150409568320000</IncidencePer100k>
      <Name>Donegal</Name>
    </HspcIncidence>
    <HspcIncidence>
      <ConfirmedCases>927</ConfirmedCases>
      <IncidencePer100k>719.25141988144377890195835000</IncidencePer100k>
      <Name>Louth</Name>
    </HspcIncidence>
    <HspcIncidence>
      <ConfirmedCases>1159</ConfirmedCases>
      <IncidencePer100k>594.66698135957598551044387000</IncidencePer100k>
      <Name>Limerick</Name>
    </HspcIncidence>
    <HspcIncidence>
      <ConfirmedCases>348</ConfirmedCases>
      <IncidencePer100k>531.01396200503547722590982000</IncidencePer100k>
      <Name>Sligo</Name>
    </HspcIncidence>
    <HspcIncidence>
      <ConfirmedCases>660</ConfirmedCases>
      <IncidencePer100k>505.71999969350303048878604000</IncidencePer100k>
      <Name>Mayo</Name>
    </HspcIncidence>
    <HspcIncidence>
      <ConfirmedCases>357</ConfirmedCases>
      <IncidencePer100k>468.65154379332073093887839000</IncidencePer100k>
      <Name>Cavan</Name>
    </HspcIncidence>
    <HspcIncidence>
      <ConfirmedCases>626</ConfirmedCases>
      <IncidencePer100k>418.10822724783264984437825000</IncidencePer100k>
      <Name>Wexford</Name>
    </HspcIncidence>
    <HspcIncidence>
      <ConfirmedCases>409</ConfirmedCases>
      <IncidencePer100k>412.16543050628829409867785000</IncidencePer100k>
      <Name>Kilkenny</Name>
    </HspcIncidence>
    <HspcIncidence>
      <ConfirmedCases>567</ConfirmedCases>
      <IncidencePer100k>383.86806312497038055068480000</IncidencePer100k>
      <Name>Kerry</Name>
    </HspcIncidence>
    <HspcIncidence>
      <ConfirmedCases>323</ConfirmedCases>
      <IncidencePer100k>381.35943421844929572476003000</IncidencePer100k>
      <Name>Laois</Name>
    </HspcIncidence>
    <HspcIncidence>
      <ConfirmedCases>5000</ConfirmedCases>
      <IncidencePer100k>371.63613551934663394286615000</IncidencePer100k>
      <Name>Dublin</Name>
    </HspcIncidence>
    <HspcIncidence>
      <ConfirmedCases>711</ConfirmedCases>
      <IncidencePer100k>364.53313098582883862102910000</IncidencePer100k>
      <Name>Meath</Name>
    </HspcIncidence>
    <HspcIncidence>
      <ConfirmedCases>1907</ConfirmedCases>
      <IncidencePer100k>351.28244803524982131936309000</IncidencePer100k>
      <Name>Cork</Name>
    </HspcIncidence>
    <HspcIncidence>
      <ConfirmedCases>212</ConfirmedCases>
      <IncidencePer100k>328.45810609816559246405553000</IncidencePer100k>
      <Name>Roscommon</Name>
    </HspcIncidence>
    <HspcIncidence>
      <ConfirmedCases>832</ConfirmedCases>
      <IncidencePer100k>322.40814080555534027234188000</IncidencePer100k>
      <Name>Galway</Name>
    </HspcIncidence>
    <HspcIncidence>
      <ConfirmedCases>178</ConfirmedCases>
      <IncidencePer100k>312.65369212393732874306190000</IncidencePer100k>
      <Name>Carlow</Name>
    </HspcIncidence>
    <HspcIncidence>
      <ConfirmedCases>355</ConfirmedCases>
      <IncidencePer100k>298.77879428027975794709511000</IncidencePer100k>
      <Name>Clare</Name>
    </HspcIncidence>
    <HspcIncidence>
      <ConfirmedCases>210</ConfirmedCases>
      <IncidencePer100k>269.36545195674760457151653000</IncidencePer100k>
      <Name>Offaly</Name>
    </HspcIncidence>
    <HspcIncidence>
      <ConfirmedCases>108</ConfirmedCases>
      <IncidencePer100k>264.23311232353876642282191000</IncidencePer100k>
      <Name>Longford</Name>
    </HspcIncidence>
    <HspcIncidence>
      <ConfirmedCases>290</ConfirmedCases>
      <IncidencePer100k>249.62126428866547307533398000</IncidencePer100k>
      <Name>Waterford</Name>
    </HspcIncidence>
    <HspcIncidence>
      <ConfirmedCases>217</ConfirmedCases>
      <IncidencePer100k>244.45195448912921031880140000</IncidencePer100k>
      <Name>Westmeath</Name>
    </HspcIncidence>
    <HspcIncidence>
      <ConfirmedCases>531</ConfirmedCases>
      <IncidencePer100k>238.64739510300938410095998000</IncidencePer100k>
      <Name>Kildare</Name>
    </HspcIncidence>
    <HspcIncidence>
      <ConfirmedCases>74</ConfirmedCases>
      <IncidencePer100k>230.93246785669704156784421000</IncidencePer100k>
      <Name>Leitrim</Name>
    </HspcIncidence>
    <HspcIncidence>
      <ConfirmedCases>282</ConfirmedCases>
      <IncidencePer100k>176.74377792959079428152401000</IncidencePer100k>
      <Name>Tipperary</Name>
    </HspcIncidence>
    <HspcIncidence>
      <ConfirmedCases>231</ConfirmedCases>
      <IncidencePer100k>162.19062664560294892048447000</IncidencePer100k>
      <Name>Wicklow</Name>
    </HspcIncidence>
  </CountyRates>
  <FromDate>2020-12-19T00:00:00</FromDate>
  <Hospitalised>
    <HspcHospitalised>
      <CasesAdmittedToIcu>0</CasesAdmittedToIcu>
      <CasesAdmittedToIcuPercent>0</CasesAdmittedToIcuPercent>
      <CasesHospitalised>3</CasesHospitalised>
      <CasesHospitalisedPercent>0.57</CasesHospitalisedPercent>
      <Name>0To4</Name>
      <NumberOfCases>552</NumberOfCases>
    </HspcHospitalised>
    <HspcHospitalised>
      <CasesAdmittedToIcu>0</CasesAdmittedToIcu>
      <CasesAdmittedToIcuPercent>0</CasesAdmittedToIcuPercent>
      <CasesHospitalised>8</CasesHospitalised>
      <CasesHospitalisedPercent>1.53</CasesHospitalisedPercent>
      <Name>5To12</Name>
      <NumberOfCases>923</NumberOfCases>
    </HspcHospitalised>
    <HspcHospitalised>
      <CasesAdmittedToIcu>0</CasesAdmittedToIcu>
      <CasesAdmittedToIcuPercent>0</CasesAdmittedToIcuPercent>
      <CasesHospitalised>10</CasesHospitalised>
      <CasesHospitalisedPercent>1.92</CasesHospitalisedPercent>
      <Name>13To18</Name>
      <NumberOfCases>1101</NumberOfCases>
    </HspcHospitalised>
    <HspcHospitalised>
      <CasesAdmittedToIcu>0</CasesAdmittedToIcu>
      <CasesAdmittedToIcuPercent>0</CasesAdmittedToIcuPercent>
      <CasesHospitalised>37</CasesHospitalised>
      <CasesHospitalisedPercent>7.09</CasesHospitalisedPercent>
      <Name>19To24</Name>
      <NumberOfCases>2992</NumberOfCases>
    </HspcHospitalised>
    <HspcHospitalised>
      <CasesAdmittedToIcu>3</CasesAdmittedToIcu>
      <CasesAdmittedToIcuPercent>21.43</CasesAdmittedToIcuPercent>
      <CasesHospitalised>55</CasesHospitalised>
      <CasesHospitalisedPercent>10.54</CasesHospitalisedPercent>
      <Name>25To34</Name>
      <NumberOfCases>3538</NumberOfCases>
    </HspcHospitalised>
    <HspcHospitalised>
      <CasesAdmittedToIcu>1</CasesAdmittedToIcu>
      <CasesAdmittedToIcuPercent>7.14</CasesAdmittedToIcuPercent>
      <CasesHospitalised>45</CasesHospitalised>
      <CasesHospitalisedPercent>8.62</CasesHospitalisedPercent>
      <Name>35To44</Name>
      <NumberOfCases>2793</NumberOfCases>
    </HspcHospitalised>
    <HspcHospitalised>
      <CasesAdmittedToIcu>1</CasesAdmittedToIcu>
      <CasesAdmittedToIcuPercent>7.14</CasesAdmittedToIcuPercent>
      <CasesHospitalised>59</CasesHospitalised>
      <CasesHospitalisedPercent>11.30</CasesHospitalisedPercent>
      <Name>45To54</Name>
      <NumberOfCases>2508</NumberOfCases>
    </HspcHospitalised>
    <HspcHospitalised>
      <CasesAdmittedToIcu>2</CasesAdmittedToIcu>
      <CasesAdmittedToIcuPercent>14.29</CasesAdmittedToIcuPercent>
      <CasesHospitalised>60</CasesHospitalised>
      <CasesHospitalisedPercent>11.49</CasesHospitalisedPercent>
      <Name>55To64</Name>
      <NumberOfCases>1989</NumberOfCases>
    </HspcHospitalised>
    <HspcHospitalised>
      <CasesAdmittedToIcu>5</CasesAdmittedToIcu>
      <CasesAdmittedToIcuPercent>35.71</CasesAdmittedToIcuPercent>
      <CasesHospitalised>81</CasesHospitalised>
      <CasesHospitalisedPercent>15.52</CasesHospitalisedPercent>
      <Name>65To74</Name>
      <NumberOfCases>951</NumberOfCases>
    </HspcHospitalised>
    <HspcHospitalised>
      <CasesAdmittedToIcu>2</CasesAdmittedToIcu>
      <CasesAdmittedToIcuPercent>14.29</CasesAdmittedToIcuPercent>
      <CasesHospitalised>92</CasesHospitalised>
      <CasesHospitalisedPercent>17.62</CasesHospitalisedPercent>
      <Name>75To84</Name>
      <NumberOfCases>491</NumberOfCases>
    </HspcHospitalised>
    <HspcHospitalised>
      <CasesAdmittedToIcu>0</CasesAdmittedToIcu>
      <CasesAdmittedToIcuPercent>0</CasesAdmittedToIcuPercent>
      <CasesHospitalised>72</CasesHospitalised>
      <CasesHospitalisedPercent>13.79</CasesHospitalisedPercent>
      <Name>85Plus</Name>
      <NumberOfCases>328</NumberOfCases>
    </HspcHospitalised>
    <HspcHospitalised>
      <CasesAdmittedToIcu>0</CasesAdmittedToIcu>
      <CasesAdmittedToIcuPercent>0</CasesAdmittedToIcuPercent>
      <CasesHospitalised>0</CasesHospitalised>
      <CasesHospitalisedPercent>0</CasesHospitalisedPercent>
      <Name>Unknown</Name>
      <NumberOfCases>3</NumberOfCases>
    </HspcHospitalised>
  </Hospitalised>
  <PreparedDate>2021-01-02T00:00:00</PreparedDate>
  <SexCharacteristics>
    <Female>
      <Absolute>9194</Absolute>
      <Percent>50.6</Percent>
    </Female>
    <Male>
      <Absolute>8916</Absolute>
      <Percent>49.07</Percent>
    </Male>
    <MaleFemaleRatio>0.97</MaleFemaleRatio>
    <Unknown>
      <Absolute>59</Absolute>
      <Percent>0.32</Percent>
    </Unknown>
  </SexCharacteristics>
  <SourceFileName>COVID-19_14_day_epidemiology_report_20210102_website.pdf</SourceFileName>
  <SymptomStatusAtTimeOfTestCharacteristics>
    <No>
      <Absolute>1255</Absolute>
      <Percent>6.91</Percent>
    </No>
    <Unknown>
      <Absolute>12926</Absolute>
      <Percent>71.14</Percent>
    </Unknown>
    <Yes>
      <Absolute>3988</Absolute>
      <Percent>21.95</Percent>
    </Yes>
  </SymptomStatusAtTimeOfTestCharacteristics>
  <ToDate>2021-01-01T00:00:00</ToDate>
  <TotalConfirmedCases>
    <Absolute>18169</Absolute>
    <Percent>100</Percent>
  </TotalConfirmedCases>
  <UnderlyingConditionsCharacteristics>
    <No>
      <Absolute>4012</Absolute>
      <Percent>22.08</Percent>
    </No>
    <Unknown>
      <Absolute>12813</Absolute>
      <Percent>70.52</Percent>
    </Unknown>
    <Yes>
      <Absolute>1344</Absolute>
      <Percent>7.4</Percent>
    </Yes>
  </UnderlyingConditionsCharacteristics>
</HspcDailyEpidemiology>