﻿<?xml version="1.0" encoding="utf-8"?>
<HspcDailyEpidemiology xmlns:i="http://www.w3.org/2001/XMLSchema-instance" xmlns="http://schemas.datacontract.org/2004/07/CovidStats.DailyEpidemiology">
  <AgeCharacteristics>
    <Age0To4>
      <Absolute>76</Absolute>
      <Percent>3.97</Percent>
    </Age0To4>
    <Age13To18>
      <Absolute>0</Absolute>
      <Percent>0</Percent>
    </Age13To18>
    <Age19To24>
      <Absolute>0</Absolute>
      <Percent>0</Percent>
    </Age19To24>
    <Age25To34>
      <Absolute>369</Absolute>
      <Percent>19.29</Percent>
    </Age25To34>
    <Age35To44>
      <Absolute>308</Absolute>
      <Percent>16.1</Percent>
    </Age35To44>
    <Age45To54>
      <Absolute>241</Absolute>
      <Percent>12.6</Percent>
    </Age45To54>
    <Age55To64>
      <Absolute>155</Absolute>
      <Percent>8.1</Percent>
    </Age55To64>
    <Age5To12>
      <Absolute>0</Absolute>
      <Percent>0</Percent>
    </Age5To12>
    <Age65To74>
      <Absolute>85</Absolute>
      <Percent>4.44</Percent>
    </Age65To74>
    <Age75To84>
      <Absolute>59</Absolute>
      <Percent>3.08</Percent>
    </Age75To84>
    <Age85Plus>
      <Absolute>41</Absolute>
      <Percent>2.14</Percent>
    </Age85Plus>
    <AgeUnknown>
      <Absolute>2</Absolute>
      <Percent>0.1</Percent>
    </AgeUnknown>
    <MeanAge>36</MeanAge>
    <MedianAge>33</MedianAge>
  </AgeCharacteristics>
  <CCARates />
  <CHORates i:nil="true" />
  <CountyRates i:nil="true" />
  <FromDate>2020-08-27T00:00:00</FromDate>
  <Hospitalised i:nil="true" />
  <PreparedDate>2020-09-10T00:00:00</PreparedDate>
  <SexCharacteristics>
    <Female>
      <Absolute>961</Absolute>
      <Percent>50.24</Percent>
    </Female>
    <Male>
      <Absolute>946</Absolute>
      <Percent>49.45</Percent>
    </Male>
    <MaleFemaleRatio>0.98</MaleFemaleRatio>
    <Unknown>
      <Absolute>6</Absolute>
      <Percent>0.31</Percent>
    </Unknown>
  </SexCharacteristics>
  <SourceFileName>COVID-19_14_day_epidemiology_report_10092020_Website.pdf</SourceFileName>
  <SymptomStatusAtTimeOfTestCharacteristics>
    <No i:nil="true" />
    <Unknown i:nil="true" />
    <Yes i:nil="true" />
  </SymptomStatusAtTimeOfTestCharacteristics>
  <ToDate>2020-09-09T00:00:00</ToDate>
  <TotalConfirmedCases>
    <Absolute>1913</Absolute>
    <Percent>100</Percent>
  </TotalConfirmedCases>
  <UnderlyingConditionsCharacteristics>
    <No>
      <Absolute>1180</Absolute>
      <Percent>61.68</Percent>
    </No>
    <Unknown>
      <Absolute>211</Absolute>
      <Percent>11.03</Percent>
    </Unknown>
    <Yes>
      <Absolute>522</Absolute>
      <Percent>27.29</Percent>
    </Yes>
  </UnderlyingConditionsCharacteristics>
</HspcDailyEpidemiology>