﻿<?xml version="1.0" encoding="utf-8"?>
<HspcDailyEpidemiology xmlns:i="http://www.w3.org/2001/XMLSchema-instance" xmlns="http://schemas.datacontract.org/2004/07/CovidStats.DailyEpidemiology">
  <AgeCharacteristics>
    <Age0To4>
      <Absolute>285</Absolute>
      <Percent>4.13</Percent>
    </Age0To4>
    <Age13To18>
      <Absolute>562</Absolute>
      <Percent>8.14</Percent>
    </Age13To18>
    <Age19To24>
      <Absolute>842</Absolute>
      <Percent>12.2</Percent>
    </Age19To24>
    <Age25To34>
      <Absolute>1081</Absolute>
      <Percent>15.66</Percent>
    </Age25To34>
    <Age35To44>
      <Absolute>1046</Absolute>
      <Percent>15.15</Percent>
    </Age35To44>
    <Age45To54>
      <Absolute>1005</Absolute>
      <Percent>14.56</Percent>
    </Age45To54>
    <Age55To64>
      <Absolute>657</Absolute>
      <Percent>9.52</Percent>
    </Age55To64>
    <Age5To12>
      <Absolute>567</Absolute>
      <Percent>8.21</Percent>
    </Age5To12>
    <Age65To74>
      <Absolute>421</Absolute>
      <Percent>6.1</Percent>
    </Age65To74>
    <Age75To84>
      <Absolute>261</Absolute>
      <Percent>3.78</Percent>
    </Age75To84>
    <Age85Plus>
      <Absolute>175</Absolute>
      <Percent>2.53</Percent>
    </Age85Plus>
    <AgeUnknown>
      <Absolute>2</Absolute>
      <Percent>0.03</Percent>
    </AgeUnknown>
    <MeanAge>38</MeanAge>
    <MedianAge>36</MedianAge>
  </AgeCharacteristics>
  <CCARates>
    <HspcIncidence>
      <ConfirmedCases>92</ConfirmedCases>
      <IncidencePer100k>67.6</IncidencePer100k>
      <Name>DublinSouth</Name>
    </HspcIncidence>
    <HspcIncidence>
      <ConfirmedCases>195</ConfirmedCases>
      <IncidencePer100k>157.6</IncidencePer100k>
      <Name>DublinSouthEast</Name>
    </HspcIncidence>
    <HspcIncidence>
      <ConfirmedCases>132</ConfirmedCases>
      <IncidencePer100k>88.0</IncidencePer100k>
      <Name>DublinSouthCity</Name>
    </HspcIncidence>
    <HspcIncidence>
      <ConfirmedCases>238</ConfirmedCases>
      <IncidencePer100k>147.9</IncidencePer100k>
      <Name>DublinSouthWest</Name>
    </HspcIncidence>
    <HspcIncidence>
      <ConfirmedCases>283</ConfirmedCases>
      <IncidencePer100k>182.2</IncidencePer100k>
      <Name>DublinWest</Name>
    </HspcIncidence>
    <HspcIncidence>
      <ConfirmedCases>435</ConfirmedCases>
      <IncidencePer100k>209.5</IncidencePer100k>
      <Name>DublinNorthWest</Name>
    </HspcIncidence>
    <HspcIncidence>
      <ConfirmedCases>298</ConfirmedCases>
      <IncidencePer100k>192.8</IncidencePer100k>
      <Name>DublinNorthCentral</Name>
    </HspcIncidence>
    <HspcIncidence>
      <ConfirmedCases>410</ConfirmedCases>
      <IncidencePer100k>158.2</IncidencePer100k>
      <Name>DublinNorth</Name>
    </HspcIncidence>
  </CCARates>
  <CHORates>
    <HspcIncidence>
      <ConfirmedCases>771</ConfirmedCases>
      <IncidencePer100k>197.0</IncidencePer100k>
      <Name>CHO1</Name>
    </HspcIncidence>
    <HspcIncidence>
      <ConfirmedCases>586</ConfirmedCases>
      <IncidencePer100k>129.3</IncidencePer100k>
      <Name>CHO2</Name>
    </HspcIncidence>
    <HspcIncidence>
      <ConfirmedCases>648</ConfirmedCases>
      <IncidencePer100k>168.3</IncidencePer100k>
      <Name>CHO3</Name>
    </HspcIncidence>
    <HspcIncidence>
      <ConfirmedCases>1002</ConfirmedCases>
      <IncidencePer100k>145.1</IncidencePer100k>
      <Name>CHO4</Name>
    </HspcIncidence>
    <HspcIncidence>
      <ConfirmedCases>529</ConfirmedCases>
      <IncidencePer100k>103.7</IncidencePer100k>
      <Name>CHO5</Name>
    </HspcIncidence>
    <HspcIncidence>
      <ConfirmedCases>387</ConfirmedCases>
      <IncidencePer100k>101.0</IncidencePer100k>
      <Name>CHO6</Name>
    </HspcIncidence>
    <HspcIncidence>
      <ConfirmedCases>880</ConfirmedCases>
      <IncidencePer100k>124.3</IncidencePer100k>
      <Name>CHO7</Name>
    </HspcIncidence>
    <HspcIncidence>
      <ConfirmedCases>958</ConfirmedCases>
      <IncidencePer100k>154.7</IncidencePer100k>
      <Name>CHO8</Name>
    </HspcIncidence>
    <HspcIncidence>
      <ConfirmedCases>1143</ConfirmedCases>
      <IncidencePer100k>183.9</IncidencePer100k>
      <Name>CHO9</Name>
    </HspcIncidence>
  </CHORates>
  <CountyRates>
    <HspcIncidence>
      <ConfirmedCases>479</ConfirmedCases>
      <IncidencePer100k>300.9</IncidencePer100k>
      <Name>Donegal</Name>
    </HspcIncidence>
    <HspcIncidence>
      <ConfirmedCases>392</ConfirmedCases>
      <IncidencePer100k>201.1</IncidencePer100k>
      <Name>Limerick</Name>
    </HspcIncidence>
    <HspcIncidence>
      <ConfirmedCases>336</ConfirmedCases>
      <IncidencePer100k>172.3</IncidencePer100k>
      <Name>Meath</Name>
    </HspcIncidence>
    <HspcIncidence>
      <ConfirmedCases>109</ConfirmedCases>
      <IncidencePer100k>168.9</IncidencePer100k>
      <Name>Roscommon</Name>
    </HspcIncidence>
    <HspcIncidence>
      <ConfirmedCases>144</ConfirmedCases>
      <IncidencePer100k>162.2</IncidencePer100k>
      <Name>Westmeath</Name>
    </HspcIncidence>
    <HspcIncidence>
      <ConfirmedCases>203</ConfirmedCases>
      <IncidencePer100k>157.5</IncidencePer100k>
      <Name>Louth</Name>
    </HspcIncidence>
    <HspcIncidence>
      <ConfirmedCases>2083</ConfirmedCases>
      <IncidencePer100k>154.6</IncidencePer100k>
      <Name>Dublin</Name>
    </HspcIncidence>
    <HspcIncidence>
      <ConfirmedCases>101</ConfirmedCases>
      <IncidencePer100k>154.1</IncidencePer100k>
      <Name>Sligo</Name>
    </HspcIncidence>
    <HspcIncidence>
      <ConfirmedCases>198</ConfirmedCases>
      <IncidencePer100k>151.7</IncidencePer100k>
      <Name>Mayo</Name>
    </HspcIncidence>
    <HspcIncidence>
      <ConfirmedCases>125</ConfirmedCases>
      <IncidencePer100k>147.6</IncidencePer100k>
      <Name>Laois</Name>
    </HspcIncidence>
    <HspcIncidence>
      <ConfirmedCases>793</ConfirmedCases>
      <IncidencePer100k>146.1</IncidencePer100k>
      <Name>Cork</Name>
    </HspcIncidence>
    <HspcIncidence>
      <ConfirmedCases>209</ConfirmedCases>
      <IncidencePer100k>141.5</IncidencePer100k>
      <Name>Kerry</Name>
    </HspcIncidence>
    <HspcIncidence>
      <ConfirmedCases>57</ConfirmedCases>
      <IncidencePer100k>139.5</IncidencePer100k>
      <Name>Longford</Name>
    </HspcIncidence>
    <HspcIncidence>
      <ConfirmedCases>158</ConfirmedCases>
      <IncidencePer100k>136.0</IncidencePer100k>
      <Name>Waterford</Name>
    </HspcIncidence>
    <HspcIncidence>
      <ConfirmedCases>132</ConfirmedCases>
      <IncidencePer100k>133.0</IncidencePer100k>
      <Name>Kilkenny</Name>
    </HspcIncidence>
    <HspcIncidence>
      <ConfirmedCases>101</ConfirmedCases>
      <IncidencePer100k>132.6</IncidencePer100k>
      <Name>Cavan</Name>
    </HspcIncidence>
    <HspcIncidence>
      <ConfirmedCases>77</ConfirmedCases>
      <IncidencePer100k>125.4</IncidencePer100k>
      <Name>Monaghan</Name>
    </HspcIncidence>
    <HspcIncidence>
      <ConfirmedCases>146</ConfirmedCases>
      <IncidencePer100k>122.9</IncidencePer100k>
      <Name>Clare</Name>
    </HspcIncidence>
    <HspcIncidence>
      <ConfirmedCases>188</ConfirmedCases>
      <IncidencePer100k>117.8</IncidencePer100k>
      <Name>Tipperary</Name>
    </HspcIncidence>
    <HspcIncidence>
      <ConfirmedCases>65</ConfirmedCases>
      <IncidencePer100k>114.2</IncidencePer100k>
      <Name>Carlow</Name>
    </HspcIncidence>
    <HspcIncidence>
      <ConfirmedCases>88</ConfirmedCases>
      <IncidencePer100k>112.9</IncidencePer100k>
      <Name>Offaly</Name>
    </HspcIncidence>
    <HspcIncidence>
      <ConfirmedCases>279</ConfirmedCases>
      <IncidencePer100k>108.1</IncidencePer100k>
      <Name>Galway</Name>
    </HspcIncidence>
    <HspcIncidence>
      <ConfirmedCases>225</ConfirmedCases>
      <IncidencePer100k>101.1</IncidencePer100k>
      <Name>Kildare</Name>
    </HspcIncidence>
    <HspcIncidence>
      <ConfirmedCases>102</ConfirmedCases>
      <IncidencePer100k>71.6</IncidencePer100k>
      <Name>Wicklow</Name>
    </HspcIncidence>
    <HspcIncidence>
      <ConfirmedCases>101</ConfirmedCases>
      <IncidencePer100k>67.5</IncidencePer100k>
      <Name>Wexford</Name>
    </HspcIncidence>
    <HspcIncidence>
      <ConfirmedCases>13</ConfirmedCases>
      <IncidencePer100k>40.6</IncidencePer100k>
      <Name>Leitrim</Name>
    </HspcIncidence>
  </CountyRates>
  <FromDate>2020-10-28T00:00:00</FromDate>
  <Hospitalised>
    <HspcHospitalised>
      <CasesAdmittedToIcu>0</CasesAdmittedToIcu>
      <CasesAdmittedToIcuPercent>0</CasesAdmittedToIcuPercent>
      <CasesHospitalised>6</CasesHospitalised>
      <CasesHospitalisedPercent>1.57</CasesHospitalisedPercent>
      <Name>0To4</Name>
      <NumberOfCases>285</NumberOfCases>
    </HspcHospitalised>
    <HspcHospitalised>
      <CasesAdmittedToIcu>0</CasesAdmittedToIcu>
      <CasesAdmittedToIcuPercent>0</CasesAdmittedToIcuPercent>
      <CasesHospitalised>5</CasesHospitalised>
      <CasesHospitalisedPercent>1.31</CasesHospitalisedPercent>
      <Name>5To12</Name>
      <NumberOfCases>567</NumberOfCases>
    </HspcHospitalised>
    <HspcHospitalised>
      <CasesAdmittedToIcu>0</CasesAdmittedToIcu>
      <CasesAdmittedToIcuPercent>0</CasesAdmittedToIcuPercent>
      <CasesHospitalised>6</CasesHospitalised>
      <CasesHospitalisedPercent>1.57</CasesHospitalisedPercent>
      <Name>13To18</Name>
      <NumberOfCases>562</NumberOfCases>
    </HspcHospitalised>
    <HspcHospitalised>
      <CasesAdmittedToIcu>2</CasesAdmittedToIcu>
      <CasesAdmittedToIcuPercent>8</CasesAdmittedToIcuPercent>
      <CasesHospitalised>10</CasesHospitalised>
      <CasesHospitalisedPercent>2.62</CasesHospitalisedPercent>
      <Name>19To24</Name>
      <NumberOfCases>842</NumberOfCases>
    </HspcHospitalised>
    <HspcHospitalised>
      <CasesAdmittedToIcu>0</CasesAdmittedToIcu>
      <CasesAdmittedToIcuPercent>0</CasesAdmittedToIcuPercent>
      <CasesHospitalised>22</CasesHospitalised>
      <CasesHospitalisedPercent>5.76</CasesHospitalisedPercent>
      <Name>25To34</Name>
      <NumberOfCases>1081</NumberOfCases>
    </HspcHospitalised>
    <HspcHospitalised>
      <CasesAdmittedToIcu>2</CasesAdmittedToIcu>
      <CasesAdmittedToIcuPercent>8</CasesAdmittedToIcuPercent>
      <CasesHospitalised>35</CasesHospitalised>
      <CasesHospitalisedPercent>9.16</CasesHospitalisedPercent>
      <Name>35To44</Name>
      <NumberOfCases>1046</NumberOfCases>
    </HspcHospitalised>
    <HspcHospitalised>
      <CasesAdmittedToIcu>3</CasesAdmittedToIcu>
      <CasesAdmittedToIcuPercent>12</CasesAdmittedToIcuPercent>
      <CasesHospitalised>38</CasesHospitalised>
      <CasesHospitalisedPercent>9.95</CasesHospitalisedPercent>
      <Name>45To54</Name>
      <NumberOfCases>1005</NumberOfCases>
    </HspcHospitalised>
    <HspcHospitalised>
      <CasesAdmittedToIcu>2</CasesAdmittedToIcu>
      <CasesAdmittedToIcuPercent>8</CasesAdmittedToIcuPercent>
      <CasesHospitalised>36</CasesHospitalised>
      <CasesHospitalisedPercent>9.42</CasesHospitalisedPercent>
      <Name>55To64</Name>
      <NumberOfCases>657</NumberOfCases>
    </HspcHospitalised>
    <HspcHospitalised>
      <CasesAdmittedToIcu>9</CasesAdmittedToIcu>
      <CasesAdmittedToIcuPercent>36</CasesAdmittedToIcuPercent>
      <CasesHospitalised>81</CasesHospitalised>
      <CasesHospitalisedPercent>21.2</CasesHospitalisedPercent>
      <Name>65To74</Name>
      <NumberOfCases>421</NumberOfCases>
    </HspcHospitalised>
    <HspcHospitalised>
      <CasesAdmittedToIcu>7</CasesAdmittedToIcu>
      <CasesAdmittedToIcuPercent>28</CasesAdmittedToIcuPercent>
      <CasesHospitalised>94</CasesHospitalised>
      <CasesHospitalisedPercent>24.61</CasesHospitalisedPercent>
      <Name>75To84</Name>
      <NumberOfCases>261</NumberOfCases>
    </HspcHospitalised>
    <HspcHospitalised>
      <CasesAdmittedToIcu>0</CasesAdmittedToIcu>
      <CasesAdmittedToIcuPercent>0</CasesAdmittedToIcuPercent>
      <CasesHospitalised>49</CasesHospitalised>
      <CasesHospitalisedPercent>12.83</CasesHospitalisedPercent>
      <Name>85Plus</Name>
      <NumberOfCases>175</NumberOfCases>
    </HspcHospitalised>
    <HspcHospitalised>
      <CasesAdmittedToIcu>0</CasesAdmittedToIcu>
      <CasesAdmittedToIcuPercent>0</CasesAdmittedToIcuPercent>
      <CasesHospitalised>0</CasesHospitalised>
      <CasesHospitalisedPercent>0</CasesHospitalisedPercent>
      <Name>Unknown</Name>
      <NumberOfCases>2</NumberOfCases>
    </HspcHospitalised>
  </Hospitalised>
  <PreparedDate>2020-11-11T00:00:00</PreparedDate>
  <SexCharacteristics>
    <Female>
      <Absolute>3557</Absolute>
      <Percent>51.52</Percent>
    </Female>
    <Male>
      <Absolute>3335</Absolute>
      <Percent>48.31</Percent>
    </Male>
    <MaleFemaleRatio>0.94</MaleFemaleRatio>
    <Unknown>
      <Absolute>12</Absolute>
      <Percent>0.17</Percent>
    </Unknown>
  </SexCharacteristics>
  <SourceFileName>COVID-19_14_day_epidemiology_report_20201111 - website 2.pdf</SourceFileName>
  <SymptomStatusAtTimeOfTestCharacteristics>
    <No>
      <Absolute>1784</Absolute>
      <Percent>25.84</Percent>
    </No>
    <Unknown>
      <Absolute>1227</Absolute>
      <Percent>17.77</Percent>
    </Unknown>
    <Yes>
      <Absolute>3893</Absolute>
      <Percent>56.39</Percent>
    </Yes>
  </SymptomStatusAtTimeOfTestCharacteristics>
  <ToDate>2020-11-10T00:00:00</ToDate>
  <TotalConfirmedCases>
    <Absolute>6904</Absolute>
    <Percent>100</Percent>
  </TotalConfirmedCases>
  <UnderlyingConditionsCharacteristics>
    <No>
      <Absolute>4736</Absolute>
      <Percent>68.6</Percent>
    </No>
    <Unknown>
      <Absolute>1063</Absolute>
      <Percent>15.4</Percent>
    </Unknown>
    <Yes>
      <Absolute>1105</Absolute>
      <Percent>16.01</Percent>
    </Yes>
  </UnderlyingConditionsCharacteristics>
</HspcDailyEpidemiology>