﻿<?xml version="1.0" encoding="utf-8"?>
<HspcDailyEpidemiology xmlns:i="http://www.w3.org/2001/XMLSchema-instance" xmlns="http://schemas.datacontract.org/2004/07/CovidStats.DailyEpidemiology">
  <AgeCharacteristics>
    <Age0To4>
      <Absolute>365</Absolute>
      <Percent>2.93</Percent>
    </Age0To4>
    <Age13To18>
      <Absolute>0</Absolute>
      <Percent>0</Percent>
    </Age13To18>
    <Age19To24>
      <Absolute>0</Absolute>
      <Percent>0</Percent>
    </Age19To24>
    <Age25To34>
      <Absolute>2126</Absolute>
      <Percent>17.06</Percent>
    </Age25To34>
    <Age35To44>
      <Absolute>1695</Absolute>
      <Percent>13.6</Percent>
    </Age35To44>
    <Age45To54>
      <Absolute>1609</Absolute>
      <Percent>12.91</Percent>
    </Age45To54>
    <Age55To64>
      <Absolute>1230</Absolute>
      <Percent>9.87</Percent>
    </Age55To64>
    <Age5To12>
      <Absolute>0</Absolute>
      <Percent>0</Percent>
    </Age5To12>
    <Age65To74>
      <Absolute>567</Absolute>
      <Percent>4.55</Percent>
    </Age65To74>
    <Age75To84>
      <Absolute>285</Absolute>
      <Percent>2.29</Percent>
    </Age75To84>
    <Age85Plus>
      <Absolute>173</Absolute>
      <Percent>1.39</Percent>
    </Age85Plus>
    <AgeUnknown>
      <Absolute>4</Absolute>
      <Percent>0.03</Percent>
    </AgeUnknown>
    <MeanAge>35</MeanAge>
    <MedianAge>31</MedianAge>
  </AgeCharacteristics>
  <CCARates />
  <CHORates i:nil="true" />
  <CountyRates i:nil="true" />
  <FromDate>2020-10-05T00:00:00</FromDate>
  <Hospitalised>
    <HspcHospitalised>
      <CasesAdmittedToIcu>0</CasesAdmittedToIcu>
      <CasesAdmittedToIcuPercent>0</CasesAdmittedToIcuPercent>
      <CasesHospitalised>7</CasesHospitalised>
      <CasesHospitalisedPercent>2.3</CasesHospitalisedPercent>
      <Name>0To4</Name>
      <NumberOfCases>365</NumberOfCases>
    </HspcHospitalised>
    <HspcHospitalised>
      <CasesAdmittedToIcu>1</CasesAdmittedToIcu>
      <CasesAdmittedToIcuPercent>4.17</CasesAdmittedToIcuPercent>
      <CasesHospitalised>5</CasesHospitalised>
      <CasesHospitalisedPercent>1.64</CasesHospitalisedPercent>
      <Name>5To14</Name>
      <NumberOfCases>972</NumberOfCases>
    </HspcHospitalised>
    <HspcHospitalised>
      <CasesAdmittedToIcu>1</CasesAdmittedToIcu>
      <CasesAdmittedToIcuPercent>4.17</CasesAdmittedToIcuPercent>
      <CasesHospitalised>18</CasesHospitalised>
      <CasesHospitalisedPercent>5.92</CasesHospitalisedPercent>
      <Name>15To24</Name>
      <NumberOfCases>3438</NumberOfCases>
    </HspcHospitalised>
    <HspcHospitalised>
      <CasesAdmittedToIcu>0</CasesAdmittedToIcu>
      <CasesAdmittedToIcuPercent>0</CasesAdmittedToIcuPercent>
      <CasesHospitalised>31</CasesHospitalised>
      <CasesHospitalisedPercent>10.2</CasesHospitalisedPercent>
      <Name>25To34</Name>
      <NumberOfCases>2126</NumberOfCases>
    </HspcHospitalised>
    <HspcHospitalised>
      <CasesAdmittedToIcu>2</CasesAdmittedToIcu>
      <CasesAdmittedToIcuPercent>8.33</CasesAdmittedToIcuPercent>
      <CasesHospitalised>20</CasesHospitalised>
      <CasesHospitalisedPercent>6.58</CasesHospitalisedPercent>
      <Name>35To44</Name>
      <NumberOfCases>1695</NumberOfCases>
    </HspcHospitalised>
    <HspcHospitalised>
      <CasesAdmittedToIcu>0</CasesAdmittedToIcu>
      <CasesAdmittedToIcuPercent>0</CasesAdmittedToIcuPercent>
      <CasesHospitalised>22</CasesHospitalised>
      <CasesHospitalisedPercent>7.24</CasesHospitalisedPercent>
      <Name>45To54</Name>
      <NumberOfCases>1609</NumberOfCases>
    </HspcHospitalised>
    <HspcHospitalised>
      <CasesAdmittedToIcu>6</CasesAdmittedToIcu>
      <CasesAdmittedToIcuPercent>25</CasesAdmittedToIcuPercent>
      <CasesHospitalised>48</CasesHospitalised>
      <CasesHospitalisedPercent>15.79</CasesHospitalisedPercent>
      <Name>55To64</Name>
      <NumberOfCases>1230</NumberOfCases>
    </HspcHospitalised>
    <HspcHospitalised>
      <CasesAdmittedToIcu>11</CasesAdmittedToIcu>
      <CasesAdmittedToIcuPercent>45.83</CasesAdmittedToIcuPercent>
      <CasesHospitalised>45</CasesHospitalised>
      <CasesHospitalisedPercent>14.8</CasesHospitalisedPercent>
      <Name>65To74</Name>
      <NumberOfCases>567</NumberOfCases>
    </HspcHospitalised>
    <HspcHospitalised>
      <CasesAdmittedToIcu>3</CasesAdmittedToIcu>
      <CasesAdmittedToIcuPercent>12.5</CasesAdmittedToIcuPercent>
      <CasesHospitalised>63</CasesHospitalised>
      <CasesHospitalisedPercent>20.72</CasesHospitalisedPercent>
      <Name>75To84</Name>
      <NumberOfCases>285</NumberOfCases>
    </HspcHospitalised>
    <HspcHospitalised>
      <CasesAdmittedToIcu>0</CasesAdmittedToIcu>
      <CasesAdmittedToIcuPercent>0</CasesAdmittedToIcuPercent>
      <CasesHospitalised>44</CasesHospitalised>
      <CasesHospitalisedPercent>14.47</CasesHospitalisedPercent>
      <Name>85Plus</Name>
      <NumberOfCases>173</NumberOfCases>
    </HspcHospitalised>
    <HspcHospitalised>
      <CasesAdmittedToIcu>1</CasesAdmittedToIcu>
      <CasesAdmittedToIcuPercent>0.33</CasesAdmittedToIcuPercent>
      <CasesHospitalised>0</CasesHospitalised>
      <CasesHospitalisedPercent>0</CasesHospitalisedPercent>
      <Name>Unknown</Name>
      <NumberOfCases>4</NumberOfCases>
    </HspcHospitalised>
  </Hospitalised>
  <PreparedDate>2020-10-19T00:00:00</PreparedDate>
  <SexCharacteristics>
    <Female>
      <Absolute>6194</Absolute>
      <Percent>49.7</Percent>
    </Female>
    <Male>
      <Absolute>6256</Absolute>
      <Percent>50.19</Percent>
    </Male>
    <MaleFemaleRatio>1.01</MaleFemaleRatio>
    <Unknown>
      <Absolute>14</Absolute>
      <Percent>0.11</Percent>
    </Unknown>
  </SexCharacteristics>
  <SourceFileName>COVID-19_14_day_epidemiology_report_20201019_Website.pdf</SourceFileName>
  <SymptomStatusAtTimeOfTestCharacteristics>
    <No i:nil="true" />
    <Unknown i:nil="true" />
    <Yes i:nil="true" />
  </SymptomStatusAtTimeOfTestCharacteristics>
  <ToDate>2020-10-18T00:00:00</ToDate>
  <TotalConfirmedCases>
    <Absolute>12464</Absolute>
    <Percent>100</Percent>
  </TotalConfirmedCases>
  <UnderlyingConditionsCharacteristics>
    <No>
      <Absolute>6285</Absolute>
      <Percent>50.43</Percent>
    </No>
    <Unknown>
      <Absolute>4763</Absolute>
      <Percent>38.21</Percent>
    </Unknown>
    <Yes>
      <Absolute>1416</Absolute>
      <Percent>11.36</Percent>
    </Yes>
  </UnderlyingConditionsCharacteristics>
</HspcDailyEpidemiology>