﻿<?xml version="1.0" encoding="utf-8"?>
<HspcDailyEpidemiology xmlns:i="http://www.w3.org/2001/XMLSchema-instance" xmlns="http://schemas.datacontract.org/2004/07/CovidStats.DailyEpidemiology">
  <AgeCharacteristics>
    <Age0To4>
      <Absolute>503</Absolute>
      <Percent>4.17</Percent>
    </Age0To4>
    <Age13To18>
      <Absolute>0</Absolute>
      <Percent>0</Percent>
    </Age13To18>
    <Age19To24>
      <Absolute>0</Absolute>
      <Percent>0</Percent>
    </Age19To24>
    <Age25To34>
      <Absolute>1754</Absolute>
      <Percent>14.53</Percent>
    </Age25To34>
    <Age35To44>
      <Absolute>1659</Absolute>
      <Percent>13.75</Percent>
    </Age35To44>
    <Age45To54>
      <Absolute>1661</Absolute>
      <Percent>13.76</Percent>
    </Age45To54>
    <Age55To64>
      <Absolute>1282</Absolute>
      <Percent>10.62</Percent>
    </Age55To64>
    <Age5To12>
      <Absolute>0</Absolute>
      <Percent>0</Percent>
    </Age5To12>
    <Age65To74>
      <Absolute>645</Absolute>
      <Percent>5.34</Percent>
    </Age65To74>
    <Age75To84>
      <Absolute>351</Absolute>
      <Percent>2.91</Percent>
    </Age75To84>
    <Age85Plus>
      <Absolute>219</Absolute>
      <Percent>1.81</Percent>
    </Age85Plus>
    <AgeUnknown>
      <Absolute>3</Absolute>
      <Percent>0.02</Percent>
    </AgeUnknown>
    <MeanAge>36</MeanAge>
    <MedianAge>33</MedianAge>
  </AgeCharacteristics>
  <CCARates>
    <HspcIncidence>
      <ConfirmedCases>147</ConfirmedCases>
      <IncidencePer100k>108.0</IncidencePer100k>
      <Name>DublinSouth</Name>
    </HspcIncidence>
    <HspcIncidence>
      <ConfirmedCases>280</ConfirmedCases>
      <IncidencePer100k>226.3</IncidencePer100k>
      <Name>DublinSouthEast</Name>
    </HspcIncidence>
    <HspcIncidence>
      <ConfirmedCases>204</ConfirmedCases>
      <IncidencePer100k>136.1</IncidencePer100k>
      <Name>DublinSouthCity</Name>
    </HspcIncidence>
    <HspcIncidence>
      <ConfirmedCases>317</ConfirmedCases>
      <IncidencePer100k>197.0</IncidencePer100k>
      <Name>DublinSouthWest</Name>
    </HspcIncidence>
    <HspcIncidence>
      <ConfirmedCases>405</ConfirmedCases>
      <IncidencePer100k>260.7</IncidencePer100k>
      <Name>DublinWest</Name>
    </HspcIncidence>
    <HspcIncidence>
      <ConfirmedCases>656</ConfirmedCases>
      <IncidencePer100k>315.9</IncidencePer100k>
      <Name>DublinNorthWest</Name>
    </HspcIncidence>
    <HspcIncidence>
      <ConfirmedCases>405</ConfirmedCases>
      <IncidencePer100k>262.0</IncidencePer100k>
      <Name>DublinNorthCentral</Name>
    </HspcIncidence>
    <HspcIncidence>
      <ConfirmedCases>561</ConfirmedCases>
      <IncidencePer100k>216.5</IncidencePer100k>
      <Name>DublinNorth</Name>
    </HspcIncidence>
  </CCARates>
  <CHORates i:nil="true" />
  <CountyRates>
    <HspcIncidence>
      <ConfirmedCases>450</ConfirmedCases>
      <IncidencePer100k>590.7</IncidencePer100k>
      <Name>Cavan</Name>
    </HspcIncidence>
    <HspcIncidence>
      <ConfirmedCases>925</ConfirmedCases>
      <IncidencePer100k>474.3</IncidencePer100k>
      <Name>Meath</Name>
    </HspcIncidence>
    <HspcIncidence>
      <ConfirmedCases>236</ConfirmedCases>
      <IncidencePer100k>360.1</IncidencePer100k>
      <Name>Sligo</Name>
    </HspcIncidence>
    <HspcIncidence>
      <ConfirmedCases>285</ConfirmedCases>
      <IncidencePer100k>321.1</IncidencePer100k>
      <Name>Westmeath</Name>
    </HspcIncidence>
    <HspcIncidence>
      <ConfirmedCases>511</ConfirmedCases>
      <IncidencePer100k>321.0</IncidencePer100k>
      <Name>Donegal</Name>
    </HspcIncidence>
    <HspcIncidence>
      <ConfirmedCases>1657</ConfirmedCases>
      <IncidencePer100k>305.2</IncidencePer100k>
      <Name>Cork</Name>
    </HspcIncidence>
    <HspcIncidence>
      <ConfirmedCases>768</ConfirmedCases>
      <IncidencePer100k>297.6</IncidencePer100k>
      <Name>Galway</Name>
    </HspcIncidence>
    <HspcIncidence>
      <ConfirmedCases>383</ConfirmedCases>
      <IncidencePer100k>297.2</IncidencePer100k>
      <Name>Louth</Name>
    </HspcIncidence>
    <HspcIncidence>
      <ConfirmedCases>177</ConfirmedCases>
      <IncidencePer100k>288.3</IncidencePer100k>
      <Name>Monaghan</Name>
    </HspcIncidence>
    <HspcIncidence>
      <ConfirmedCases>525</ConfirmedCases>
      <IncidencePer100k>269.4</IncidencePer100k>
      <Name>Limerick</Name>
    </HspcIncidence>
    <HspcIncidence>
      <ConfirmedCases>153</ConfirmedCases>
      <IncidencePer100k>268.7</IncidencePer100k>
      <Name>Carlow</Name>
    </HspcIncidence>
    <HspcIncidence>
      <ConfirmedCases>101</ConfirmedCases>
      <IncidencePer100k>247.1</IncidencePer100k>
      <Name>Longford</Name>
    </HspcIncidence>
    <HspcIncidence>
      <ConfirmedCases>318</ConfirmedCases>
      <IncidencePer100k>243.7</IncidencePer100k>
      <Name>Mayo</Name>
    </HspcIncidence>
    <HspcIncidence>
      <ConfirmedCases>536</ConfirmedCases>
      <IncidencePer100k>240.9</IncidencePer100k>
      <Name>Kildare</Name>
    </HspcIncidence>
    <HspcIncidence>
      <ConfirmedCases>273</ConfirmedCases>
      <IncidencePer100k>229.8</IncidencePer100k>
      <Name>Clare</Name>
    </HspcIncidence>
    <HspcIncidence>
      <ConfirmedCases>327</ConfirmedCases>
      <IncidencePer100k>221.4</IncidencePer100k>
      <Name>Kerry</Name>
    </HspcIncidence>
    <HspcIncidence>
      <ConfirmedCases>2976</ConfirmedCases>
      <IncidencePer100k>220.9</IncidencePer100k>
      <Name>Dublin</Name>
    </HspcIncidence>
    <HspcIncidence>
      <ConfirmedCases>174</ConfirmedCases>
      <IncidencePer100k>205.4</IncidencePer100k>
      <Name>Laois</Name>
    </HspcIncidence>
    <HspcIncidence>
      <ConfirmedCases>132</ConfirmedCases>
      <IncidencePer100k>204.5</IncidencePer100k>
      <Name>Roscommon</Name>
    </HspcIncidence>
    <HspcIncidence>
      <ConfirmedCases>237</ConfirmedCases>
      <IncidencePer100k>204.0</IncidencePer100k>
      <Name>Waterford</Name>
    </HspcIncidence>
    <HspcIncidence>
      <ConfirmedCases>260</ConfirmedCases>
      <IncidencePer100k>173.7</IncidencePer100k>
      <Name>Wexford</Name>
    </HspcIncidence>
    <HspcIncidence>
      <ConfirmedCases>127</ConfirmedCases>
      <IncidencePer100k>162.9</IncidencePer100k>
      <Name>Offaly</Name>
    </HspcIncidence>
    <HspcIncidence>
      <ConfirmedCases>131</ConfirmedCases>
      <IncidencePer100k>132.0</IncidencePer100k>
      <Name>Kilkenny</Name>
    </HspcIncidence>
    <HspcIncidence>
      <ConfirmedCases>208</ConfirmedCases>
      <IncidencePer100k>130.4</IncidencePer100k>
      <Name>Tipperary</Name>
    </HspcIncidence>
    <HspcIncidence>
      <ConfirmedCases>165</ConfirmedCases>
      <IncidencePer100k>115.9</IncidencePer100k>
      <Name>Wicklow</Name>
    </HspcIncidence>
    <HspcIncidence>
      <ConfirmedCases>34</ConfirmedCases>
      <IncidencePer100k>106.1</IncidencePer100k>
      <Name>Leitrim</Name>
    </HspcIncidence>
  </CountyRates>
  <FromDate>2020-10-18T00:00:00</FromDate>
  <Hospitalised>
    <HspcHospitalised>
      <CasesAdmittedToIcu>0</CasesAdmittedToIcu>
      <CasesAdmittedToIcuPercent>0</CasesAdmittedToIcuPercent>
      <CasesHospitalised>4</CasesHospitalised>
      <CasesHospitalisedPercent>1.09</CasesHospitalisedPercent>
      <Name>0To4</Name>
      <NumberOfCases>503</NumberOfCases>
    </HspcHospitalised>
    <HspcHospitalised>
      <CasesAdmittedToIcu>0</CasesAdmittedToIcu>
      <CasesAdmittedToIcuPercent>0</CasesAdmittedToIcuPercent>
      <CasesHospitalised>8</CasesHospitalised>
      <CasesHospitalisedPercent>2.19</CasesHospitalisedPercent>
      <Name>5To14</Name>
      <NumberOfCases>1285</NumberOfCases>
    </HspcHospitalised>
    <HspcHospitalised>
      <CasesAdmittedToIcu>0</CasesAdmittedToIcu>
      <CasesAdmittedToIcuPercent>0</CasesAdmittedToIcuPercent>
      <CasesHospitalised>14</CasesHospitalised>
      <CasesHospitalisedPercent>3.83</CasesHospitalisedPercent>
      <Name>15To24</Name>
      <NumberOfCases>2707</NumberOfCases>
    </HspcHospitalised>
    <HspcHospitalised>
      <CasesAdmittedToIcu>0</CasesAdmittedToIcu>
      <CasesAdmittedToIcuPercent>0</CasesAdmittedToIcuPercent>
      <CasesHospitalised>21</CasesHospitalised>
      <CasesHospitalisedPercent>5.74</CasesHospitalisedPercent>
      <Name>25To34</Name>
      <NumberOfCases>1754</NumberOfCases>
    </HspcHospitalised>
    <HspcHospitalised>
      <CasesAdmittedToIcu>1</CasesAdmittedToIcu>
      <CasesAdmittedToIcuPercent>4.55</CasesAdmittedToIcuPercent>
      <CasesHospitalised>28</CasesHospitalised>
      <CasesHospitalisedPercent>7.65</CasesHospitalisedPercent>
      <Name>35To44</Name>
      <NumberOfCases>1659</NumberOfCases>
    </HspcHospitalised>
    <HspcHospitalised>
      <CasesAdmittedToIcu>2</CasesAdmittedToIcu>
      <CasesAdmittedToIcuPercent>9.09</CasesAdmittedToIcuPercent>
      <CasesHospitalised>39</CasesHospitalised>
      <CasesHospitalisedPercent>10.66</CasesHospitalisedPercent>
      <Name>45To54</Name>
      <NumberOfCases>1661</NumberOfCases>
    </HspcHospitalised>
    <HspcHospitalised>
      <CasesAdmittedToIcu>2</CasesAdmittedToIcu>
      <CasesAdmittedToIcuPercent>9.09</CasesAdmittedToIcuPercent>
      <CasesHospitalised>51</CasesHospitalised>
      <CasesHospitalisedPercent>13.93</CasesHospitalisedPercent>
      <Name>55To64</Name>
      <NumberOfCases>1282</NumberOfCases>
    </HspcHospitalised>
    <HspcHospitalised>
      <CasesAdmittedToIcu>12</CasesAdmittedToIcu>
      <CasesAdmittedToIcuPercent>54.55</CasesAdmittedToIcuPercent>
      <CasesHospitalised>73</CasesHospitalised>
      <CasesHospitalisedPercent>19.95</CasesHospitalisedPercent>
      <Name>65To74</Name>
      <NumberOfCases>645</NumberOfCases>
    </HspcHospitalised>
    <HspcHospitalised>
      <CasesAdmittedToIcu>5</CasesAdmittedToIcu>
      <CasesAdmittedToIcuPercent>22.73</CasesAdmittedToIcuPercent>
      <CasesHospitalised>82</CasesHospitalised>
      <CasesHospitalisedPercent>22.4</CasesHospitalisedPercent>
      <Name>75To84</Name>
      <NumberOfCases>351</NumberOfCases>
    </HspcHospitalised>
    <HspcHospitalised>
      <CasesAdmittedToIcu>0</CasesAdmittedToIcu>
      <CasesAdmittedToIcuPercent>0</CasesAdmittedToIcuPercent>
      <CasesHospitalised>46</CasesHospitalised>
      <CasesHospitalisedPercent>12.57</CasesHospitalisedPercent>
      <Name>85Plus</Name>
      <NumberOfCases>219</NumberOfCases>
    </HspcHospitalised>
    <HspcHospitalised>
      <CasesAdmittedToIcu>0</CasesAdmittedToIcu>
      <CasesAdmittedToIcuPercent>0</CasesAdmittedToIcuPercent>
      <CasesHospitalised>0</CasesHospitalised>
      <CasesHospitalisedPercent>0</CasesHospitalisedPercent>
      <Name>Unknown</Name>
      <NumberOfCases>3</NumberOfCases>
    </HspcHospitalised>
  </Hospitalised>
  <PreparedDate>2020-11-01T00:00:00</PreparedDate>
  <SexCharacteristics>
    <Female>
      <Absolute>6173</Absolute>
      <Percent>51.15</Percent>
    </Female>
    <Male>
      <Absolute>5886</Absolute>
      <Percent>48.77</Percent>
    </Male>
    <MaleFemaleRatio>0.95</MaleFemaleRatio>
    <Unknown>
      <Absolute>10</Absolute>
      <Percent>0.08</Percent>
    </Unknown>
  </SexCharacteristics>
  <SourceFileName>COVID-19_14 day epidemiology report_20201101_website.pdf</SourceFileName>
  <SymptomStatusAtTimeOfTestCharacteristics>
    <No i:nil="true" />
    <Unknown i:nil="true" />
    <Yes i:nil="true" />
  </SymptomStatusAtTimeOfTestCharacteristics>
  <ToDate>2020-10-31T00:00:00</ToDate>
  <TotalConfirmedCases>
    <Absolute>12069</Absolute>
    <Percent>100</Percent>
  </TotalConfirmedCases>
  <UnderlyingConditionsCharacteristics>
    <No>
      <Absolute>2519</Absolute>
      <Percent>20.87</Percent>
    </No>
    <Unknown>
      <Absolute>3874</Absolute>
      <Percent>32.1</Percent>
    </Unknown>
    <Yes>
      <Absolute>5676</Absolute>
      <Percent>47.03</Percent>
    </Yes>
  </UnderlyingConditionsCharacteristics>
</HspcDailyEpidemiology>