﻿<?xml version="1.0" encoding="utf-8"?>
<HspcDailyEpidemiology xmlns:i="http://www.w3.org/2001/XMLSchema-instance" xmlns="http://schemas.datacontract.org/2004/07/CovidStats.DailyEpidemiology">
  <AgeCharacteristics>
    <Age0To4>
      <Absolute>422</Absolute>
      <Percent>3.61</Percent>
    </Age0To4>
    <Age13To18>
      <Absolute>716</Absolute>
      <Percent>6.12</Percent>
    </Age13To18>
    <Age19To24>
      <Absolute>1643</Absolute>
      <Percent>14.05</Percent>
    </Age19To24>
    <Age25To34>
      <Absolute>2245</Absolute>
      <Percent>19.19</Percent>
    </Age25To34>
    <Age35To44>
      <Absolute>1857</Absolute>
      <Percent>15.88</Percent>
    </Age35To44>
    <Age45To54>
      <Absolute>1611</Absolute>
      <Percent>13.77</Percent>
    </Age45To54>
    <Age55To64>
      <Absolute>1286</Absolute>
      <Percent>10.99</Percent>
    </Age55To64>
    <Age5To12>
      <Absolute>755</Absolute>
      <Percent>6.45</Percent>
    </Age5To12>
    <Age65To74>
      <Absolute>598</Absolute>
      <Percent>5.11</Percent>
    </Age65To74>
    <Age75To84>
      <Absolute>361</Absolute>
      <Percent>3.09</Percent>
    </Age75To84>
    <Age85Plus>
      <Absolute>201</Absolute>
      <Percent>1.72</Percent>
    </Age85Plus>
    <AgeUnknown>
      <Absolute>2</Absolute>
      <Percent>0.02</Percent>
    </AgeUnknown>
    <MeanAge>37</MeanAge>
    <MedianAge>35</MedianAge>
  </AgeCharacteristics>
  <CCARates>
    <HspcIncidence>
      <ConfirmedCases>255</ConfirmedCases>
      <IncidencePer100k>187.4</IncidencePer100k>
      <Name>DublinSouth</Name>
    </HspcIncidence>
    <HspcIncidence>
      <ConfirmedCases>672</ConfirmedCases>
      <IncidencePer100k>543.2</IncidencePer100k>
      <Name>DublinSouthEast</Name>
    </HspcIncidence>
    <HspcIncidence>
      <ConfirmedCases>295</ConfirmedCases>
      <IncidencePer100k>196.8</IncidencePer100k>
      <Name>DublinSouthCity</Name>
    </HspcIncidence>
    <HspcIncidence>
      <ConfirmedCases>318</ConfirmedCases>
      <IncidencePer100k>197.6</IncidencePer100k>
      <Name>DublinSouthWest</Name>
    </HspcIncidence>
    <HspcIncidence>
      <ConfirmedCases>401</ConfirmedCases>
      <IncidencePer100k>258.1</IncidencePer100k>
      <Name>DublinWest</Name>
    </HspcIncidence>
    <HspcIncidence>
      <ConfirmedCases>693</ConfirmedCases>
      <IncidencePer100k>333.7</IncidencePer100k>
      <Name>DublinNorthWest</Name>
    </HspcIncidence>
    <HspcIncidence>
      <ConfirmedCases>712</ConfirmedCases>
      <IncidencePer100k>460.6</IncidencePer100k>
      <Name>DublinNorthCentral</Name>
    </HspcIncidence>
    <HspcIncidence>
      <ConfirmedCases>586</ConfirmedCases>
      <IncidencePer100k>226.1</IncidencePer100k>
      <Name>DublinNorth</Name>
    </HspcIncidence>
  </CCARates>
  <CHORates>
    <HspcIncidence>
      <ConfirmedCases>1374</ConfirmedCases>
      <IncidencePer100k>351.2</IncidencePer100k>
      <Name>CHO1</Name>
    </HspcIncidence>
    <HspcIncidence>
      <ConfirmedCases>675</ConfirmedCases>
      <IncidencePer100k>149.0</IncidencePer100k>
      <Name>CHO2</Name>
    </HspcIncidence>
    <HspcIncidence>
      <ConfirmedCases>999</ConfirmedCases>
      <IncidencePer100k>259.5</IncidencePer100k>
      <Name>CHO3</Name>
    </HspcIncidence>
    <HspcIncidence>
      <ConfirmedCases>1550</ConfirmedCases>
      <IncidencePer100k>224.5</IncidencePer100k>
      <Name>CHO4</Name>
    </HspcIncidence>
    <HspcIncidence>
      <ConfirmedCases>1172</ConfirmedCases>
      <IncidencePer100k>229.7</IncidencePer100k>
      <Name>CHO5</Name>
    </HspcIncidence>
    <HspcIncidence>
      <ConfirmedCases>1106</ConfirmedCases>
      <IncidencePer100k>288.6</IncidencePer100k>
      <Name>CHO6</Name>
    </HspcIncidence>
    <HspcIncidence>
      <ConfirmedCases>1447</ConfirmedCases>
      <IncidencePer100k>204.5</IncidencePer100k>
      <Name>CHO7</Name>
    </HspcIncidence>
    <HspcIncidence>
      <ConfirmedCases>1383</ConfirmedCases>
      <IncidencePer100k>223.3</IncidencePer100k>
      <Name>CHO8</Name>
    </HspcIncidence>
    <HspcIncidence>
      <ConfirmedCases>1991</ConfirmedCases>
      <IncidencePer100k>320.4</IncidencePer100k>
      <Name>CHO9</Name>
    </HspcIncidence>
  </CHORates>
  <CountyRates>
    <HspcIncidence>
      <ConfirmedCases>728</ConfirmedCases>
      <IncidencePer100k>457.3</IncidencePer100k>
      <Name>Donegal</Name>
    </HspcIncidence>
    <HspcIncidence>
      <ConfirmedCases>279</ConfirmedCases>
      <IncidencePer100k>454.5</IncidencePer100k>
      <Name>Monaghan</Name>
    </HspcIncidence>
    <HspcIncidence>
      <ConfirmedCases>510</ConfirmedCases>
      <IncidencePer100k>395.7</IncidencePer100k>
      <Name>Louth</Name>
    </HspcIncidence>
    <HspcIncidence>
      <ConfirmedCases>722</ConfirmedCases>
      <IncidencePer100k>370.4</IncidencePer100k>
      <Name>Limerick</Name>
    </HspcIncidence>
    <HspcIncidence>
      <ConfirmedCases>532</ConfirmedCases>
      <IncidencePer100k>355.3</IncidencePer100k>
      <Name>Wexford</Name>
    </HspcIncidence>
    <HspcIncidence>
      <ConfirmedCases>3932</ConfirmedCases>
      <IncidencePer100k>291.8</IncidencePer100k>
      <Name>Dublin</Name>
    </HspcIncidence>
    <HspcIncidence>
      <ConfirmedCases>422</ConfirmedCases>
      <IncidencePer100k>285.7</IncidencePer100k>
      <Name>Kerry</Name>
    </HspcIncidence>
    <HspcIncidence>
      <ConfirmedCases>266</ConfirmedCases>
      <IncidencePer100k>268.1</IncidencePer100k>
      <Name>Kilkenny</Name>
    </HspcIncidence>
    <HspcIncidence>
      <ConfirmedCases>188</ConfirmedCases>
      <IncidencePer100k>246.8</IncidencePer100k>
      <Name>Cavan</Name>
    </HspcIncidence>
    <HspcIncidence>
      <ConfirmedCases>150</ConfirmedCases>
      <IncidencePer100k>228.9</IncidencePer100k>
      <Name>Sligo</Name>
    </HspcIncidence>
    <HspcIncidence>
      <ConfirmedCases>442</ConfirmedCases>
      <IncidencePer100k>226.6</IncidencePer100k>
      <Name>Meath</Name>
    </HspcIncidence>
    <HspcIncidence>
      <ConfirmedCases>191</ConfirmedCases>
      <IncidencePer100k>225.5</IncidencePer100k>
      <Name>Laois</Name>
    </HspcIncidence>
    <HspcIncidence>
      <ConfirmedCases>120</ConfirmedCases>
      <IncidencePer100k>210.8</IncidencePer100k>
      <Name>Carlow</Name>
    </HspcIncidence>
    <HspcIncidence>
      <ConfirmedCases>1128</ConfirmedCases>
      <IncidencePer100k>207.8</IncidencePer100k>
      <Name>Cork</Name>
    </HspcIncidence>
    <HspcIncidence>
      <ConfirmedCases>426</ConfirmedCases>
      <IncidencePer100k>191.5</IncidencePer100k>
      <Name>Kildare</Name>
    </HspcIncidence>
    <HspcIncidence>
      <ConfirmedCases>229</ConfirmedCases>
      <IncidencePer100k>175.5</IncidencePer100k>
      <Name>Mayo</Name>
    </HspcIncidence>
    <HspcIncidence>
      <ConfirmedCases>194</ConfirmedCases>
      <IncidencePer100k>167.0</IncidencePer100k>
      <Name>Waterford</Name>
    </HspcIncidence>
    <HspcIncidence>
      <ConfirmedCases>175</ConfirmedCases>
      <IncidencePer100k>147.3</IncidencePer100k>
      <Name>Clare</Name>
    </HspcIncidence>
    <HspcIncidence>
      <ConfirmedCases>370</ConfirmedCases>
      <IncidencePer100k>143.4</IncidencePer100k>
      <Name>Galway</Name>
    </HspcIncidence>
    <HspcIncidence>
      <ConfirmedCases>121</ConfirmedCases>
      <IncidencePer100k>136.3</IncidencePer100k>
      <Name>Westmeath</Name>
    </HspcIncidence>
    <HspcIncidence>
      <ConfirmedCases>186</ConfirmedCases>
      <IncidencePer100k>130.6</IncidencePer100k>
      <Name>Wicklow</Name>
    </HspcIncidence>
    <HspcIncidence>
      <ConfirmedCases>76</ConfirmedCases>
      <IncidencePer100k>117.7</IncidencePer100k>
      <Name>Roscommon</Name>
    </HspcIncidence>
    <HspcIncidence>
      <ConfirmedCases>163</ConfirmedCases>
      <IncidencePer100k>102.2</IncidencePer100k>
      <Name>Tipperary</Name>
    </HspcIncidence>
    <HspcIncidence>
      <ConfirmedCases>41</ConfirmedCases>
      <IncidencePer100k>100.3</IncidencePer100k>
      <Name>Longford</Name>
    </HspcIncidence>
    <HspcIncidence>
      <ConfirmedCases>77</ConfirmedCases>
      <IncidencePer100k>98.8</IncidencePer100k>
      <Name>Offaly</Name>
    </HspcIncidence>
    <HspcIncidence>
      <ConfirmedCases>29</ConfirmedCases>
      <IncidencePer100k>90.5</IncidencePer100k>
      <Name>Leitrim</Name>
    </HspcIncidence>
  </CountyRates>
  <FromDate>2020-12-15T00:00:00</FromDate>
  <Hospitalised>
    <HspcHospitalised>
      <CasesAdmittedToIcu>0</CasesAdmittedToIcu>
      <CasesAdmittedToIcuPercent>0</CasesAdmittedToIcuPercent>
      <CasesHospitalised>2</CasesHospitalised>
      <CasesHospitalisedPercent>0.50</CasesHospitalisedPercent>
      <Name>0To4</Name>
      <NumberOfCases>422</NumberOfCases>
    </HspcHospitalised>
    <HspcHospitalised>
      <CasesAdmittedToIcu>0</CasesAdmittedToIcu>
      <CasesAdmittedToIcuPercent>0</CasesAdmittedToIcuPercent>
      <CasesHospitalised>8</CasesHospitalised>
      <CasesHospitalisedPercent>1.99</CasesHospitalisedPercent>
      <Name>5To12</Name>
      <NumberOfCases>755</NumberOfCases>
    </HspcHospitalised>
    <HspcHospitalised>
      <CasesAdmittedToIcu>0</CasesAdmittedToIcu>
      <CasesAdmittedToIcuPercent>0</CasesAdmittedToIcuPercent>
      <CasesHospitalised>10</CasesHospitalised>
      <CasesHospitalisedPercent>2.49</CasesHospitalisedPercent>
      <Name>13To18</Name>
      <NumberOfCases>716</NumberOfCases>
    </HspcHospitalised>
    <HspcHospitalised>
      <CasesAdmittedToIcu>0</CasesAdmittedToIcu>
      <CasesAdmittedToIcuPercent>0</CasesAdmittedToIcuPercent>
      <CasesHospitalised>25</CasesHospitalised>
      <CasesHospitalisedPercent>6.22</CasesHospitalisedPercent>
      <Name>19To24</Name>
      <NumberOfCases>1643</NumberOfCases>
    </HspcHospitalised>
    <HspcHospitalised>
      <CasesAdmittedToIcu>0</CasesAdmittedToIcu>
      <CasesAdmittedToIcuPercent>0</CasesAdmittedToIcuPercent>
      <CasesHospitalised>31</CasesHospitalised>
      <CasesHospitalisedPercent>7.71</CasesHospitalisedPercent>
      <Name>25To34</Name>
      <NumberOfCases>2245</NumberOfCases>
    </HspcHospitalised>
    <HspcHospitalised>
      <CasesAdmittedToIcu>1</CasesAdmittedToIcu>
      <CasesAdmittedToIcuPercent>10.00</CasesAdmittedToIcuPercent>
      <CasesHospitalised>32</CasesHospitalised>
      <CasesHospitalisedPercent>7.96</CasesHospitalisedPercent>
      <Name>35To44</Name>
      <NumberOfCases>1857</NumberOfCases>
    </HspcHospitalised>
    <HspcHospitalised>
      <CasesAdmittedToIcu>1</CasesAdmittedToIcu>
      <CasesAdmittedToIcuPercent>10.00</CasesAdmittedToIcuPercent>
      <CasesHospitalised>46</CasesHospitalised>
      <CasesHospitalisedPercent>11.44</CasesHospitalisedPercent>
      <Name>45To54</Name>
      <NumberOfCases>1611</NumberOfCases>
    </HspcHospitalised>
    <HspcHospitalised>
      <CasesAdmittedToIcu>4</CasesAdmittedToIcu>
      <CasesAdmittedToIcuPercent>40.00</CasesAdmittedToIcuPercent>
      <CasesHospitalised>48</CasesHospitalised>
      <CasesHospitalisedPercent>11.94</CasesHospitalisedPercent>
      <Name>55To64</Name>
      <NumberOfCases>1286</NumberOfCases>
    </HspcHospitalised>
    <HspcHospitalised>
      <CasesAdmittedToIcu>1</CasesAdmittedToIcu>
      <CasesAdmittedToIcuPercent>10.00</CasesAdmittedToIcuPercent>
      <CasesHospitalised>58</CasesHospitalised>
      <CasesHospitalisedPercent>14.43</CasesHospitalisedPercent>
      <Name>65To74</Name>
      <NumberOfCases>598</NumberOfCases>
    </HspcHospitalised>
    <HspcHospitalised>
      <CasesAdmittedToIcu>3</CasesAdmittedToIcu>
      <CasesAdmittedToIcuPercent>30.00</CasesAdmittedToIcuPercent>
      <CasesHospitalised>84</CasesHospitalised>
      <CasesHospitalisedPercent>20.90</CasesHospitalisedPercent>
      <Name>75To84</Name>
      <NumberOfCases>361</NumberOfCases>
    </HspcHospitalised>
    <HspcHospitalised>
      <CasesAdmittedToIcu>0</CasesAdmittedToIcu>
      <CasesAdmittedToIcuPercent>0</CasesAdmittedToIcuPercent>
      <CasesHospitalised>58</CasesHospitalised>
      <CasesHospitalisedPercent>14.43</CasesHospitalisedPercent>
      <Name>85Plus</Name>
      <NumberOfCases>201</NumberOfCases>
    </HspcHospitalised>
    <HspcHospitalised>
      <CasesAdmittedToIcu>0</CasesAdmittedToIcu>
      <CasesAdmittedToIcuPercent>0</CasesAdmittedToIcuPercent>
      <CasesHospitalised>0</CasesHospitalised>
      <CasesHospitalisedPercent>0</CasesHospitalisedPercent>
      <Name>Unknown</Name>
      <NumberOfCases>2</NumberOfCases>
    </HspcHospitalised>
  </Hospitalised>
  <PreparedDate>2020-12-29T00:00:00</PreparedDate>
  <SexCharacteristics>
    <Female>
      <Absolute>5843</Absolute>
      <Percent>49.95</Percent>
    </Female>
    <Male>
      <Absolute>5803</Absolute>
      <Percent>49.61</Percent>
    </Male>
    <MaleFemaleRatio>0.99</MaleFemaleRatio>
    <Unknown>
      <Absolute>51</Absolute>
      <Percent>0.44</Percent>
    </Unknown>
  </SexCharacteristics>
  <SourceFileName>COVID-19_14 day epidemiology report_20201229_Website.pdf</SourceFileName>
  <SymptomStatusAtTimeOfTestCharacteristics>
    <No>
      <Absolute>1599</Absolute>
      <Percent>13.67</Percent>
    </No>
    <Unknown>
      <Absolute>5351</Absolute>
      <Percent>45.75</Percent>
    </Unknown>
    <Yes>
      <Absolute>4747</Absolute>
      <Percent>40.58</Percent>
    </Yes>
  </SymptomStatusAtTimeOfTestCharacteristics>
  <ToDate>2020-12-28T00:00:00</ToDate>
  <TotalConfirmedCases>
    <Absolute>11697</Absolute>
    <Percent>100</Percent>
  </TotalConfirmedCases>
  <UnderlyingConditionsCharacteristics>
    <No>
      <Absolute>4665</Absolute>
      <Percent>39.88</Percent>
    </No>
    <Unknown>
      <Absolute>5232</Absolute>
      <Percent>44.73</Percent>
    </Unknown>
    <Yes>
      <Absolute>1800</Absolute>
      <Percent>15.39</Percent>
    </Yes>
  </UnderlyingConditionsCharacteristics>
</HspcDailyEpidemiology>