﻿<?xml version="1.0" encoding="utf-8"?>
<HspcDailyEpidemiology xmlns:i="http://www.w3.org/2001/XMLSchema-instance" xmlns="http://schemas.datacontract.org/2004/07/CovidStats.DailyEpidemiology">
  <AgeCharacteristics>
    <Age0To4>
      <Absolute>59</Absolute>
      <Percent>3.53</Percent>
    </Age0To4>
    <Age13To18>
      <Absolute>0</Absolute>
      <Percent>0</Percent>
    </Age13To18>
    <Age19To24>
      <Absolute>0</Absolute>
      <Percent>0</Percent>
    </Age19To24>
    <Age25To34>
      <Absolute>318</Absolute>
      <Percent>19.02</Percent>
    </Age25To34>
    <Age35To44>
      <Absolute>271</Absolute>
      <Percent>16.21</Percent>
    </Age35To44>
    <Age45To54>
      <Absolute>224</Absolute>
      <Percent>13.4</Percent>
    </Age45To54>
    <Age55To64>
      <Absolute>132</Absolute>
      <Percent>7.89</Percent>
    </Age55To64>
    <Age5To12>
      <Absolute>0</Absolute>
      <Percent>0</Percent>
    </Age5To12>
    <Age65To74>
      <Absolute>67</Absolute>
      <Percent>4.01</Percent>
    </Age65To74>
    <Age75To84>
      <Absolute>53</Absolute>
      <Percent>3.17</Percent>
    </Age75To84>
    <Age85Plus>
      <Absolute>29</Absolute>
      <Percent>1.73</Percent>
    </Age85Plus>
    <AgeUnknown>
      <Absolute>3</Absolute>
      <Percent>0.18</Percent>
    </AgeUnknown>
    <MeanAge>36</MeanAge>
    <MedianAge>33</MedianAge>
  </AgeCharacteristics>
  <CCARates i:nil="true" />
  <CHORates>
    <HspcIncidence>
      <ConfirmedCases>92</ConfirmedCases>
      <IncidencePer100k>23.5</IncidencePer100k>
      <Name>CHO1</Name>
    </HspcIncidence>
    <HspcIncidence>
      <ConfirmedCases>48</ConfirmedCases>
      <IncidencePer100k>10.6</IncidencePer100k>
      <Name>CHO2</Name>
    </HspcIncidence>
    <HspcIncidence>
      <ConfirmedCases>157</ConfirmedCases>
      <IncidencePer100k>40.8</IncidencePer100k>
      <Name>CHO3</Name>
    </HspcIncidence>
    <HspcIncidence>
      <ConfirmedCases>64</ConfirmedCases>
      <IncidencePer100k>9.3</IncidencePer100k>
      <Name>CHO4</Name>
    </HspcIncidence>
    <HspcIncidence>
      <ConfirmedCases>203</ConfirmedCases>
      <IncidencePer100k>39.8</IncidencePer100k>
      <Name>CHO5</Name>
    </HspcIncidence>
    <HspcIncidence>
      <ConfirmedCases>162</ConfirmedCases>
      <IncidencePer100k>42.3</IncidencePer100k>
      <Name>CHO6</Name>
    </HspcIncidence>
    <HspcIncidence>
      <ConfirmedCases>447</ConfirmedCases>
      <IncidencePer100k>63.2</IncidencePer100k>
      <Name>CHO7</Name>
    </HspcIncidence>
    <HspcIncidence>
      <ConfirmedCases>157</ConfirmedCases>
      <IncidencePer100k>25.4</IncidencePer100k>
      <Name>CHO8</Name>
    </HspcIncidence>
    <HspcIncidence>
      <ConfirmedCases>342</ConfirmedCases>
      <IncidencePer100k>55.0</IncidencePer100k>
      <Name>CHO9</Name>
    </HspcIncidence>
  </CHORates>
  <CountyRates>
    <HspcIncidence>
      <ConfirmedCases>30</ConfirmedCases>
      <IncidencePer100k>52.694442492798426192650880000</IncidencePer100k>
      <Name>Carlow</Name>
    </HspcIncidence>
    <HspcIncidence>
      <ConfirmedCases>18</ConfirmedCases>
      <IncidencePer100k>23.629489603024574669187150000</IncidencePer100k>
      <Name>Cavan</Name>
    </HspcIncidence>
    <HspcIncidence>
      <ConfirmedCases>33</ConfirmedCases>
      <IncidencePer100k>27.773803411969667640152500000</IncidencePer100k>
      <Name>Clare</Name>
    </HspcIncidence>
    <HspcIncidence>
      <ConfirmedCases>46</ConfirmedCases>
      <IncidencePer100k>8.473514740231511159250500000</IncidencePer100k>
      <Name>Cork</Name>
    </HspcIncidence>
    <HspcIncidence>
      <ConfirmedCases>31</ConfirmedCases>
      <IncidencePer100k>19.473340368862756922458410000</IncidencePer100k>
      <Name>Donegal</Name>
    </HspcIncidence>
    <HspcIncidence>
      <ConfirmedCases>791</ConfirmedCases>
      <IncidencePer100k>58.792836639160637489761420000</IncidencePer100k>
      <Name>Dublin</Name>
    </HspcIncidence>
    <HspcIncidence>
      <ConfirmedCases>30</ConfirmedCases>
      <IncidencePer100k>11.625293538661851211743100000</IncidencePer100k>
      <Name>Galway</Name>
    </HspcIncidence>
    <HspcIncidence>
      <ConfirmedCases>18</ConfirmedCases>
      <IncidencePer100k>12.186287718253027953989990000</IncidencePer100k>
      <Name>Kerry</Name>
    </HspcIncidence>
    <HspcIncidence>
      <ConfirmedCases>131</ConfirmedCases>
      <IncidencePer100k>58.875346061194405493833820000</IncidencePer100k>
      <Name>Kildare</Name>
    </HspcIncidence>
    <HspcIncidence>
      <ConfirmedCases>24</ConfirmedCases>
      <IncidencePer100k>24.185746533376330216059340000</IncidencePer100k>
      <Name>Kilkenny</Name>
    </HspcIncidence>
    <HspcIncidence>
      <ConfirmedCases>21</ConfirmedCases>
      <IncidencePer100k>24.794266621013731300990590000</IncidencePer100k>
      <Name>Laois</Name>
    </HspcIncidence>
    <HspcIncidence>
      <ConfirmedCases>16</ConfirmedCases>
      <IncidencePer100k>49.931344401448008987641990000</IncidencePer100k>
      <Name>Leitrim</Name>
    </HspcIncidence>
    <HspcIncidence>
      <ConfirmedCases>116</ConfirmedCases>
      <IncidencePer100k>59.518006762476975253849430000</IncidencePer100k>
      <Name>Limerick</Name>
    </HspcIncidence>
    <HspcIncidence>
      <ConfirmedCases>16</ConfirmedCases>
      <IncidencePer100k>39.145646270153891321899540000</IncidencePer100k>
      <Name>Longford</Name>
    </HspcIncidence>
    <HspcIncidence>
      <ConfirmedCases>25</ConfirmedCases>
      <IncidencePer100k>19.397287483318332764346230000</IncidencePer100k>
      <Name>Louth</Name>
    </HspcIncidence>
    <HspcIncidence>
      <ConfirmedCases>6</ConfirmedCases>
      <IncidencePer100k>4.5974545426682093680798700000</IncidencePer100k>
      <Name>Mayo</Name>
    </HspcIncidence>
    <HspcIncidence>
      <ConfirmedCases>42</ConfirmedCases>
      <IncidencePer100k>21.533602674268370213900450000</IncidencePer100k>
      <Name>Meath</Name>
    </HspcIncidence>
    <HspcIncidence>
      <ConfirmedCases>25</ConfirmedCases>
      <IncidencePer100k>40.725898413318997817091850000</IncidencePer100k>
      <Name>Monaghan</Name>
    </HspcIncidence>
    <HspcIncidence>
      <ConfirmedCases>29</ConfirmedCases>
      <IncidencePer100k>37.198086222598478726542760000</IncidencePer100k>
      <Name>Offaly</Name>
    </HspcIncidence>
    <HspcIncidence>
      <ConfirmedCases>12</ConfirmedCases>
      <IncidencePer100k>18.591968269707486365889940000</IncidencePer100k>
      <Name>Roscommon</Name>
    </HspcIncidence>
    <HspcIncidence>
      <ConfirmedCases>0</ConfirmedCases>
      <IncidencePer100k>0</IncidencePer100k>
      <Name>Sligo</Name>
    </HspcIncidence>
    <HspcIncidence>
      <ConfirmedCases>92</ConfirmedCases>
      <IncidencePer100k>57.661090672065081822341170000</IncidencePer100k>
      <Name>Tipperary</Name>
    </HspcIncidence>
    <HspcIncidence>
      <ConfirmedCases>30</ConfirmedCases>
      <IncidencePer100k>25.82288940917229031813800000</IncidencePer100k>
      <Name>Waterford</Name>
    </HspcIncidence>
    <HspcIncidence>
      <ConfirmedCases>14</ConfirmedCases>
      <IncidencePer100k>15.771093838008336149600090000</IncidencePer100k>
      <Name>Westmeath</Name>
    </HspcIncidence>
    <HspcIncidence>
      <ConfirmedCases>45</ConfirmedCases>
      <IncidencePer100k>30.055703236665286330666170000</IncidencePer100k>
      <Name>Wexford</Name>
    </HspcIncidence>
    <HspcIncidence>
      <ConfirmedCases>29</ConfirmedCases>
      <IncidencePer100k>20.361593821309461119887660000</IncidencePer100k>
      <Name>Wicklow</Name>
    </HspcIncidence>
  </CountyRates>
  <FromDate>2020-08-24T00:00:00</FromDate>
  <Hospitalised i:nil="true" />
  <PreparedDate>2020-09-07T00:00:00</PreparedDate>
  <SexCharacteristics>
    <Female>
      <Absolute>831</Absolute>
      <Percent>49.7</Percent>
    </Female>
    <Male>
      <Absolute>837</Absolute>
      <Percent>50.06</Percent>
    </Male>
    <MaleFemaleRatio>1.01</MaleFemaleRatio>
    <Unknown>
      <Absolute>4</Absolute>
      <Percent>0.24</Percent>
    </Unknown>
  </SexCharacteristics>
  <SourceFileName>COVID-19_14_day_epidemiology_report_07092020 - website v3.pdf</SourceFileName>
  <SymptomStatusAtTimeOfTestCharacteristics>
    <No i:nil="true" />
    <Unknown i:nil="true" />
    <Yes i:nil="true" />
  </SymptomStatusAtTimeOfTestCharacteristics>
  <ToDate>2020-09-06T00:00:00</ToDate>
  <TotalConfirmedCases>
    <Absolute>1672</Absolute>
    <Percent>100</Percent>
  </TotalConfirmedCases>
  <UnderlyingConditionsCharacteristics>
    <No>
      <Absolute>1039</Absolute>
      <Percent>62.14</Percent>
    </No>
    <Unknown>
      <Absolute>188</Absolute>
      <Percent>11.24</Percent>
    </Unknown>
    <Yes>
      <Absolute>445</Absolute>
      <Percent>26.61</Percent>
    </Yes>
  </UnderlyingConditionsCharacteristics>
</HspcDailyEpidemiology>