﻿<?xml version="1.0" encoding="utf-8"?>
<HspcDailyEpidemiology xmlns:i="http://www.w3.org/2001/XMLSchema-instance" xmlns="http://schemas.datacontract.org/2004/07/CovidStats.DailyEpidemiology">
  <AgeCharacteristics>
    <Age0To4>
      <Absolute>115</Absolute>
      <Percent>2.99</Percent>
    </Age0To4>
    <Age13To18>
      <Absolute>0</Absolute>
      <Percent>0</Percent>
    </Age13To18>
    <Age19To24>
      <Absolute>0</Absolute>
      <Percent>0</Percent>
    </Age19To24>
    <Age25To34>
      <Absolute>662</Absolute>
      <Percent>17.22</Percent>
    </Age25To34>
    <Age35To44>
      <Absolute>551</Absolute>
      <Percent>14.33</Percent>
    </Age35To44>
    <Age45To54>
      <Absolute>527</Absolute>
      <Percent>13.71</Percent>
    </Age45To54>
    <Age55To64>
      <Absolute>370</Absolute>
      <Percent>9.62</Percent>
    </Age55To64>
    <Age5To12>
      <Absolute>0</Absolute>
      <Percent>0</Percent>
    </Age5To12>
    <Age65To74>
      <Absolute>237</Absolute>
      <Percent>6.16</Percent>
    </Age65To74>
    <Age75To84>
      <Absolute>101</Absolute>
      <Percent>2.63</Percent>
    </Age75To84>
    <Age85Plus>
      <Absolute>38</Absolute>
      <Percent>0.99</Percent>
    </Age85Plus>
    <AgeUnknown>
      <Absolute>2</Absolute>
      <Percent>0.05</Percent>
    </AgeUnknown>
    <MeanAge>36</MeanAge>
    <MedianAge>33</MedianAge>
  </AgeCharacteristics>
  <CCARates />
  <CHORates i:nil="true" />
  <CountyRates i:nil="true" />
  <FromDate>2020-09-12T00:00:00</FromDate>
  <Hospitalised>
    <HspcHospitalised>
      <CasesAdmittedToIcu>0</CasesAdmittedToIcu>
      <CasesAdmittedToIcuPercent>0</CasesAdmittedToIcuPercent>
      <CasesHospitalised>2</CasesHospitalised>
      <CasesHospitalisedPercent>1.71</CasesHospitalisedPercent>
      <Name>0To4</Name>
      <NumberOfCases>115</NumberOfCases>
    </HspcHospitalised>
    <HspcHospitalised>
      <CasesAdmittedToIcu>0</CasesAdmittedToIcu>
      <CasesAdmittedToIcuPercent>0</CasesAdmittedToIcuPercent>
      <CasesHospitalised>1</CasesHospitalised>
      <CasesHospitalisedPercent>0.85</CasesHospitalisedPercent>
      <Name>5To14</Name>
      <NumberOfCases>316</NumberOfCases>
    </HspcHospitalised>
    <HspcHospitalised>
      <CasesAdmittedToIcu>0</CasesAdmittedToIcu>
      <CasesAdmittedToIcuPercent>0</CasesAdmittedToIcuPercent>
      <CasesHospitalised>7</CasesHospitalised>
      <CasesHospitalisedPercent>5.98</CasesHospitalisedPercent>
      <Name>15To24</Name>
      <NumberOfCases>926</NumberOfCases>
    </HspcHospitalised>
    <HspcHospitalised>
      <CasesAdmittedToIcu>0</CasesAdmittedToIcu>
      <CasesAdmittedToIcuPercent>0</CasesAdmittedToIcuPercent>
      <CasesHospitalised>6</CasesHospitalised>
      <CasesHospitalisedPercent>5.13</CasesHospitalisedPercent>
      <Name>25To34</Name>
      <NumberOfCases>662</NumberOfCases>
    </HspcHospitalised>
    <HspcHospitalised>
      <CasesAdmittedToIcu>4</CasesAdmittedToIcu>
      <CasesAdmittedToIcuPercent>30.77</CasesAdmittedToIcuPercent>
      <CasesHospitalised>10</CasesHospitalised>
      <CasesHospitalisedPercent>8.55</CasesHospitalisedPercent>
      <Name>35To44</Name>
      <NumberOfCases>551</NumberOfCases>
    </HspcHospitalised>
    <HspcHospitalised>
      <CasesAdmittedToIcu>2</CasesAdmittedToIcu>
      <CasesAdmittedToIcuPercent>15.38</CasesAdmittedToIcuPercent>
      <CasesHospitalised>17</CasesHospitalised>
      <CasesHospitalisedPercent>14.53</CasesHospitalisedPercent>
      <Name>45To54</Name>
      <NumberOfCases>527</NumberOfCases>
    </HspcHospitalised>
    <HspcHospitalised>
      <CasesAdmittedToIcu>5</CasesAdmittedToIcu>
      <CasesAdmittedToIcuPercent>38.46</CasesAdmittedToIcuPercent>
      <CasesHospitalised>22</CasesHospitalised>
      <CasesHospitalisedPercent>18.8</CasesHospitalisedPercent>
      <Name>55To64</Name>
      <NumberOfCases>370</NumberOfCases>
    </HspcHospitalised>
    <HspcHospitalised>
      <CasesAdmittedToIcu>2</CasesAdmittedToIcu>
      <CasesAdmittedToIcuPercent>15.38</CasesAdmittedToIcuPercent>
      <CasesHospitalised>26</CasesHospitalised>
      <CasesHospitalisedPercent>22.22</CasesHospitalisedPercent>
      <Name>65To74</Name>
      <NumberOfCases>237</NumberOfCases>
    </HspcHospitalised>
    <HspcHospitalised>
      <CasesAdmittedToIcu>0</CasesAdmittedToIcu>
      <CasesAdmittedToIcuPercent>0</CasesAdmittedToIcuPercent>
      <CasesHospitalised>17</CasesHospitalised>
      <CasesHospitalisedPercent>14.53</CasesHospitalisedPercent>
      <Name>75To84</Name>
      <NumberOfCases>101</NumberOfCases>
    </HspcHospitalised>
    <HspcHospitalised>
      <CasesAdmittedToIcu>0</CasesAdmittedToIcu>
      <CasesAdmittedToIcuPercent>0</CasesAdmittedToIcuPercent>
      <CasesHospitalised>9</CasesHospitalised>
      <CasesHospitalisedPercent>7.69</CasesHospitalisedPercent>
      <Name>85Plus</Name>
      <NumberOfCases>38</NumberOfCases>
    </HspcHospitalised>
    <HspcHospitalised>
      <CasesAdmittedToIcu>0</CasesAdmittedToIcu>
      <CasesAdmittedToIcuPercent>0</CasesAdmittedToIcuPercent>
      <CasesHospitalised>0</CasesHospitalised>
      <CasesHospitalisedPercent>0</CasesHospitalisedPercent>
      <Name>Unknown</Name>
      <NumberOfCases>2</NumberOfCases>
    </HspcHospitalised>
  </Hospitalised>
  <PreparedDate>2020-09-26T00:00:00</PreparedDate>
  <SexCharacteristics>
    <Female>
      <Absolute>1922</Absolute>
      <Percent>49.99</Percent>
    </Female>
    <Male>
      <Absolute>1921</Absolute>
      <Percent>49.96</Percent>
    </Male>
    <MaleFemaleRatio>1</MaleFemaleRatio>
    <Unknown>
      <Absolute>2</Absolute>
      <Percent>0.05</Percent>
    </Unknown>
  </SexCharacteristics>
  <SourceFileName>COVID-19_14_day_epidemiology_report_Website_26092020.pdf</SourceFileName>
  <SymptomStatusAtTimeOfTestCharacteristics>
    <No i:nil="true" />
    <Unknown i:nil="true" />
    <Yes i:nil="true" />
  </SymptomStatusAtTimeOfTestCharacteristics>
  <ToDate>2020-09-25T00:00:00</ToDate>
  <TotalConfirmedCases>
    <Absolute>3845</Absolute>
    <Percent>100</Percent>
  </TotalConfirmedCases>
  <UnderlyingConditionsCharacteristics>
    <No>
      <Absolute>2342</Absolute>
      <Percent>60.91</Percent>
    </No>
    <Unknown>
      <Absolute>456</Absolute>
      <Percent>11.86</Percent>
    </Unknown>
    <Yes>
      <Absolute>1047</Absolute>
      <Percent>27.23</Percent>
    </Yes>
  </UnderlyingConditionsCharacteristics>
</HspcDailyEpidemiology>