﻿<?xml version="1.0" encoding="utf-8"?>
<HspcDailyEpidemiology xmlns:i="http://www.w3.org/2001/XMLSchema-instance" xmlns="http://schemas.datacontract.org/2004/07/CovidStats.DailyEpidemiology">
  <AgeCharacteristics>
    <Age0To4>
      <Absolute>174</Absolute>
      <Percent>4.1</Percent>
    </Age0To4>
    <Age13To18>
      <Absolute>398</Absolute>
      <Percent>9.37</Percent>
    </Age13To18>
    <Age19To24>
      <Absolute>547</Absolute>
      <Percent>12.88</Percent>
    </Age19To24>
    <Age25To34>
      <Absolute>634</Absolute>
      <Percent>14.92</Percent>
    </Age25To34>
    <Age35To44>
      <Absolute>677</Absolute>
      <Percent>15.94</Percent>
    </Age35To44>
    <Age45To54>
      <Absolute>580</Absolute>
      <Percent>13.65</Percent>
    </Age45To54>
    <Age55To64>
      <Absolute>357</Absolute>
      <Percent>8.4</Percent>
    </Age55To64>
    <Age5To12>
      <Absolute>375</Absolute>
      <Percent>8.83</Percent>
    </Age5To12>
    <Age65To74>
      <Absolute>213</Absolute>
      <Percent>5.01</Percent>
    </Age65To74>
    <Age75To84>
      <Absolute>177</Absolute>
      <Percent>4.17</Percent>
    </Age75To84>
    <Age85Plus>
      <Absolute>114</Absolute>
      <Percent>2.68</Percent>
    </Age85Plus>
    <AgeUnknown>
      <Absolute>2</Absolute>
      <Percent>0.05</Percent>
    </AgeUnknown>
    <MeanAge>37</MeanAge>
    <MedianAge>34</MedianAge>
  </AgeCharacteristics>
  <CCARates>
    <HspcIncidence>
      <ConfirmedCases>96</ConfirmedCases>
      <IncidencePer100k>70.5</IncidencePer100k>
      <Name>DublinSouth</Name>
    </HspcIncidence>
    <HspcIncidence>
      <ConfirmedCases>192</ConfirmedCases>
      <IncidencePer100k>155.2</IncidencePer100k>
      <Name>DublinSouthEast</Name>
    </HspcIncidence>
    <HspcIncidence>
      <ConfirmedCases>98</ConfirmedCases>
      <IncidencePer100k>65.4</IncidencePer100k>
      <Name>DublinSouthCity</Name>
    </HspcIncidence>
    <HspcIncidence>
      <ConfirmedCases>165</ConfirmedCases>
      <IncidencePer100k>102.5</IncidencePer100k>
      <Name>DublinSouthWest</Name>
    </HspcIncidence>
    <HspcIncidence>
      <ConfirmedCases>143</ConfirmedCases>
      <IncidencePer100k>92.1</IncidencePer100k>
      <Name>DublinWest</Name>
    </HspcIncidence>
    <HspcIncidence>
      <ConfirmedCases>246</ConfirmedCases>
      <IncidencePer100k>118.5</IncidencePer100k>
      <Name>DublinNorthWest</Name>
    </HspcIncidence>
    <HspcIncidence>
      <ConfirmedCases>277</ConfirmedCases>
      <IncidencePer100k>179.2</IncidencePer100k>
      <Name>DublinNorthCentral</Name>
    </HspcIncidence>
    <HspcIncidence>
      <ConfirmedCases>192</ConfirmedCases>
      <IncidencePer100k>74.1</IncidencePer100k>
      <Name>DublinNorth</Name>
    </HspcIncidence>
  </CCARates>
  <CHORates>
    <HspcIncidence>
      <ConfirmedCases>504</ConfirmedCases>
      <IncidencePer100k>128.8</IncidencePer100k>
      <Name>CHO1</Name>
    </HspcIncidence>
    <HspcIncidence>
      <ConfirmedCases>300</ConfirmedCases>
      <IncidencePer100k>66.2</IncidencePer100k>
      <Name>CHO2</Name>
    </HspcIncidence>
    <HspcIncidence>
      <ConfirmedCases>380</ConfirmedCases>
      <IncidencePer100k>98.7</IncidencePer100k>
      <Name>CHO3</Name>
    </HspcIncidence>
    <HspcIncidence>
      <ConfirmedCases>435</ConfirmedCases>
      <IncidencePer100k>63.0</IncidencePer100k>
      <Name>CHO4</Name>
    </HspcIncidence>
    <HspcIncidence>
      <ConfirmedCases>399</ConfirmedCases>
      <IncidencePer100k>78.2</IncidencePer100k>
      <Name>CHO5</Name>
    </HspcIncidence>
    <HspcIncidence>
      <ConfirmedCases>422</ConfirmedCases>
      <IncidencePer100k>110.1</IncidencePer100k>
      <Name>CHO6</Name>
    </HspcIncidence>
    <HspcIncidence>
      <ConfirmedCases>544</ConfirmedCases>
      <IncidencePer100k>76.9</IncidencePer100k>
      <Name>CHO7</Name>
    </HspcIncidence>
    <HspcIncidence>
      <ConfirmedCases>549</ConfirmedCases>
      <IncidencePer100k>88.7</IncidencePer100k>
      <Name>CHO8</Name>
    </HspcIncidence>
    <HspcIncidence>
      <ConfirmedCases>715</ConfirmedCases>
      <IncidencePer100k>115.1</IncidencePer100k>
      <Name>CHO9</Name>
    </HspcIncidence>
  </CHORates>
  <CountyRates>
    <HspcIncidence>
      <ConfirmedCases>356</ConfirmedCases>
      <IncidencePer100k>223.6</IncidencePer100k>
      <Name>Donegal</Name>
    </HspcIncidence>
    <HspcIncidence>
      <ConfirmedCases>231</ConfirmedCases>
      <IncidencePer100k>179.2</IncidencePer100k>
      <Name>Louth</Name>
    </HspcIncidence>
    <HspcIncidence>
      <ConfirmedCases>278</ConfirmedCases>
      <IncidencePer100k>142.6</IncidencePer100k>
      <Name>Limerick</Name>
    </HspcIncidence>
    <HspcIncidence>
      <ConfirmedCases>131</ConfirmedCases>
      <IncidencePer100k>132.0</IncidencePer100k>
      <Name>Kilkenny</Name>
    </HspcIncidence>
    <HspcIncidence>
      <ConfirmedCases>1409</ConfirmedCases>
      <IncidencePer100k>104.6</IncidencePer100k>
      <Name>Dublin</Name>
    </HspcIncidence>
    <HspcIncidence>
      <ConfirmedCases>61</ConfirmedCases>
      <IncidencePer100k>99.4</IncidencePer100k>
      <Name>Monaghan</Name>
    </HspcIncidence>
    <HspcIncidence>
      <ConfirmedCases>62</ConfirmedCases>
      <IncidencePer100k>96.1</IncidencePer100k>
      <Name>Roscommon</Name>
    </HspcIncidence>
    <HspcIncidence>
      <ConfirmedCases>136</ConfirmedCases>
      <IncidencePer100k>95.5</IncidencePer100k>
      <Name>Wicklow</Name>
    </HspcIncidence>
    <HspcIncidence>
      <ConfirmedCases>101</ConfirmedCases>
      <IncidencePer100k>86.9</IncidencePer100k>
      <Name>Waterford</Name>
    </HspcIncidence>
    <HspcIncidence>
      <ConfirmedCases>35</ConfirmedCases>
      <IncidencePer100k>85.6</IncidencePer100k>
      <Name>Longford</Name>
    </HspcIncidence>
    <HspcIncidence>
      <ConfirmedCases>110</ConfirmedCases>
      <IncidencePer100k>84.3</IncidencePer100k>
      <Name>Mayo</Name>
    </HspcIncidence>
    <HspcIncidence>
      <ConfirmedCases>161</ConfirmedCases>
      <IncidencePer100k>82.5</IncidencePer100k>
      <Name>Meath</Name>
    </HspcIncidence>
    <HspcIncidence>
      <ConfirmedCases>129</ConfirmedCases>
      <IncidencePer100k>80.9</IncidencePer100k>
      <Name>Tipperary</Name>
    </HspcIncidence>
    <HspcIncidence>
      <ConfirmedCases>44</ConfirmedCases>
      <IncidencePer100k>77.3</IncidencePer100k>
      <Name>Carlow</Name>
    </HspcIncidence>
    <HspcIncidence>
      <ConfirmedCases>370</ConfirmedCases>
      <IncidencePer100k>68.2</IncidencePer100k>
      <Name>Cork</Name>
    </HspcIncidence>
    <HspcIncidence>
      <ConfirmedCases>136</ConfirmedCases>
      <IncidencePer100k>61.1</IncidencePer100k>
      <Name>Kildare</Name>
    </HspcIncidence>
    <HspcIncidence>
      <ConfirmedCases>46</ConfirmedCases>
      <IncidencePer100k>60.4</IncidencePer100k>
      <Name>Cavan</Name>
    </HspcIncidence>
    <HspcIncidence>
      <ConfirmedCases>37</ConfirmedCases>
      <IncidencePer100k>56.5</IncidencePer100k>
      <Name>Sligo</Name>
    </HspcIncidence>
    <HspcIncidence>
      <ConfirmedCases>44</ConfirmedCases>
      <IncidencePer100k>51.9</IncidencePer100k>
      <Name>Laois</Name>
    </HspcIncidence>
    <HspcIncidence>
      <ConfirmedCases>61</ConfirmedCases>
      <IncidencePer100k>51.3</IncidencePer100k>
      <Name>Clare</Name>
    </HspcIncidence>
    <HspcIncidence>
      <ConfirmedCases>40</ConfirmedCases>
      <IncidencePer100k>51.3</IncidencePer100k>
      <Name>Offaly</Name>
    </HspcIncidence>
    <HspcIncidence>
      <ConfirmedCases>128</ConfirmedCases>
      <IncidencePer100k>49.6</IncidencePer100k>
      <Name>Galway</Name>
    </HspcIncidence>
    <HspcIncidence>
      <ConfirmedCases>65</ConfirmedCases>
      <IncidencePer100k>44.0</IncidencePer100k>
      <Name>Kerry</Name>
    </HspcIncidence>
    <HspcIncidence>
      <ConfirmedCases>36</ConfirmedCases>
      <IncidencePer100k>40.6</IncidencePer100k>
      <Name>Westmeath</Name>
    </HspcIncidence>
    <HspcIncidence>
      <ConfirmedCases>37</ConfirmedCases>
      <IncidencePer100k>24.7</IncidencePer100k>
      <Name>Wexford</Name>
    </HspcIncidence>
    <HspcIncidence>
      <ConfirmedCases>4</ConfirmedCases>
      <IncidencePer100k>12.5</IncidencePer100k>
      <Name>Leitrim</Name>
    </HspcIncidence>
  </CountyRates>
  <FromDate>2020-11-16T00:00:00</FromDate>
  <Hospitalised>
    <HspcHospitalised>
      <CasesAdmittedToIcu>0</CasesAdmittedToIcu>
      <CasesAdmittedToIcuPercent>0</CasesAdmittedToIcuPercent>
      <CasesHospitalised>3</CasesHospitalised>
      <CasesHospitalisedPercent>1.06</CasesHospitalisedPercent>
      <Name>0To4</Name>
      <NumberOfCases>174</NumberOfCases>
    </HspcHospitalised>
    <HspcHospitalised>
      <CasesAdmittedToIcu>0</CasesAdmittedToIcu>
      <CasesAdmittedToIcuPercent>0</CasesAdmittedToIcuPercent>
      <CasesHospitalised>2</CasesHospitalised>
      <CasesHospitalisedPercent>0.7</CasesHospitalisedPercent>
      <Name>5To12</Name>
      <NumberOfCases>375</NumberOfCases>
    </HspcHospitalised>
    <HspcHospitalised>
      <CasesAdmittedToIcu>0</CasesAdmittedToIcu>
      <CasesAdmittedToIcuPercent>0</CasesAdmittedToIcuPercent>
      <CasesHospitalised>5</CasesHospitalised>
      <CasesHospitalisedPercent>1.76</CasesHospitalisedPercent>
      <Name>13To18</Name>
      <NumberOfCases>398</NumberOfCases>
    </HspcHospitalised>
    <HspcHospitalised>
      <CasesAdmittedToIcu>0</CasesAdmittedToIcu>
      <CasesAdmittedToIcuPercent>0</CasesAdmittedToIcuPercent>
      <CasesHospitalised>8</CasesHospitalised>
      <CasesHospitalisedPercent>2.82</CasesHospitalisedPercent>
      <Name>19To24</Name>
      <NumberOfCases>547</NumberOfCases>
    </HspcHospitalised>
    <HspcHospitalised>
      <CasesAdmittedToIcu>0</CasesAdmittedToIcu>
      <CasesAdmittedToIcuPercent>0</CasesAdmittedToIcuPercent>
      <CasesHospitalised>18</CasesHospitalised>
      <CasesHospitalisedPercent>6.34</CasesHospitalisedPercent>
      <Name>25To34</Name>
      <NumberOfCases>634</NumberOfCases>
    </HspcHospitalised>
    <HspcHospitalised>
      <CasesAdmittedToIcu>2</CasesAdmittedToIcu>
      <CasesAdmittedToIcuPercent>20</CasesAdmittedToIcuPercent>
      <CasesHospitalised>22</CasesHospitalised>
      <CasesHospitalisedPercent>7.75</CasesHospitalisedPercent>
      <Name>35To44</Name>
      <NumberOfCases>677</NumberOfCases>
    </HspcHospitalised>
    <HspcHospitalised>
      <CasesAdmittedToIcu>1</CasesAdmittedToIcu>
      <CasesAdmittedToIcuPercent>10</CasesAdmittedToIcuPercent>
      <CasesHospitalised>27</CasesHospitalised>
      <CasesHospitalisedPercent>9.51</CasesHospitalisedPercent>
      <Name>45To54</Name>
      <NumberOfCases>580</NumberOfCases>
    </HspcHospitalised>
    <HspcHospitalised>
      <CasesAdmittedToIcu>3</CasesAdmittedToIcu>
      <CasesAdmittedToIcuPercent>30</CasesAdmittedToIcuPercent>
      <CasesHospitalised>29</CasesHospitalised>
      <CasesHospitalisedPercent>10.21</CasesHospitalisedPercent>
      <Name>55To64</Name>
      <NumberOfCases>357</NumberOfCases>
    </HspcHospitalised>
    <HspcHospitalised>
      <CasesAdmittedToIcu>0</CasesAdmittedToIcu>
      <CasesAdmittedToIcuPercent>0</CasesAdmittedToIcuPercent>
      <CasesHospitalised>45</CasesHospitalised>
      <CasesHospitalisedPercent>15.85</CasesHospitalisedPercent>
      <Name>65To74</Name>
      <NumberOfCases>213</NumberOfCases>
    </HspcHospitalised>
    <HspcHospitalised>
      <CasesAdmittedToIcu>4</CasesAdmittedToIcu>
      <CasesAdmittedToIcuPercent>40</CasesAdmittedToIcuPercent>
      <CasesHospitalised>76</CasesHospitalised>
      <CasesHospitalisedPercent>26.76</CasesHospitalisedPercent>
      <Name>75To84</Name>
      <NumberOfCases>177</NumberOfCases>
    </HspcHospitalised>
    <HspcHospitalised>
      <CasesAdmittedToIcu>0</CasesAdmittedToIcu>
      <CasesAdmittedToIcuPercent>0</CasesAdmittedToIcuPercent>
      <CasesHospitalised>49</CasesHospitalised>
      <CasesHospitalisedPercent>17.25</CasesHospitalisedPercent>
      <Name>85Plus</Name>
      <NumberOfCases>114</NumberOfCases>
    </HspcHospitalised>
    <HspcHospitalised>
      <CasesAdmittedToIcu>0</CasesAdmittedToIcu>
      <CasesAdmittedToIcuPercent>0</CasesAdmittedToIcuPercent>
      <CasesHospitalised>0</CasesHospitalised>
      <CasesHospitalisedPercent>0</CasesHospitalisedPercent>
      <Name>Unknown</Name>
      <NumberOfCases>2</NumberOfCases>
    </HspcHospitalised>
  </Hospitalised>
  <PreparedDate>2020-11-30T00:00:00</PreparedDate>
  <SexCharacteristics>
    <Female>
      <Absolute>2165</Absolute>
      <Percent>50.97</Percent>
    </Female>
    <Male>
      <Absolute>2069</Absolute>
      <Percent>48.71</Percent>
    </Male>
    <MaleFemaleRatio>0.96</MaleFemaleRatio>
    <Unknown>
      <Absolute>14</Absolute>
      <Percent>0.33</Percent>
    </Unknown>
  </SexCharacteristics>
  <SourceFileName>COVID-19_14_day_epidemiology_report_20201130_website.pdf</SourceFileName>
  <SymptomStatusAtTimeOfTestCharacteristics>
    <No>
      <Absolute>1101</Absolute>
      <Percent>25.92</Percent>
    </No>
    <Unknown>
      <Absolute>615</Absolute>
      <Percent>14.48</Percent>
    </Unknown>
    <Yes>
      <Absolute>2532</Absolute>
      <Percent>59.6</Percent>
    </Yes>
  </SymptomStatusAtTimeOfTestCharacteristics>
  <ToDate>2020-11-29T00:00:00</ToDate>
  <TotalConfirmedCases>
    <Absolute>4248</Absolute>
    <Percent>100</Percent>
  </TotalConfirmedCases>
  <UnderlyingConditionsCharacteristics>
    <No>
      <Absolute>2635</Absolute>
      <Percent>62.03</Percent>
    </No>
    <Unknown>
      <Absolute>512</Absolute>
      <Percent>12.05</Percent>
    </Unknown>
    <Yes>
      <Absolute>1101</Absolute>
      <Percent>25.92</Percent>
    </Yes>
  </UnderlyingConditionsCharacteristics>
</HspcDailyEpidemiology>