﻿<?xml version="1.0" encoding="utf-8"?>
<HspcDailyEpidemiology xmlns:i="http://www.w3.org/2001/XMLSchema-instance" xmlns="http://schemas.datacontract.org/2004/07/CovidStats.DailyEpidemiology">
  <AgeCharacteristics>
    <Age0To4>
      <Absolute>196</Absolute>
      <Percent>4.02</Percent>
    </Age0To4>
    <Age13To18>
      <Absolute>357</Absolute>
      <Percent>7.32</Percent>
    </Age13To18>
    <Age19To24>
      <Absolute>455</Absolute>
      <Percent>9.33</Percent>
    </Age19To24>
    <Age25To34>
      <Absolute>839</Absolute>
      <Percent>17.21</Percent>
    </Age25To34>
    <Age35To44>
      <Absolute>779</Absolute>
      <Percent>15.98</Percent>
    </Age35To44>
    <Age45To54>
      <Absolute>716</Absolute>
      <Percent>14.69</Percent>
    </Age45To54>
    <Age55To64>
      <Absolute>518</Absolute>
      <Percent>10.63</Percent>
    </Age55To64>
    <Age5To12>
      <Absolute>473</Absolute>
      <Percent>9.7</Percent>
    </Age5To12>
    <Age65To74>
      <Absolute>241</Absolute>
      <Percent>4.94</Percent>
    </Age65To74>
    <Age75To84>
      <Absolute>176</Absolute>
      <Percent>3.61</Percent>
    </Age75To84>
    <Age85Plus>
      <Absolute>125</Absolute>
      <Percent>2.56</Percent>
    </Age85Plus>
    <AgeUnknown>
      <Absolute>0</Absolute>
      <Percent>0</Percent>
    </AgeUnknown>
    <MeanAge>38</MeanAge>
    <MedianAge>36</MedianAge>
  </AgeCharacteristics>
  <CCARates>
    <HspcIncidence>
      <ConfirmedCases>92</ConfirmedCases>
      <IncidencePer100k>67.6</IncidencePer100k>
      <Name>DublinSouth</Name>
    </HspcIncidence>
    <HspcIncidence>
      <ConfirmedCases>247</ConfirmedCases>
      <IncidencePer100k>199.7</IncidencePer100k>
      <Name>DublinSouthEast</Name>
    </HspcIncidence>
    <HspcIncidence>
      <ConfirmedCases>99</ConfirmedCases>
      <IncidencePer100k>66.0</IncidencePer100k>
      <Name>DublinSouthCity</Name>
    </HspcIncidence>
    <HspcIncidence>
      <ConfirmedCases>104</ConfirmedCases>
      <IncidencePer100k>64.6</IncidencePer100k>
      <Name>DublinSouthWest</Name>
    </HspcIncidence>
    <HspcIncidence>
      <ConfirmedCases>136</ConfirmedCases>
      <IncidencePer100k>87.5</IncidencePer100k>
      <Name>DublinWest</Name>
    </HspcIncidence>
    <HspcIncidence>
      <ConfirmedCases>259</ConfirmedCases>
      <IncidencePer100k>124.7</IncidencePer100k>
      <Name>DublinNorthWest</Name>
    </HspcIncidence>
    <HspcIncidence>
      <ConfirmedCases>264</ConfirmedCases>
      <IncidencePer100k>170.8</IncidencePer100k>
      <Name>DublinNorthCentral</Name>
    </HspcIncidence>
    <HspcIncidence>
      <ConfirmedCases>316</ConfirmedCases>
      <IncidencePer100k>121.9</IncidencePer100k>
      <Name>DublinNorth</Name>
    </HspcIncidence>
  </CCARates>
  <CHORates>
    <HspcIncidence>
      <ConfirmedCases>654</ConfirmedCases>
      <IncidencePer100k>167.1</IncidencePer100k>
      <Name>CHO1</Name>
    </HspcIncidence>
    <HspcIncidence>
      <ConfirmedCases>301</ConfirmedCases>
      <IncidencePer100k>66.4</IncidencePer100k>
      <Name>CHO2</Name>
    </HspcIncidence>
    <HspcIncidence>
      <ConfirmedCases>309</ConfirmedCases>
      <IncidencePer100k>80.3</IncidencePer100k>
      <Name>CHO3</Name>
    </HspcIncidence>
    <HspcIncidence>
      <ConfirmedCases>384</ConfirmedCases>
      <IncidencePer100k>55.6</IncidencePer100k>
      <Name>CHO4</Name>
    </HspcIncidence>
    <HspcIncidence>
      <ConfirmedCases>695</ConfirmedCases>
      <IncidencePer100k>136.2</IncidencePer100k>
      <Name>CHO5</Name>
    </HspcIncidence>
    <HspcIncidence>
      <ConfirmedCases>436</ConfirmedCases>
      <IncidencePer100k>113.8</IncidencePer100k>
      <Name>CHO6</Name>
    </HspcIncidence>
    <HspcIncidence>
      <ConfirmedCases>512</ConfirmedCases>
      <IncidencePer100k>72.3</IncidencePer100k>
      <Name>CHO7</Name>
    </HspcIncidence>
    <HspcIncidence>
      <ConfirmedCases>745</ConfirmedCases>
      <IncidencePer100k>120.3</IncidencePer100k>
      <Name>CHO8</Name>
    </HspcIncidence>
    <HspcIncidence>
      <ConfirmedCases>839</ConfirmedCases>
      <IncidencePer100k>135.0</IncidencePer100k>
      <Name>CHO9</Name>
    </HspcIncidence>
  </CHORates>
  <CountyRates>
    <HspcIncidence>
      <ConfirmedCases>399</ConfirmedCases>
      <IncidencePer100k>250.6</IncidencePer100k>
      <Name>Donegal</Name>
    </HspcIncidence>
    <HspcIncidence>
      <ConfirmedCases>279</ConfirmedCases>
      <IncidencePer100k>216.5</IncidencePer100k>
      <Name>Louth</Name>
    </HspcIncidence>
    <HspcIncidence>
      <ConfirmedCases>201</ConfirmedCases>
      <IncidencePer100k>202.6</IncidencePer100k>
      <Name>Kilkenny</Name>
    </HspcIncidence>
    <HspcIncidence>
      <ConfirmedCases>108</ConfirmedCases>
      <IncidencePer100k>189.7</IncidencePer100k>
      <Name>Carlow</Name>
    </HspcIncidence>
    <HspcIncidence>
      <ConfirmedCases>125</ConfirmedCases>
      <IncidencePer100k>164.1</IncidencePer100k>
      <Name>Cavan</Name>
    </HspcIncidence>
    <HspcIncidence>
      <ConfirmedCases>129</ConfirmedCases>
      <IncidencePer100k>152.3</IncidencePer100k>
      <Name>Laois</Name>
    </HspcIncidence>
    <HspcIncidence>
      <ConfirmedCases>218</ConfirmedCases>
      <IncidencePer100k>145.6</IncidencePer100k>
      <Name>Wexford</Name>
    </HspcIncidence>
    <HspcIncidence>
      <ConfirmedCases>59</ConfirmedCases>
      <IncidencePer100k>144.3</IncidencePer100k>
      <Name>Longford</Name>
    </HspcIncidence>
    <HspcIncidence>
      <ConfirmedCases>241</ConfirmedCases>
      <IncidencePer100k>123.7</IncidencePer100k>
      <Name>Limerick</Name>
    </HspcIncidence>
    <HspcIncidence>
      <ConfirmedCases>75</ConfirmedCases>
      <IncidencePer100k>122.2</IncidencePer100k>
      <Name>Monaghan</Name>
    </HspcIncidence>
    <HspcIncidence>
      <ConfirmedCases>1517</ConfirmedCases>
      <IncidencePer100k>112.6</IncidencePer100k>
      <Name>Dublin</Name>
    </HspcIncidence>
    <HspcIncidence>
      <ConfirmedCases>145</ConfirmedCases>
      <IncidencePer100k>111.1</IncidencePer100k>
      <Name>Mayo</Name>
    </HspcIncidence>
    <HspcIncidence>
      <ConfirmedCases>189</ConfirmedCases>
      <IncidencePer100k>96.9</IncidencePer100k>
      <Name>Meath</Name>
    </HspcIncidence>
    <HspcIncidence>
      <ConfirmedCases>106</ConfirmedCases>
      <IncidencePer100k>91.2</IncidencePer100k>
      <Name>Waterford</Name>
    </HspcIncidence>
    <HspcIncidence>
      <ConfirmedCases>134</ConfirmedCases>
      <IncidencePer100k>90.7</IncidencePer100k>
      <Name>Kerry</Name>
    </HspcIncidence>
    <HspcIncidence>
      <ConfirmedCases>172</ConfirmedCases>
      <IncidencePer100k>77.3</IncidencePer100k>
      <Name>Kildare</Name>
    </HspcIncidence>
    <HspcIncidence>
      <ConfirmedCases>57</ConfirmedCases>
      <IncidencePer100k>73.1</IncidencePer100k>
      <Name>Offaly</Name>
    </HspcIncidence>
    <HspcIncidence>
      <ConfirmedCases>47</ConfirmedCases>
      <IncidencePer100k>71.7</IncidencePer100k>
      <Name>Sligo</Name>
    </HspcIncidence>
    <HspcIncidence>
      <ConfirmedCases>98</ConfirmedCases>
      <IncidencePer100k>68.8</IncidencePer100k>
      <Name>Wicklow</Name>
    </HspcIncidence>
    <HspcIncidence>
      <ConfirmedCases>99</ConfirmedCases>
      <IncidencePer100k>62.0</IncidencePer100k>
      <Name>Tipperary</Name>
    </HspcIncidence>
    <HspcIncidence>
      <ConfirmedCases>128</ConfirmedCases>
      <IncidencePer100k>49.6</IncidencePer100k>
      <Name>Galway</Name>
    </HspcIncidence>
    <HspcIncidence>
      <ConfirmedCases>250</ConfirmedCases>
      <IncidencePer100k>46.1</IncidencePer100k>
      <Name>Cork</Name>
    </HspcIncidence>
    <HspcIncidence>
      <ConfirmedCases>28</ConfirmedCases>
      <IncidencePer100k>43.4</IncidencePer100k>
      <Name>Roscommon</Name>
    </HspcIncidence>
    <HspcIncidence>
      <ConfirmedCases>32</ConfirmedCases>
      <IncidencePer100k>36.0</IncidencePer100k>
      <Name>Westmeath</Name>
    </HspcIncidence>
    <HspcIncidence>
      <ConfirmedCases>31</ConfirmedCases>
      <IncidencePer100k>26.1</IncidencePer100k>
      <Name>Clare</Name>
    </HspcIncidence>
    <HspcIncidence>
      <ConfirmedCases>8</ConfirmedCases>
      <IncidencePer100k>25.0</IncidencePer100k>
      <Name>Leitrim</Name>
    </HspcIncidence>
  </CountyRates>
  <FromDate>2020-12-05T00:00:00</FromDate>
  <Hospitalised>
    <HspcHospitalised>
      <CasesAdmittedToIcu>0</CasesAdmittedToIcu>
      <CasesAdmittedToIcuPercent>0</CasesAdmittedToIcuPercent>
      <CasesHospitalised>1</CasesHospitalised>
      <CasesHospitalisedPercent>0.42</CasesHospitalisedPercent>
      <Name>0To4</Name>
      <NumberOfCases>196</NumberOfCases>
    </HspcHospitalised>
    <HspcHospitalised>
      <CasesAdmittedToIcu>0</CasesAdmittedToIcu>
      <CasesAdmittedToIcuPercent>0</CasesAdmittedToIcuPercent>
      <CasesHospitalised>2</CasesHospitalised>
      <CasesHospitalisedPercent>0.83</CasesHospitalisedPercent>
      <Name>5To12</Name>
      <NumberOfCases>473</NumberOfCases>
    </HspcHospitalised>
    <HspcHospitalised>
      <CasesAdmittedToIcu>0</CasesAdmittedToIcu>
      <CasesAdmittedToIcuPercent>0</CasesAdmittedToIcuPercent>
      <CasesHospitalised>9</CasesHospitalised>
      <CasesHospitalisedPercent>3.75</CasesHospitalisedPercent>
      <Name>13To18</Name>
      <NumberOfCases>357</NumberOfCases>
    </HspcHospitalised>
    <HspcHospitalised>
      <CasesAdmittedToIcu>1</CasesAdmittedToIcu>
      <CasesAdmittedToIcuPercent>7.69</CasesAdmittedToIcuPercent>
      <CasesHospitalised>8</CasesHospitalised>
      <CasesHospitalisedPercent>3.33</CasesHospitalisedPercent>
      <Name>19To24</Name>
      <NumberOfCases>455</NumberOfCases>
    </HspcHospitalised>
    <HspcHospitalised>
      <CasesAdmittedToIcu>0</CasesAdmittedToIcu>
      <CasesAdmittedToIcuPercent>0.00</CasesAdmittedToIcuPercent>
      <CasesHospitalised>15</CasesHospitalised>
      <CasesHospitalisedPercent>6.25</CasesHospitalisedPercent>
      <Name>25To34</Name>
      <NumberOfCases>839</NumberOfCases>
    </HspcHospitalised>
    <HspcHospitalised>
      <CasesAdmittedToIcu>1</CasesAdmittedToIcu>
      <CasesAdmittedToIcuPercent>7.69</CasesAdmittedToIcuPercent>
      <CasesHospitalised>16</CasesHospitalised>
      <CasesHospitalisedPercent>6.67</CasesHospitalisedPercent>
      <Name>35To44</Name>
      <NumberOfCases>779</NumberOfCases>
    </HspcHospitalised>
    <HspcHospitalised>
      <CasesAdmittedToIcu>2</CasesAdmittedToIcu>
      <CasesAdmittedToIcuPercent>15.38</CasesAdmittedToIcuPercent>
      <CasesHospitalised>23</CasesHospitalised>
      <CasesHospitalisedPercent>9.58</CasesHospitalisedPercent>
      <Name>45To54</Name>
      <NumberOfCases>716</NumberOfCases>
    </HspcHospitalised>
    <HspcHospitalised>
      <CasesAdmittedToIcu>2</CasesAdmittedToIcu>
      <CasesAdmittedToIcuPercent>15.38</CasesAdmittedToIcuPercent>
      <CasesHospitalised>32</CasesHospitalised>
      <CasesHospitalisedPercent>13.33</CasesHospitalisedPercent>
      <Name>55To64</Name>
      <NumberOfCases>518</NumberOfCases>
    </HspcHospitalised>
    <HspcHospitalised>
      <CasesAdmittedToIcu>3</CasesAdmittedToIcu>
      <CasesAdmittedToIcuPercent>23.08</CasesAdmittedToIcuPercent>
      <CasesHospitalised>50</CasesHospitalised>
      <CasesHospitalisedPercent>20.83</CasesHospitalisedPercent>
      <Name>65To74</Name>
      <NumberOfCases>241</NumberOfCases>
    </HspcHospitalised>
    <HspcHospitalised>
      <CasesAdmittedToIcu>3</CasesAdmittedToIcu>
      <CasesAdmittedToIcuPercent>23.08</CasesAdmittedToIcuPercent>
      <CasesHospitalised>54</CasesHospitalised>
      <CasesHospitalisedPercent>22.5</CasesHospitalisedPercent>
      <Name>75To84</Name>
      <NumberOfCases>176</NumberOfCases>
    </HspcHospitalised>
    <HspcHospitalised>
      <CasesAdmittedToIcu>1</CasesAdmittedToIcu>
      <CasesAdmittedToIcuPercent>7.69</CasesAdmittedToIcuPercent>
      <CasesHospitalised>30</CasesHospitalised>
      <CasesHospitalisedPercent>12.5</CasesHospitalisedPercent>
      <Name>85Plus</Name>
      <NumberOfCases>125</NumberOfCases>
    </HspcHospitalised>
  </Hospitalised>
  <PreparedDate>2020-12-19T00:00:00</PreparedDate>
  <SexCharacteristics>
    <Female>
      <Absolute>2502</Absolute>
      <Percent>51.32</Percent>
    </Female>
    <Male>
      <Absolute>2358</Absolute>
      <Percent>48.37</Percent>
    </Male>
    <MaleFemaleRatio>0.94</MaleFemaleRatio>
    <Unknown>
      <Absolute>15</Absolute>
      <Percent>0.31</Percent>
    </Unknown>
  </SexCharacteristics>
  <SourceFileName>COVID-19_14 day epidemiology report_v1.0_19.12.2020_website.pdf</SourceFileName>
  <SymptomStatusAtTimeOfTestCharacteristics>
    <No>
      <Absolute>1164</Absolute>
      <Percent>23.88</Percent>
    </No>
    <Unknown>
      <Absolute>751</Absolute>
      <Percent>15.41</Percent>
    </Unknown>
    <Yes>
      <Absolute>2960</Absolute>
      <Percent>60.72</Percent>
    </Yes>
  </SymptomStatusAtTimeOfTestCharacteristics>
  <ToDate>2020-12-18T00:00:00</ToDate>
  <TotalConfirmedCases>
    <Absolute>4875</Absolute>
    <Percent>100</Percent>
  </TotalConfirmedCases>
  <UnderlyingConditionsCharacteristics>
    <No>
      <Absolute>2876</Absolute>
      <Percent>58.99</Percent>
    </No>
    <Unknown>
      <Absolute>638</Absolute>
      <Percent>13.09</Percent>
    </Unknown>
    <Yes>
      <Absolute>1361</Absolute>
      <Percent>27.92</Percent>
    </Yes>
  </UnderlyingConditionsCharacteristics>
</HspcDailyEpidemiology>