﻿<?xml version="1.0" encoding="utf-8"?>
<HspcDailyEpidemiology xmlns:i="http://www.w3.org/2001/XMLSchema-instance" xmlns="http://schemas.datacontract.org/2004/07/CovidStats.DailyEpidemiology">
  <AgeCharacteristics>
    <Age0To4>
      <Absolute>57</Absolute>
      <Percent>3.32</Percent>
    </Age0To4>
    <Age13To18>
      <Absolute>0</Absolute>
      <Percent>0</Percent>
    </Age13To18>
    <Age19To24>
      <Absolute>0</Absolute>
      <Percent>0</Percent>
    </Age19To24>
    <Age25To34>
      <Absolute>328</Absolute>
      <Percent>19.1</Percent>
    </Age25To34>
    <Age35To44>
      <Absolute>269</Absolute>
      <Percent>15.67</Percent>
    </Age35To44>
    <Age45To54>
      <Absolute>227</Absolute>
      <Percent>13.22</Percent>
    </Age45To54>
    <Age55To64>
      <Absolute>139</Absolute>
      <Percent>8.1</Percent>
    </Age55To64>
    <Age5To12>
      <Absolute>0</Absolute>
      <Percent>0</Percent>
    </Age5To12>
    <Age65To74>
      <Absolute>73</Absolute>
      <Percent>4.25</Percent>
    </Age65To74>
    <Age75To84>
      <Absolute>54</Absolute>
      <Percent>3.15</Percent>
    </Age75To84>
    <Age85Plus>
      <Absolute>29</Absolute>
      <Percent>1.69</Percent>
    </Age85Plus>
    <AgeUnknown>
      <Absolute>3</Absolute>
      <Percent>0.17</Percent>
    </AgeUnknown>
    <MeanAge>36</MeanAge>
    <MedianAge>32</MedianAge>
  </AgeCharacteristics>
  <CCARates i:nil="true" />
  <CHORates>
    <HspcIncidence>
      <ConfirmedCases>85</ConfirmedCases>
      <IncidencePer100k>21.7</IncidencePer100k>
      <Name>CHO1</Name>
    </HspcIncidence>
    <HspcIncidence>
      <ConfirmedCases>42</ConfirmedCases>
      <IncidencePer100k>9.3</IncidencePer100k>
      <Name>CHO2</Name>
    </HspcIncidence>
    <HspcIncidence>
      <ConfirmedCases>165</ConfirmedCases>
      <IncidencePer100k>42.9</IncidencePer100k>
      <Name>CHO3</Name>
    </HspcIncidence>
    <HspcIncidence>
      <ConfirmedCases>63</ConfirmedCases>
      <IncidencePer100k>9.1</IncidencePer100k>
      <Name>CHO4</Name>
    </HspcIncidence>
    <HspcIncidence>
      <ConfirmedCases>202</ConfirmedCases>
      <IncidencePer100k>39.6</IncidencePer100k>
      <Name>CHO5</Name>
    </HspcIncidence>
    <HspcIncidence>
      <ConfirmedCases>177</ConfirmedCases>
      <IncidencePer100k>46.2</IncidencePer100k>
      <Name>CHO6</Name>
    </HspcIncidence>
    <HspcIncidence>
      <ConfirmedCases>476</ConfirmedCases>
      <IncidencePer100k>67.3</IncidencePer100k>
      <Name>CHO7</Name>
    </HspcIncidence>
    <HspcIncidence>
      <ConfirmedCases>164</ConfirmedCases>
      <IncidencePer100k>26.5</IncidencePer100k>
      <Name>CHO8</Name>
    </HspcIncidence>
    <HspcIncidence>
      <ConfirmedCases>343</ConfirmedCases>
      <IncidencePer100k>55.4</IncidencePer100k>
      <Name>CHO9</Name>
    </HspcIncidence>
  </CHORates>
  <CountyRates>
    <HspcIncidence>
      <ConfirmedCases>31</ConfirmedCases>
      <IncidencePer100k>54.450923909225040399072580000</IncidencePer100k>
      <Name>Carlow</Name>
    </HspcIncidence>
    <HspcIncidence>
      <ConfirmedCases>17</ConfirmedCases>
      <IncidencePer100k>22.316740180634320520898970000</IncidencePer100k>
      <Name>Cavan</Name>
    </HspcIncidence>
    <HspcIncidence>
      <ConfirmedCases>36</ConfirmedCases>
      <IncidencePer100k>30.298694631239637425620910000</IncidencePer100k>
      <Name>Clare</Name>
    </HspcIncidence>
    <HspcIncidence>
      <ConfirmedCases>47</ConfirmedCases>
      <IncidencePer100k>8.657721582410457054016810000</IncidencePer100k>
      <Name>Cork</Name>
    </HspcIncidence>
    <HspcIncidence>
      <ConfirmedCases>35</ConfirmedCases>
      <IncidencePer100k>21.986029448716015880194980000</IncidencePer100k>
      <Name>Donegal</Name>
    </HspcIncidence>
    <HspcIncidence>
      <ConfirmedCases>811</ConfirmedCases>
      <IncidencePer100k>60.279381181238024025532890000</IncidencePer100k>
      <Name>Dublin</Name>
    </HspcIncidence>
    <HspcIncidence>
      <ConfirmedCases>25</ConfirmedCases>
      <IncidencePer100k>9.687744615551542676452580000</IncidencePer100k>
      <Name>Galway</Name>
    </HspcIncidence>
    <HspcIncidence>
      <ConfirmedCases>16</ConfirmedCases>
      <IncidencePer100k>10.832255749558247070213330000</IncidencePer100k>
      <Name>Kerry</Name>
    </HspcIncidence>
    <HspcIncidence>
      <ConfirmedCases>148</ConfirmedCases>
      <IncidencePer100k>66.515658145471542084636680000</IncidencePer100k>
      <Name>Kildare</Name>
    </HspcIncidence>
    <HspcIncidence>
      <ConfirmedCases>24</ConfirmedCases>
      <IncidencePer100k>24.185746533376330216059340000</IncidencePer100k>
      <Name>Kilkenny</Name>
    </HspcIncidence>
    <HspcIncidence>
      <ConfirmedCases>25</ConfirmedCases>
      <IncidencePer100k>29.516984072635394405941180000</IncidencePer100k>
      <Name>Laois</Name>
    </HspcIncidence>
    <HspcIncidence>
      <ConfirmedCases>5</ConfirmedCases>
      <IncidencePer100k>15.603545125452502808638120000</IncidencePer100k>
      <Name>Leitrim</Name>
    </HspcIncidence>
    <HspcIncidence>
      <ConfirmedCases>120</ConfirmedCases>
      <IncidencePer100k>61.570351823252043366051130000</IncidencePer100k>
      <Name>Limerick</Name>
    </HspcIncidence>
    <HspcIncidence>
      <ConfirmedCases>12</ConfirmedCases>
      <IncidencePer100k>29.359234702615418491424660000</IncidencePer100k>
      <Name>Longford</Name>
    </HspcIncidence>
    <HspcIncidence>
      <ConfirmedCases>24</ConfirmedCases>
      <IncidencePer100k>18.621395983985599453772380000</IncidencePer100k>
      <Name>Louth</Name>
    </HspcIncidence>
    <HspcIncidence>
      <ConfirmedCases>5</ConfirmedCases>
      <IncidencePer100k>3.8312121188901744733998900000</IncidencePer100k>
      <Name>Mayo</Name>
    </HspcIncidence>
    <HspcIncidence>
      <ConfirmedCases>43</ConfirmedCases>
      <IncidencePer100k>22.046307499846188552326650000</IncidencePer100k>
      <Name>Meath</Name>
    </HspcIncidence>
    <HspcIncidence>
      <ConfirmedCases>26</ConfirmedCases>
      <IncidencePer100k>42.354934349851757729775520000</IncidencePer100k>
      <Name>Monaghan</Name>
    </HspcIncidence>
    <HspcIncidence>
      <ConfirmedCases>37</ConfirmedCases>
      <IncidencePer100k>47.459627249522196995933860000</IncidencePer100k>
      <Name>Offaly</Name>
    </HspcIncidence>
    <HspcIncidence>
      <ConfirmedCases>12</ConfirmedCases>
      <IncidencePer100k>18.591968269707486365889940000</IncidencePer100k>
      <Name>Roscommon</Name>
    </HspcIncidence>
    <HspcIncidence>
      <ConfirmedCases>0</ConfirmedCases>
      <IncidencePer100k>0</IncidencePer100k>
      <Name>Sligo</Name>
    </HspcIncidence>
    <HspcIncidence>
      <ConfirmedCases>92</ConfirmedCases>
      <IncidencePer100k>57.661090672065081822341170000</IncidencePer100k>
      <Name>Tipperary</Name>
    </HspcIncidence>
    <HspcIncidence>
      <ConfirmedCases>30</ConfirmedCases>
      <IncidencePer100k>25.82288940917229031813800000</IncidencePer100k>
      <Name>Waterford</Name>
    </HspcIncidence>
    <HspcIncidence>
      <ConfirmedCases>12</ConfirmedCases>
      <IncidencePer100k>13.518080432578573842514360000</IncidencePer100k>
      <Name>Westmeath</Name>
    </HspcIncidence>
    <HspcIncidence>
      <ConfirmedCases>45</ConfirmedCases>
      <IncidencePer100k>30.055703236665286330666170000</IncidencePer100k>
      <Name>Wexford</Name>
    </HspcIncidence>
    <HspcIncidence>
      <ConfirmedCases>37</ConfirmedCases>
      <IncidencePer100k>25.978585220291381428822190000</IncidencePer100k>
      <Name>Wicklow</Name>
    </HspcIncidence>
  </CountyRates>
  <FromDate>2020-08-23T00:00:00</FromDate>
  <Hospitalised i:nil="true" />
  <PreparedDate>2020-09-06T00:00:00</PreparedDate>
  <SexCharacteristics>
    <Female>
      <Absolute>840</Absolute>
      <Percent>48.92</Percent>
    </Female>
    <Male>
      <Absolute>873</Absolute>
      <Percent>50.84</Percent>
    </Male>
    <MaleFemaleRatio>1.04</MaleFemaleRatio>
    <Unknown>
      <Absolute>4</Absolute>
      <Percent>0.23</Percent>
    </Unknown>
  </SexCharacteristics>
  <SourceFileName>COVID-19_14_day_epidemiology_report_06.09.2020_website V2.pdf</SourceFileName>
  <SymptomStatusAtTimeOfTestCharacteristics>
    <No i:nil="true" />
    <Unknown i:nil="true" />
    <Yes i:nil="true" />
  </SymptomStatusAtTimeOfTestCharacteristics>
  <ToDate>2020-09-05T00:00:00</ToDate>
  <TotalConfirmedCases>
    <Absolute>1717</Absolute>
    <Percent>100</Percent>
  </TotalConfirmedCases>
  <UnderlyingConditionsCharacteristics>
    <No>
      <Absolute>1058</Absolute>
      <Percent>61.62</Percent>
    </No>
    <Unknown>
      <Absolute>228</Absolute>
      <Percent>13.28</Percent>
    </Unknown>
    <Yes>
      <Absolute>431</Absolute>
      <Percent>25.1</Percent>
    </Yes>
  </UnderlyingConditionsCharacteristics>
</HspcDailyEpidemiology>