﻿<?xml version="1.0" encoding="utf-8"?>
<HspcDailyEpidemiology xmlns:i="http://www.w3.org/2001/XMLSchema-instance" xmlns="http://schemas.datacontract.org/2004/07/CovidStats.DailyEpidemiology">
  <AgeCharacteristics>
    <Age0To4>
      <Absolute>736</Absolute>
      <Percent>2.65</Percent>
    </Age0To4>
    <Age13To18>
      <Absolute>1666</Absolute>
      <Percent>6</Percent>
    </Age13To18>
    <Age19To24>
      <Absolute>4417</Absolute>
      <Percent>15.91</Percent>
    </Age19To24>
    <Age25To34>
      <Absolute>5563</Absolute>
      <Percent>20.04</Percent>
    </Age25To34>
    <Age35To44>
      <Absolute>4241</Absolute>
      <Percent>15.28</Percent>
    </Age35To44>
    <Age45To54>
      <Absolute>3918</Absolute>
      <Percent>14.12</Percent>
    </Age45To54>
    <Age55To64>
      <Absolute>3253</Absolute>
      <Percent>11.72</Percent>
    </Age55To64>
    <Age5To12>
      <Absolute>1303</Absolute>
      <Percent>4.69</Percent>
    </Age5To12>
    <Age65To74>
      <Absolute>1490</Absolute>
      <Percent>5.37</Percent>
    </Age65To74>
    <Age75To84>
      <Absolute>730</Absolute>
      <Percent>2.63</Percent>
    </Age75To84>
    <Age85Plus>
      <Absolute>433</Absolute>
      <Percent>1.56</Percent>
    </Age85Plus>
    <AgeUnknown>
      <Absolute>4</Absolute>
      <Percent>0.01</Percent>
    </AgeUnknown>
    <MeanAge>38</MeanAge>
    <MedianAge>35</MedianAge>
  </AgeCharacteristics>
  <CCARates>
    <HspcIncidence>
      <ConfirmedCases>715</ConfirmedCases>
      <IncidencePer100k>525.4</IncidencePer100k>
      <Name>DublinSouth</Name>
    </HspcIncidence>
    <HspcIncidence>
      <ConfirmedCases>1493</ConfirmedCases>
      <IncidencePer100k>1206.9</IncidencePer100k>
      <Name>DublinSouthEast</Name>
    </HspcIncidence>
    <HspcIncidence>
      <ConfirmedCases>796</ConfirmedCases>
      <IncidencePer100k>530.9</IncidencePer100k>
      <Name>DublinSouthCity</Name>
    </HspcIncidence>
    <HspcIncidence>
      <ConfirmedCases>945</ConfirmedCases>
      <IncidencePer100k>587.3</IncidencePer100k>
      <Name>DublinSouthWest</Name>
    </HspcIncidence>
    <HspcIncidence>
      <ConfirmedCases>875</ConfirmedCases>
      <IncidencePer100k>563.3</IncidencePer100k>
      <Name>DublinWest</Name>
    </HspcIncidence>
    <HspcIncidence>
      <ConfirmedCases>1606</ConfirmedCases>
      <IncidencePer100k>773.3</IncidencePer100k>
      <Name>DublinNorthWest</Name>
    </HspcIncidence>
    <HspcIncidence>
      <ConfirmedCases>1480</ConfirmedCases>
      <IncidencePer100k>957.4</IncidencePer100k>
      <Name>DublinNorthCentral</Name>
    </HspcIncidence>
    <HspcIncidence>
      <ConfirmedCases>1412</ConfirmedCases>
      <IncidencePer100k>544.9</IncidencePer100k>
      <Name>DublinNorth</Name>
    </HspcIncidence>
  </CCARates>
  <CHORates>
    <HspcIncidence>
      <ConfirmedCases>3079</ConfirmedCases>
      <IncidencePer100k>786.9</IncidencePer100k>
      <Name>CHO1</Name>
    </HspcIncidence>
    <HspcIncidence>
      <ConfirmedCases>2200</ConfirmedCases>
      <IncidencePer100k>485.5</IncidencePer100k>
      <Name>CHO2</Name>
    </HspcIncidence>
    <HspcIncidence>
      <ConfirmedCases>2772</ConfirmedCases>
      <IncidencePer100k>720.0</IncidencePer100k>
      <Name>CHO3</Name>
    </HspcIncidence>
    <HspcIncidence>
      <ConfirmedCases>3230</ConfirmedCases>
      <IncidencePer100k>467.7</IncidencePer100k>
      <Name>CHO4</Name>
    </HspcIncidence>
    <HspcIncidence>
      <ConfirmedCases>2172</ConfirmedCases>
      <IncidencePer100k>425.6</IncidencePer100k>
      <Name>CHO5</Name>
    </HspcIncidence>
    <HspcIncidence>
      <ConfirmedCases>2584</ConfirmedCases>
      <IncidencePer100k>674.4</IncidencePer100k>
      <Name>CHO6</Name>
    </HspcIncidence>
    <HspcIncidence>
      <ConfirmedCases>3548</ConfirmedCases>
      <IncidencePer100k>501.3</IncidencePer100k>
      <Name>CHO7</Name>
    </HspcIncidence>
    <HspcIncidence>
      <ConfirmedCases>3667</ConfirmedCases>
      <IncidencePer100k>592.1</IncidencePer100k>
      <Name>CHO8</Name>
    </HspcIncidence>
    <HspcIncidence>
      <ConfirmedCases>4498</ConfirmedCases>
      <IncidencePer100k>723.8</IncidencePer100k>
      <Name>CHO9</Name>
    </HspcIncidence>
  </CHORates>
  <CountyRates>
    <HspcIncidence>
      <ConfirmedCases>687</ConfirmedCases>
      <IncidencePer100k>1119.1</IncidencePer100k>
      <Name>Monaghan</Name>
    </HspcIncidence>
    <HspcIncidence>
      <ConfirmedCases>1329</ConfirmedCases>
      <IncidencePer100k>1031.2</IncidencePer100k>
      <Name>Louth</Name>
    </HspcIncidence>
    <HspcIncidence>
      <ConfirmedCases>1908</ConfirmedCases>
      <IncidencePer100k>979.0</IncidencePer100k>
      <Name>Limerick</Name>
    </HspcIncidence>
    <HspcIncidence>
      <ConfirmedCases>1325</ConfirmedCases>
      <IncidencePer100k>832.3</IncidencePer100k>
      <Name>Donegal</Name>
    </HspcIncidence>
    <HspcIncidence>
      <ConfirmedCases>9323</ConfirmedCases>
      <IncidencePer100k>691.9</IncidencePer100k>
      <Name>Dublin</Name>
    </HspcIncidence>
    <HspcIncidence>
      <ConfirmedCases>441</ConfirmedCases>
      <IncidencePer100k>672.9</IncidencePer100k>
      <Name>Sligo</Name>
    </HspcIncidence>
    <HspcIncidence>
      <ConfirmedCases>509</ConfirmedCases>
      <IncidencePer100k>668.2</IncidencePer100k>
      <Name>Cavan</Name>
    </HspcIncidence>
    <HspcIncidence>
      <ConfirmedCases>862</ConfirmedCases>
      <IncidencePer100k>660.5</IncidencePer100k>
      <Name>Mayo</Name>
    </HspcIncidence>
    <HspcIncidence>
      <ConfirmedCases>519</ConfirmedCases>
      <IncidencePer100k>523.0</IncidencePer100k>
      <Name>Kilkenny</Name>
    </HspcIncidence>
    <HspcIncidence>
      <ConfirmedCases>1020</ConfirmedCases>
      <IncidencePer100k>523.0</IncidencePer100k>
      <Name>Meath</Name>
    </HspcIncidence>
    <HspcIncidence>
      <ConfirmedCases>772</ConfirmedCases>
      <IncidencePer100k>522.7</IncidencePer100k>
      <Name>Kerry</Name>
    </HspcIncidence>
    <HspcIncidence>
      <ConfirmedCases>757</ConfirmedCases>
      <IncidencePer100k>505.6</IncidencePer100k>
      <Name>Wexford</Name>
    </HspcIncidence>
    <HspcIncidence>
      <ConfirmedCases>419</ConfirmedCases>
      <IncidencePer100k>494.7</IncidencePer100k>
      <Name>Laois</Name>
    </HspcIncidence>
    <HspcIncidence>
      <ConfirmedCases>580</ConfirmedCases>
      <IncidencePer100k>488.1</IncidencePer100k>
      <Name>Clare</Name>
    </HspcIncidence>
    <HspcIncidence>
      <ConfirmedCases>268</ConfirmedCases>
      <IncidencePer100k>470.7</IncidencePer100k>
      <Name>Carlow</Name>
    </HspcIncidence>
    <HspcIncidence>
      <ConfirmedCases>189</ConfirmedCases>
      <IncidencePer100k>462.4</IncidencePer100k>
      <Name>Longford</Name>
    </HspcIncidence>
    <HspcIncidence>
      <ConfirmedCases>356</ConfirmedCases>
      <IncidencePer100k>456.6</IncidencePer100k>
      <Name>Offaly</Name>
    </HspcIncidence>
    <HspcIncidence>
      <ConfirmedCases>2459</ConfirmedCases>
      <IncidencePer100k>453.0</IncidencePer100k>
      <Name>Cork</Name>
    </HspcIncidence>
    <HspcIncidence>
      <ConfirmedCases>1076</ConfirmedCases>
      <IncidencePer100k>417.0</IncidencePer100k>
      <Name>Galway</Name>
    </HspcIncidence>
    <HspcIncidence>
      <ConfirmedCases>482</ConfirmedCases>
      <IncidencePer100k>414.9</IncidencePer100k>
      <Name>Waterford</Name>
    </HspcIncidence>
    <HspcIncidence>
      <ConfirmedCases>920</ConfirmedCases>
      <IncidencePer100k>413.5</IncidencePer100k>
      <Name>Kildare</Name>
    </HspcIncidence>
    <HspcIncidence>
      <ConfirmedCases>262</ConfirmedCases>
      <IncidencePer100k>405.9</IncidencePer100k>
      <Name>Roscommon</Name>
    </HspcIncidence>
    <HspcIncidence>
      <ConfirmedCases>325</ConfirmedCases>
      <IncidencePer100k>366.1</IncidencePer100k>
      <Name>Westmeath</Name>
    </HspcIncidence>
    <HspcIncidence>
      <ConfirmedCases>117</ConfirmedCases>
      <IncidencePer100k>365.1</IncidencePer100k>
      <Name>Leitrim</Name>
    </HspcIncidence>
    <HspcIncidence>
      <ConfirmedCases>460</ConfirmedCases>
      <IncidencePer100k>288.3</IncidencePer100k>
      <Name>Tipperary</Name>
    </HspcIncidence>
    <HspcIncidence>
      <ConfirmedCases>389</ConfirmedCases>
      <IncidencePer100k>273.1</IncidencePer100k>
      <Name>Wicklow</Name>
    </HspcIncidence>
  </CountyRates>
  <FromDate>2020-12-21T00:00:00</FromDate>
  <Hospitalised>
    <HspcHospitalised>
      <CasesAdmittedToIcu>0</CasesAdmittedToIcu>
      <CasesAdmittedToIcuPercent>0</CasesAdmittedToIcuPercent>
      <CasesHospitalised>9</CasesHospitalised>
      <CasesHospitalisedPercent>1.32</CasesHospitalisedPercent>
      <Name>0To4</Name>
      <NumberOfCases>736</NumberOfCases>
    </HspcHospitalised>
    <HspcHospitalised>
      <CasesAdmittedToIcu>0</CasesAdmittedToIcu>
      <CasesAdmittedToIcuPercent>0</CasesAdmittedToIcuPercent>
      <CasesHospitalised>7</CasesHospitalised>
      <CasesHospitalisedPercent>1.02</CasesHospitalisedPercent>
      <Name>5To12</Name>
      <NumberOfCases>1304</NumberOfCases>
    </HspcHospitalised>
    <HspcHospitalised>
      <CasesAdmittedToIcu>0</CasesAdmittedToIcu>
      <CasesAdmittedToIcuPercent>0</CasesAdmittedToIcuPercent>
      <CasesHospitalised>17</CasesHospitalised>
      <CasesHospitalisedPercent>2.49</CasesHospitalisedPercent>
      <Name>13To18</Name>
      <NumberOfCases>1666</NumberOfCases>
    </HspcHospitalised>
    <HspcHospitalised>
      <CasesAdmittedToIcu>0</CasesAdmittedToIcu>
      <CasesAdmittedToIcuPercent>0</CasesAdmittedToIcuPercent>
      <CasesHospitalised>44</CasesHospitalised>
      <CasesHospitalisedPercent>6.44</CasesHospitalisedPercent>
      <Name>19To24</Name>
      <NumberOfCases>4417</NumberOfCases>
    </HspcHospitalised>
    <HspcHospitalised>
      <CasesAdmittedToIcu>3</CasesAdmittedToIcu>
      <CasesAdmittedToIcuPercent>25.00</CasesAdmittedToIcuPercent>
      <CasesHospitalised>76</CasesHospitalised>
      <CasesHospitalisedPercent>11.13</CasesHospitalisedPercent>
      <Name>25To34</Name>
      <NumberOfCases>5563</NumberOfCases>
    </HspcHospitalised>
    <HspcHospitalised>
      <CasesAdmittedToIcu>0</CasesAdmittedToIcu>
      <CasesAdmittedToIcuPercent>0</CasesAdmittedToIcuPercent>
      <CasesHospitalised>65</CasesHospitalised>
      <CasesHospitalisedPercent>9.52</CasesHospitalisedPercent>
      <Name>35To44</Name>
      <NumberOfCases>4241</NumberOfCases>
    </HspcHospitalised>
    <HspcHospitalised>
      <CasesAdmittedToIcu>1</CasesAdmittedToIcu>
      <CasesAdmittedToIcuPercent>8.33</CasesAdmittedToIcuPercent>
      <CasesHospitalised>81</CasesHospitalised>
      <CasesHospitalisedPercent>11.86</CasesHospitalisedPercent>
      <Name>45To54</Name>
      <NumberOfCases>3918</NumberOfCases>
    </HspcHospitalised>
    <HspcHospitalised>
      <CasesAdmittedToIcu>3</CasesAdmittedToIcu>
      <CasesAdmittedToIcuPercent>25</CasesAdmittedToIcuPercent>
      <CasesHospitalised>75</CasesHospitalised>
      <CasesHospitalisedPercent>10.98</CasesHospitalisedPercent>
      <Name>55To64</Name>
      <NumberOfCases>3253</NumberOfCases>
    </HspcHospitalised>
    <HspcHospitalised>
      <CasesAdmittedToIcu>5</CasesAdmittedToIcu>
      <CasesAdmittedToIcuPercent>41.67</CasesAdmittedToIcuPercent>
      <CasesHospitalised>92</CasesHospitalised>
      <CasesHospitalisedPercent>13.47</CasesHospitalisedPercent>
      <Name>65To74</Name>
      <NumberOfCases>1490</NumberOfCases>
    </HspcHospitalised>
    <HspcHospitalised>
      <CasesAdmittedToIcu>0</CasesAdmittedToIcu>
      <CasesAdmittedToIcuPercent>0</CasesAdmittedToIcuPercent>
      <CasesHospitalised>129</CasesHospitalised>
      <CasesHospitalisedPercent>18.89</CasesHospitalisedPercent>
      <Name>75To84</Name>
      <NumberOfCases>729</NumberOfCases>
    </HspcHospitalised>
    <HspcHospitalised>
      <CasesAdmittedToIcu>0</CasesAdmittedToIcu>
      <CasesAdmittedToIcuPercent>0</CasesAdmittedToIcuPercent>
      <CasesHospitalised>88</CasesHospitalised>
      <CasesHospitalisedPercent>12.88</CasesHospitalisedPercent>
      <Name>85Plus</Name>
      <NumberOfCases>433</NumberOfCases>
    </HspcHospitalised>
    <HspcHospitalised>
      <CasesAdmittedToIcu>0</CasesAdmittedToIcu>
      <CasesAdmittedToIcuPercent>0</CasesAdmittedToIcuPercent>
      <CasesHospitalised>0</CasesHospitalised>
      <CasesHospitalisedPercent>0</CasesHospitalisedPercent>
      <Name>Unknown</Name>
      <NumberOfCases>4</NumberOfCases>
    </HspcHospitalised>
  </Hospitalised>
  <PreparedDate>2021-01-04T00:00:00</PreparedDate>
  <SexCharacteristics>
    <Female>
      <Absolute>14210</Absolute>
      <Percent>51.2</Percent>
    </Female>
    <Male>
      <Absolute>13480</Absolute>
      <Percent>48.57</Percent>
    </Male>
    <MaleFemaleRatio>0.95</MaleFemaleRatio>
    <Unknown>
      <Absolute>64</Absolute>
      <Percent>0.23</Percent>
    </Unknown>
  </SexCharacteristics>
  <SourceFileName>COVID-19_14_day_epidemiology_report_20200104_website.pdf</SourceFileName>
  <SymptomStatusAtTimeOfTestCharacteristics>
    <No>
      <Absolute>984</Absolute>
      <Percent>3.55</Percent>
    </No>
    <Unknown>
      <Absolute>23696</Absolute>
      <Percent>85.38</Percent>
    </Unknown>
    <Yes>
      <Absolute>3074</Absolute>
      <Percent>11.08</Percent>
    </Yes>
  </SymptomStatusAtTimeOfTestCharacteristics>
  <ToDate>2021-01-03T00:00:00</ToDate>
  <TotalConfirmedCases>
    <Absolute>27754</Absolute>
    <Percent>100</Percent>
  </TotalConfirmedCases>
  <UnderlyingConditionsCharacteristics>
    <No>
      <Absolute>3179</Absolute>
      <Percent>11.45</Percent>
    </No>
    <Unknown>
      <Absolute>23614</Absolute>
      <Percent>85.08</Percent>
    </Unknown>
    <Yes>
      <Absolute>961</Absolute>
      <Percent>3.46</Percent>
    </Yes>
  </UnderlyingConditionsCharacteristics>
</HspcDailyEpidemiology>