﻿<?xml version="1.0" encoding="utf-8"?>
<HspcDailyEpidemiology xmlns:i="http://www.w3.org/2001/XMLSchema-instance" xmlns="http://schemas.datacontract.org/2004/07/CovidStats.DailyEpidemiology">
  <AgeCharacteristics>
    <Age0To4>
      <Absolute>297</Absolute>
      <Percent>2.86</Percent>
    </Age0To4>
    <Age13To18>
      <Absolute>0</Absolute>
      <Percent>0</Percent>
    </Age13To18>
    <Age19To24>
      <Absolute>0</Absolute>
      <Percent>0</Percent>
    </Age19To24>
    <Age25To34>
      <Absolute>1823</Absolute>
      <Percent>17.57</Percent>
    </Age25To34>
    <Age35To44>
      <Absolute>1436</Absolute>
      <Percent>13.84</Percent>
    </Age35To44>
    <Age45To54>
      <Absolute>1336</Absolute>
      <Percent>12.87</Percent>
    </Age45To54>
    <Age55To64>
      <Absolute>1009</Absolute>
      <Percent>9.72</Percent>
    </Age55To64>
    <Age5To12>
      <Absolute>0</Absolute>
      <Percent>0</Percent>
    </Age5To12>
    <Age65To74>
      <Absolute>475</Absolute>
      <Percent>4.58</Percent>
    </Age65To74>
    <Age75To84>
      <Absolute>245</Absolute>
      <Percent>2.36</Percent>
    </Age75To84>
    <Age85Plus>
      <Absolute>147</Absolute>
      <Percent>1.42</Percent>
    </Age85Plus>
    <AgeUnknown>
      <Absolute>4</Absolute>
      <Percent>0.04</Percent>
    </AgeUnknown>
    <MeanAge>35</MeanAge>
    <MedianAge>31</MedianAge>
  </AgeCharacteristics>
  <CCARates />
  <CHORates i:nil="true" />
  <CountyRates i:nil="true" />
  <FromDate>2020-10-02T00:00:00</FromDate>
  <Hospitalised>
    <HspcHospitalised>
      <CasesAdmittedToIcu>0</CasesAdmittedToIcu>
      <CasesAdmittedToIcuPercent>0</CasesAdmittedToIcuPercent>
      <CasesHospitalised>9</CasesHospitalised>
      <CasesHospitalisedPercent>3.08</CasesHospitalisedPercent>
      <Name>0To4</Name>
      <NumberOfCases>297</NumberOfCases>
    </HspcHospitalised>
    <HspcHospitalised>
      <CasesAdmittedToIcu>0</CasesAdmittedToIcu>
      <CasesAdmittedToIcuPercent>0</CasesAdmittedToIcuPercent>
      <CasesHospitalised>4</CasesHospitalised>
      <CasesHospitalisedPercent>1.37</CasesHospitalisedPercent>
      <Name>5To14</Name>
      <NumberOfCases>734</NumberOfCases>
    </HspcHospitalised>
    <HspcHospitalised>
      <CasesAdmittedToIcu>1</CasesAdmittedToIcu>
      <CasesAdmittedToIcuPercent>4.35</CasesAdmittedToIcuPercent>
      <CasesHospitalised>22</CasesHospitalised>
      <CasesHospitalisedPercent>7.53</CasesHospitalisedPercent>
      <Name>15To24</Name>
      <NumberOfCases>2871</NumberOfCases>
    </HspcHospitalised>
    <HspcHospitalised>
      <CasesAdmittedToIcu>0</CasesAdmittedToIcu>
      <CasesAdmittedToIcuPercent>0</CasesAdmittedToIcuPercent>
      <CasesHospitalised>32</CasesHospitalised>
      <CasesHospitalisedPercent>10.96</CasesHospitalisedPercent>
      <Name>25To34</Name>
      <NumberOfCases>1823</NumberOfCases>
    </HspcHospitalised>
    <HspcHospitalised>
      <CasesAdmittedToIcu>3</CasesAdmittedToIcu>
      <CasesAdmittedToIcuPercent>13.04</CasesAdmittedToIcuPercent>
      <CasesHospitalised>21</CasesHospitalised>
      <CasesHospitalisedPercent>7.19</CasesHospitalisedPercent>
      <Name>35To44</Name>
      <NumberOfCases>1436</NumberOfCases>
    </HspcHospitalised>
    <HspcHospitalised>
      <CasesAdmittedToIcu>0</CasesAdmittedToIcu>
      <CasesAdmittedToIcuPercent>0</CasesAdmittedToIcuPercent>
      <CasesHospitalised>25</CasesHospitalised>
      <CasesHospitalisedPercent>8.56</CasesHospitalisedPercent>
      <Name>45To54</Name>
      <NumberOfCases>1336</NumberOfCases>
    </HspcHospitalised>
    <HspcHospitalised>
      <CasesAdmittedToIcu>7</CasesAdmittedToIcu>
      <CasesAdmittedToIcuPercent>30.43</CasesAdmittedToIcuPercent>
      <CasesHospitalised>48</CasesHospitalised>
      <CasesHospitalisedPercent>16.44</CasesHospitalisedPercent>
      <Name>55To64</Name>
      <NumberOfCases>1009</NumberOfCases>
    </HspcHospitalised>
    <HspcHospitalised>
      <CasesAdmittedToIcu>9</CasesAdmittedToIcu>
      <CasesAdmittedToIcuPercent>39.13</CasesAdmittedToIcuPercent>
      <CasesHospitalised>36</CasesHospitalised>
      <CasesHospitalisedPercent>12.33</CasesHospitalisedPercent>
      <Name>65To74</Name>
      <NumberOfCases>475</NumberOfCases>
    </HspcHospitalised>
    <HspcHospitalised>
      <CasesAdmittedToIcu>3</CasesAdmittedToIcu>
      <CasesAdmittedToIcuPercent>13.04</CasesAdmittedToIcuPercent>
      <CasesHospitalised>58</CasesHospitalised>
      <CasesHospitalisedPercent>19.86</CasesHospitalisedPercent>
      <Name>75To84</Name>
      <NumberOfCases>245</NumberOfCases>
    </HspcHospitalised>
    <HspcHospitalised>
      <CasesAdmittedToIcu>0</CasesAdmittedToIcu>
      <CasesAdmittedToIcuPercent>0</CasesAdmittedToIcuPercent>
      <CasesHospitalised>36</CasesHospitalised>
      <CasesHospitalisedPercent>12.33</CasesHospitalisedPercent>
      <Name>85Plus</Name>
      <NumberOfCases>147</NumberOfCases>
    </HspcHospitalised>
    <HspcHospitalised>
      <CasesAdmittedToIcu>1</CasesAdmittedToIcu>
      <CasesAdmittedToIcuPercent>0.34</CasesAdmittedToIcuPercent>
      <CasesHospitalised>0</CasesHospitalised>
      <CasesHospitalisedPercent>0</CasesHospitalisedPercent>
      <Name>Unknown</Name>
      <NumberOfCases>4</NumberOfCases>
    </HspcHospitalised>
  </Hospitalised>
  <PreparedDate>2020-10-16T00:00:00</PreparedDate>
  <SexCharacteristics>
    <Female>
      <Absolute>5125</Absolute>
      <Percent>49.39</Percent>
    </Female>
    <Male>
      <Absolute>5237</Absolute>
      <Percent>50.47</Percent>
    </Male>
    <MaleFemaleRatio>1.02</MaleFemaleRatio>
    <Unknown>
      <Absolute>15</Absolute>
      <Percent>0.14</Percent>
    </Unknown>
  </SexCharacteristics>
  <SourceFileName>COVID-19_14_day_epidemiology_report_20201016_Website.pdf</SourceFileName>
  <SymptomStatusAtTimeOfTestCharacteristics>
    <No i:nil="true" />
    <Unknown i:nil="true" />
    <Yes i:nil="true" />
  </SymptomStatusAtTimeOfTestCharacteristics>
  <ToDate>2020-10-15T00:00:00</ToDate>
  <TotalConfirmedCases>
    <Absolute>10377</Absolute>
    <Percent>100</Percent>
  </TotalConfirmedCases>
  <UnderlyingConditionsCharacteristics>
    <No>
      <Absolute>6244</Absolute>
      <Percent>60.17</Percent>
    </No>
    <Unknown>
      <Absolute>2723</Absolute>
      <Percent>26.24</Percent>
    </Unknown>
    <Yes>
      <Absolute>1410</Absolute>
      <Percent>13.59</Percent>
    </Yes>
  </UnderlyingConditionsCharacteristics>
</HspcDailyEpidemiology>