﻿<?xml version="1.0" encoding="utf-8"?>
<HspcDailyEpidemiology xmlns:i="http://www.w3.org/2001/XMLSchema-instance" xmlns="http://schemas.datacontract.org/2004/07/CovidStats.DailyEpidemiology">
  <AgeCharacteristics>
    <Age0To4>
      <Absolute>157</Absolute>
      <Percent>2.57</Percent>
    </Age0To4>
    <Age13To18>
      <Absolute>0</Absolute>
      <Percent>0</Percent>
    </Age13To18>
    <Age19To24>
      <Absolute>0</Absolute>
      <Percent>0</Percent>
    </Age19To24>
    <Age25To34>
      <Absolute>1067</Absolute>
      <Percent>17.47</Percent>
    </Age25To34>
    <Age35To44>
      <Absolute>866</Absolute>
      <Percent>14.18</Percent>
    </Age35To44>
    <Age45To54>
      <Absolute>828</Absolute>
      <Percent>13.56</Percent>
    </Age45To54>
    <Age55To64>
      <Absolute>635</Absolute>
      <Percent>10.4</Percent>
    </Age55To64>
    <Age5To12>
      <Absolute>0</Absolute>
      <Percent>0</Percent>
    </Age5To12>
    <Age65To74>
      <Absolute>314</Absolute>
      <Percent>5.14</Percent>
    </Age65To74>
    <Age75To84>
      <Absolute>173</Absolute>
      <Percent>2.83</Percent>
    </Age75To84>
    <Age85Plus>
      <Absolute>105</Absolute>
      <Percent>1.72</Percent>
    </Age85Plus>
    <AgeUnknown>
      <Absolute>0</Absolute>
      <Percent>0</Percent>
    </AgeUnknown>
    <MeanAge>37</MeanAge>
    <MedianAge>33</MedianAge>
  </AgeCharacteristics>
  <CCARates />
  <CHORates i:nil="true" />
  <CountyRates i:nil="true" />
  <FromDate>2020-09-24T00:00:00</FromDate>
  <Hospitalised>
    <HspcHospitalised>
      <CasesAdmittedToIcu>0</CasesAdmittedToIcu>
      <CasesAdmittedToIcuPercent>0</CasesAdmittedToIcuPercent>
      <CasesHospitalised>6</CasesHospitalised>
      <CasesHospitalisedPercent>3.11</CasesHospitalisedPercent>
      <Name>0To4</Name>
      <NumberOfCases>157</NumberOfCases>
    </HspcHospitalised>
    <HspcHospitalised>
      <CasesAdmittedToIcu>0</CasesAdmittedToIcu>
      <CasesAdmittedToIcuPercent>0</CasesAdmittedToIcuPercent>
      <CasesHospitalised>11</CasesHospitalised>
      <CasesHospitalisedPercent>5.7</CasesHospitalisedPercent>
      <Name>5To14</Name>
      <NumberOfCases>398</NumberOfCases>
    </HspcHospitalised>
    <HspcHospitalised>
      <CasesAdmittedToIcu>0</CasesAdmittedToIcu>
      <CasesAdmittedToIcuPercent>0</CasesAdmittedToIcuPercent>
      <CasesHospitalised>16</CasesHospitalised>
      <CasesHospitalisedPercent>8.29</CasesHospitalisedPercent>
      <Name>15To24</Name>
      <NumberOfCases>1564</NumberOfCases>
    </HspcHospitalised>
    <HspcHospitalised>
      <CasesAdmittedToIcu>0</CasesAdmittedToIcu>
      <CasesAdmittedToIcuPercent>0</CasesAdmittedToIcuPercent>
      <CasesHospitalised>17</CasesHospitalised>
      <CasesHospitalisedPercent>8.81</CasesHospitalisedPercent>
      <Name>25To34</Name>
      <NumberOfCases>1067</NumberOfCases>
    </HspcHospitalised>
    <HspcHospitalised>
      <CasesAdmittedToIcu>2</CasesAdmittedToIcu>
      <CasesAdmittedToIcuPercent>22.22</CasesAdmittedToIcuPercent>
      <CasesHospitalised>15</CasesHospitalised>
      <CasesHospitalisedPercent>7.77</CasesHospitalisedPercent>
      <Name>35To44</Name>
      <NumberOfCases>866</NumberOfCases>
    </HspcHospitalised>
    <HspcHospitalised>
      <CasesAdmittedToIcu>0</CasesAdmittedToIcu>
      <CasesAdmittedToIcuPercent>0</CasesAdmittedToIcuPercent>
      <CasesHospitalised>17</CasesHospitalised>
      <CasesHospitalisedPercent>8.81</CasesHospitalisedPercent>
      <Name>45To54</Name>
      <NumberOfCases>828</NumberOfCases>
    </HspcHospitalised>
    <HspcHospitalised>
      <CasesAdmittedToIcu>3</CasesAdmittedToIcu>
      <CasesAdmittedToIcuPercent>33.33</CasesAdmittedToIcuPercent>
      <CasesHospitalised>37</CasesHospitalised>
      <CasesHospitalisedPercent>19.17</CasesHospitalisedPercent>
      <Name>55To64</Name>
      <NumberOfCases>635</NumberOfCases>
    </HspcHospitalised>
    <HspcHospitalised>
      <CasesAdmittedToIcu>3</CasesAdmittedToIcu>
      <CasesAdmittedToIcuPercent>33.33</CasesAdmittedToIcuPercent>
      <CasesHospitalised>29</CasesHospitalised>
      <CasesHospitalisedPercent>15.03</CasesHospitalisedPercent>
      <Name>65To74</Name>
      <NumberOfCases>314</NumberOfCases>
    </HspcHospitalised>
    <HspcHospitalised>
      <CasesAdmittedToIcu>1</CasesAdmittedToIcu>
      <CasesAdmittedToIcuPercent>11.11</CasesAdmittedToIcuPercent>
      <CasesHospitalised>34</CasesHospitalised>
      <CasesHospitalisedPercent>17.62</CasesHospitalisedPercent>
      <Name>75To84</Name>
      <NumberOfCases>173</NumberOfCases>
    </HspcHospitalised>
    <HspcHospitalised>
      <CasesAdmittedToIcu>0</CasesAdmittedToIcu>
      <CasesAdmittedToIcuPercent>0</CasesAdmittedToIcuPercent>
      <CasesHospitalised>11</CasesHospitalised>
      <CasesHospitalisedPercent>5.7</CasesHospitalisedPercent>
      <Name>85Plus</Name>
      <NumberOfCases>105</NumberOfCases>
    </HspcHospitalised>
  </Hospitalised>
  <PreparedDate>2020-10-08T00:00:00</PreparedDate>
  <SexCharacteristics>
    <Female>
      <Absolute>3059</Absolute>
      <Percent>50.09</Percent>
    </Female>
    <Male>
      <Absolute>3036</Absolute>
      <Percent>49.71</Percent>
    </Male>
    <MaleFemaleRatio>0.99</MaleFemaleRatio>
    <Unknown>
      <Absolute>12</Absolute>
      <Percent>0.2</Percent>
    </Unknown>
  </SexCharacteristics>
  <SourceFileName>COVID-19_14_day_epidemiology_report_20201008 - website.pdf</SourceFileName>
  <SymptomStatusAtTimeOfTestCharacteristics>
    <No i:nil="true" />
    <Unknown i:nil="true" />
    <Yes i:nil="true" />
  </SymptomStatusAtTimeOfTestCharacteristics>
  <ToDate>2020-10-07T00:00:00</ToDate>
  <TotalConfirmedCases>
    <Absolute>6107</Absolute>
    <Percent>100</Percent>
  </TotalConfirmedCases>
  <UnderlyingConditionsCharacteristics>
    <No>
      <Absolute>3951</Absolute>
      <Percent>64.7</Percent>
    </No>
    <Unknown>
      <Absolute>704</Absolute>
      <Percent>11.53</Percent>
    </Unknown>
    <Yes>
      <Absolute>1452</Absolute>
      <Percent>23.78</Percent>
    </Yes>
  </UnderlyingConditionsCharacteristics>
</HspcDailyEpidemiology>