﻿<?xml version="1.0" encoding="utf-8"?>
<HspcDailyEpidemiology xmlns:i="http://www.w3.org/2001/XMLSchema-instance" xmlns="http://schemas.datacontract.org/2004/07/CovidStats.DailyEpidemiology">
  <AgeCharacteristics>
    <Age0To4>
      <Absolute>182</Absolute>
      <Percent>4.8</Percent>
    </Age0To4>
    <Age13To18>
      <Absolute>300</Absolute>
      <Percent>7.92</Percent>
    </Age13To18>
    <Age19To24>
      <Absolute>398</Absolute>
      <Percent>10.51</Percent>
    </Age19To24>
    <Age25To34>
      <Absolute>588</Absolute>
      <Percent>15.52</Percent>
    </Age25To34>
    <Age35To44>
      <Absolute>586</Absolute>
      <Percent>15.47</Percent>
    </Age35To44>
    <Age45To54>
      <Absolute>530</Absolute>
      <Percent>13.99</Percent>
    </Age45To54>
    <Age55To64>
      <Absolute>334</Absolute>
      <Percent>8.82</Percent>
    </Age55To64>
    <Age5To12>
      <Absolute>376</Absolute>
      <Percent>9.93</Percent>
    </Age5To12>
    <Age65To74>
      <Absolute>204</Absolute>
      <Percent>5.39</Percent>
    </Age65To74>
    <Age75To84>
      <Absolute>158</Absolute>
      <Percent>4.17</Percent>
    </Age75To84>
    <Age85Plus>
      <Absolute>131</Absolute>
      <Percent>3.46</Percent>
    </Age85Plus>
    <AgeUnknown>
      <Absolute>1</Absolute>
      <Percent>0.03</Percent>
    </AgeUnknown>
    <MeanAge>37</MeanAge>
    <MedianAge>35</MedianAge>
  </AgeCharacteristics>
  <CCARates>
    <HspcIncidence>
      <ConfirmedCases>111</ConfirmedCases>
      <IncidencePer100k>81.6</IncidencePer100k>
      <Name>DublinSouth</Name>
    </HspcIncidence>
    <HspcIncidence>
      <ConfirmedCases>200</ConfirmedCases>
      <IncidencePer100k>161.7</IncidencePer100k>
      <Name>DublinSouthEast</Name>
    </HspcIncidence>
    <HspcIncidence>
      <ConfirmedCases>94</ConfirmedCases>
      <IncidencePer100k>62.7</IncidencePer100k>
      <Name>DublinSouthCity</Name>
    </HspcIncidence>
    <HspcIncidence>
      <ConfirmedCases>117</ConfirmedCases>
      <IncidencePer100k>72.7</IncidencePer100k>
      <Name>DublinSouthWest</Name>
    </HspcIncidence>
    <HspcIncidence>
      <ConfirmedCases>123</ConfirmedCases>
      <IncidencePer100k>79.2</IncidencePer100k>
      <Name>DublinWest</Name>
    </HspcIncidence>
    <HspcIncidence>
      <ConfirmedCases>204</ConfirmedCases>
      <IncidencePer100k>98.2</IncidencePer100k>
      <Name>DublinNorthWest</Name>
    </HspcIncidence>
    <HspcIncidence>
      <ConfirmedCases>202</ConfirmedCases>
      <IncidencePer100k>130.7</IncidencePer100k>
      <Name>DublinNorthCentral</Name>
    </HspcIncidence>
    <HspcIncidence>
      <ConfirmedCases>214</ConfirmedCases>
      <IncidencePer100k>82.6</IncidencePer100k>
      <Name>DublinNorth</Name>
    </HspcIncidence>
  </CCARates>
  <CHORates>
    <HspcIncidence>
      <ConfirmedCases>510</ConfirmedCases>
      <IncidencePer100k>130.3</IncidencePer100k>
      <Name>CHO1</Name>
    </HspcIncidence>
    <HspcIncidence>
      <ConfirmedCases>282</ConfirmedCases>
      <IncidencePer100k>62.2</IncidencePer100k>
      <Name>CHO2</Name>
    </HspcIncidence>
    <HspcIncidence>
      <ConfirmedCases>335</ConfirmedCases>
      <IncidencePer100k>87.0</IncidencePer100k>
      <Name>CHO3</Name>
    </HspcIncidence>
    <HspcIncidence>
      <ConfirmedCases>195</ConfirmedCases>
      <IncidencePer100k>28.2</IncidencePer100k>
      <Name>CHO4</Name>
    </HspcIncidence>
    <HspcIncidence>
      <ConfirmedCases>480</ConfirmedCases>
      <IncidencePer100k>94.1</IncidencePer100k>
      <Name>CHO5</Name>
    </HspcIncidence>
    <HspcIncidence>
      <ConfirmedCases>472</ConfirmedCases>
      <IncidencePer100k>123.2</IncidencePer100k>
      <Name>CHO6</Name>
    </HspcIncidence>
    <HspcIncidence>
      <ConfirmedCases>448</ConfirmedCases>
      <IncidencePer100k>63.3</IncidencePer100k>
      <Name>CHO7</Name>
    </HspcIncidence>
    <HspcIncidence>
      <ConfirmedCases>446</ConfirmedCases>
      <IncidencePer100k>72.0</IncidencePer100k>
      <Name>CHO8</Name>
    </HspcIncidence>
    <HspcIncidence>
      <ConfirmedCases>620</ConfirmedCases>
      <IncidencePer100k>99.8</IncidencePer100k>
      <Name>CHO9</Name>
    </HspcIncidence>
  </CHORates>
  <CountyRates>
    <HspcIncidence>
      <ConfirmedCases>361</ConfirmedCases>
      <IncidencePer100k>226.8</IncidencePer100k>
      <Name>Donegal</Name>
    </HspcIncidence>
    <HspcIncidence>
      <ConfirmedCases>190</ConfirmedCases>
      <IncidencePer100k>191.5</IncidencePer100k>
      <Name>Kilkenny</Name>
    </HspcIncidence>
    <HspcIncidence>
      <ConfirmedCases>198</ConfirmedCases>
      <IncidencePer100k>153.6</IncidencePer100k>
      <Name>Louth</Name>
    </HspcIncidence>
    <HspcIncidence>
      <ConfirmedCases>264</ConfirmedCases>
      <IncidencePer100k>135.5</IncidencePer100k>
      <Name>Limerick</Name>
    </HspcIncidence>
    <HspcIncidence>
      <ConfirmedCases>76</ConfirmedCases>
      <IncidencePer100k>123.8</IncidencePer100k>
      <Name>Monaghan</Name>
    </HspcIncidence>
    <HspcIncidence>
      <ConfirmedCases>69</ConfirmedCases>
      <IncidencePer100k>121.2</IncidencePer100k>
      <Name>Carlow</Name>
    </HspcIncidence>
    <HspcIncidence>
      <ConfirmedCases>163</ConfirmedCases>
      <IncidencePer100k>114.4</IncidencePer100k>
      <Name>Wicklow</Name>
    </HspcIncidence>
    <HspcIncidence>
      <ConfirmedCases>1265</ConfirmedCases>
      <IncidencePer100k>93.9</IncidencePer100k>
      <Name>Dublin</Name>
    </HspcIncidence>
    <HspcIncidence>
      <ConfirmedCases>128</ConfirmedCases>
      <IncidencePer100k>80.2</IncidencePer100k>
      <Name>Tipperary</Name>
    </HspcIncidence>
    <HspcIncidence>
      <ConfirmedCases>91</ConfirmedCases>
      <IncidencePer100k>78.3</IncidencePer100k>
      <Name>Waterford</Name>
    </HspcIncidence>
    <HspcIncidence>
      <ConfirmedCases>32</ConfirmedCases>
      <IncidencePer100k>78.3</IncidencePer100k>
      <Name>Longford</Name>
    </HspcIncidence>
    <HspcIncidence>
      <ConfirmedCases>99</ConfirmedCases>
      <IncidencePer100k>75.9</IncidencePer100k>
      <Name>Mayo</Name>
    </HspcIncidence>
    <HspcIncidence>
      <ConfirmedCases>53</ConfirmedCases>
      <IncidencePer100k>68.0</IncidencePer100k>
      <Name>Offaly</Name>
    </HspcIncidence>
    <HspcIncidence>
      <ConfirmedCases>48</ConfirmedCases>
      <IncidencePer100k>63.0</IncidencePer100k>
      <Name>Cavan</Name>
    </HspcIncidence>
    <HspcIncidence>
      <ConfirmedCases>150</ConfirmedCases>
      <IncidencePer100k>58.1</IncidencePer100k>
      <Name>Galway</Name>
    </HspcIncidence>
    <HspcIncidence>
      <ConfirmedCases>46</ConfirmedCases>
      <IncidencePer100k>54.3</IncidencePer100k>
      <Name>Laois</Name>
    </HspcIncidence>
    <HspcIncidence>
      <ConfirmedCases>33</ConfirmedCases>
      <IncidencePer100k>51.1</IncidencePer100k>
      <Name>Roscommon</Name>
    </HspcIncidence>
    <HspcIncidence>
      <ConfirmedCases>112</ConfirmedCases>
      <IncidencePer100k>50.3</IncidencePer100k>
      <Name>Kildare</Name>
    </HspcIncidence>
    <HspcIncidence>
      <ConfirmedCases>96</ConfirmedCases>
      <IncidencePer100k>49.2</IncidencePer100k>
      <Name>Meath</Name>
    </HspcIncidence>
    <HspcIncidence>
      <ConfirmedCases>38</ConfirmedCases>
      <IncidencePer100k>32.0</IncidencePer100k>
      <Name>Clare</Name>
    </HspcIncidence>
    <HspcIncidence>
      <ConfirmedCases>20</ConfirmedCases>
      <IncidencePer100k>30.5</IncidencePer100k>
      <Name>Sligo</Name>
    </HspcIncidence>
    <HspcIncidence>
      <ConfirmedCases>155</ConfirmedCases>
      <IncidencePer100k>28.6</IncidencePer100k>
      <Name>Cork</Name>
    </HspcIncidence>
    <HspcIncidence>
      <ConfirmedCases>40</ConfirmedCases>
      <IncidencePer100k>27.1</IncidencePer100k>
      <Name>Kerry</Name>
    </HspcIncidence>
    <HspcIncidence>
      <ConfirmedCases>36</ConfirmedCases>
      <IncidencePer100k>24.0</IncidencePer100k>
      <Name>Wexford</Name>
    </HspcIncidence>
    <HspcIncidence>
      <ConfirmedCases>20</ConfirmedCases>
      <IncidencePer100k>22.5</IncidencePer100k>
      <Name>Westmeath</Name>
    </HspcIncidence>
    <HspcIncidence>
      <ConfirmedCases>5</ConfirmedCases>
      <IncidencePer100k>15.6</IncidencePer100k>
      <Name>Leitrim</Name>
    </HspcIncidence>
  </CountyRates>
  <FromDate>2020-11-25T00:00:00</FromDate>
  <Hospitalised>
    <HspcHospitalised>
      <CasesAdmittedToIcu>0</CasesAdmittedToIcu>
      <CasesAdmittedToIcuPercent>0</CasesAdmittedToIcuPercent>
      <CasesHospitalised>2</CasesHospitalised>
      <CasesHospitalisedPercent>0.9</CasesHospitalisedPercent>
      <Name>0To4</Name>
      <NumberOfCases>173</NumberOfCases>
    </HspcHospitalised>
    <HspcHospitalised>
      <CasesAdmittedToIcu>0</CasesAdmittedToIcu>
      <CasesAdmittedToIcuPercent>0</CasesAdmittedToIcuPercent>
      <CasesHospitalised>2</CasesHospitalised>
      <CasesHospitalisedPercent>0.9</CasesHospitalisedPercent>
      <Name>5To12</Name>
      <NumberOfCases>370</NumberOfCases>
    </HspcHospitalised>
    <HspcHospitalised>
      <CasesAdmittedToIcu>0</CasesAdmittedToIcu>
      <CasesAdmittedToIcuPercent>0</CasesAdmittedToIcuPercent>
      <CasesHospitalised>2</CasesHospitalised>
      <CasesHospitalisedPercent>0.9</CasesHospitalisedPercent>
      <Name>13To18</Name>
      <NumberOfCases>312</NumberOfCases>
    </HspcHospitalised>
    <HspcHospitalised>
      <CasesAdmittedToIcu>0</CasesAdmittedToIcu>
      <CasesAdmittedToIcuPercent>0</CasesAdmittedToIcuPercent>
      <CasesHospitalised>3</CasesHospitalised>
      <CasesHospitalisedPercent>1.3</CasesHospitalisedPercent>
      <Name>19To24</Name>
      <NumberOfCases>439</NumberOfCases>
    </HspcHospitalised>
    <HspcHospitalised>
      <CasesAdmittedToIcu>0</CasesAdmittedToIcu>
      <CasesAdmittedToIcuPercent>0</CasesAdmittedToIcuPercent>
      <CasesHospitalised>17</CasesHospitalised>
      <CasesHospitalisedPercent>7.2</CasesHospitalisedPercent>
      <Name>25To34</Name>
      <NumberOfCases>583</NumberOfCases>
    </HspcHospitalised>
    <HspcHospitalised>
      <CasesAdmittedToIcu>1</CasesAdmittedToIcu>
      <CasesAdmittedToIcuPercent>9.1</CasesAdmittedToIcuPercent>
      <CasesHospitalised>14</CasesHospitalised>
      <CasesHospitalisedPercent>6.0</CasesHospitalisedPercent>
      <Name>35To44</Name>
      <NumberOfCases>581</NumberOfCases>
    </HspcHospitalised>
    <HspcHospitalised>
      <CasesAdmittedToIcu>1</CasesAdmittedToIcu>
      <CasesAdmittedToIcuPercent>9.1</CasesAdmittedToIcuPercent>
      <CasesHospitalised>23</CasesHospitalised>
      <CasesHospitalisedPercent>9.8</CasesHospitalisedPercent>
      <Name>45To54</Name>
      <NumberOfCases>529</NumberOfCases>
    </HspcHospitalised>
    <HspcHospitalised>
      <CasesAdmittedToIcu>5</CasesAdmittedToIcu>
      <CasesAdmittedToIcuPercent>45.5</CasesAdmittedToIcuPercent>
      <CasesHospitalised>27</CasesHospitalised>
      <CasesHospitalisedPercent>11.5</CasesHospitalisedPercent>
      <Name>55To64</Name>
      <NumberOfCases>336</NumberOfCases>
    </HspcHospitalised>
    <HspcHospitalised>
      <CasesAdmittedToIcu>1</CasesAdmittedToIcu>
      <CasesAdmittedToIcuPercent>9.1</CasesAdmittedToIcuPercent>
      <CasesHospitalised>40</CasesHospitalised>
      <CasesHospitalisedPercent>17.0</CasesHospitalisedPercent>
      <Name>65To74</Name>
      <NumberOfCases>204</NumberOfCases>
    </HspcHospitalised>
    <HspcHospitalised>
      <CasesAdmittedToIcu>3</CasesAdmittedToIcu>
      <CasesAdmittedToIcuPercent>27.3</CasesAdmittedToIcuPercent>
      <CasesHospitalised>63</CasesHospitalised>
      <CasesHospitalisedPercent>26.8</CasesHospitalisedPercent>
      <Name>75To84</Name>
      <NumberOfCases>183</NumberOfCases>
    </HspcHospitalised>
    <HspcHospitalised>
      <CasesAdmittedToIcu>0</CasesAdmittedToIcu>
      <CasesAdmittedToIcuPercent>0</CasesAdmittedToIcuPercent>
      <CasesHospitalised>42</CasesHospitalised>
      <CasesHospitalisedPercent>17.9</CasesHospitalisedPercent>
      <Name>85Plus</Name>
      <NumberOfCases>131</NumberOfCases>
    </HspcHospitalised>
    <HspcHospitalised>
      <CasesAdmittedToIcu>0</CasesAdmittedToIcu>
      <CasesAdmittedToIcuPercent>0</CasesAdmittedToIcuPercent>
      <CasesHospitalised>0</CasesHospitalised>
      <CasesHospitalisedPercent>0</CasesHospitalisedPercent>
      <Name>Unknown</Name>
      <NumberOfCases>1</NumberOfCases>
    </HspcHospitalised>
  </Hospitalised>
  <PreparedDate>2020-12-09T00:00:00</PreparedDate>
  <SexCharacteristics>
    <Female>
      <Absolute>1930</Absolute>
      <Percent>50.95</Percent>
    </Female>
    <Male>
      <Absolute>1847</Absolute>
      <Percent>48.76</Percent>
    </Male>
    <MaleFemaleRatio>0.96</MaleFemaleRatio>
    <Unknown>
      <Absolute>11</Absolute>
      <Percent>0.29</Percent>
    </Unknown>
  </SexCharacteristics>
  <SourceFileName>COVID-19_14_day_epidemiology_report_20201209 - website.pdf</SourceFileName>
  <SymptomStatusAtTimeOfTestCharacteristics>
    <No>
      <Absolute>960</Absolute>
      <Percent>25.34</Percent>
    </No>
    <Unknown>
      <Absolute>592</Absolute>
      <Percent>15.63</Percent>
    </Unknown>
    <Yes>
      <Absolute>2236</Absolute>
      <Percent>59.03</Percent>
    </Yes>
  </SymptomStatusAtTimeOfTestCharacteristics>
  <ToDate>2020-12-08T00:00:00</ToDate>
  <TotalConfirmedCases>
    <Absolute>3788</Absolute>
    <Percent>100</Percent>
  </TotalConfirmedCases>
  <UnderlyingConditionsCharacteristics>
    <No>
      <Absolute>2128</Absolute>
      <Percent>56.18</Percent>
    </No>
    <Unknown>
      <Absolute>516</Absolute>
      <Percent>13.62</Percent>
    </Unknown>
    <Yes>
      <Absolute>1144</Absolute>
      <Percent>30.2</Percent>
    </Yes>
  </UnderlyingConditionsCharacteristics>
</HspcDailyEpidemiology>