﻿<?xml version="1.0" encoding="utf-8"?>
<HspcDailyEpidemiology xmlns:i="http://www.w3.org/2001/XMLSchema-instance" xmlns="http://schemas.datacontract.org/2004/07/CovidStats.DailyEpidemiology">
  <AgeCharacteristics>
    <Age0To4>
      <Absolute>501</Absolute>
      <Percent>4.24</Percent>
    </Age0To4>
    <Age13To18>
      <Absolute>1104</Absolute>
      <Percent>9.35</Percent>
    </Age13To18>
    <Age19To24>
      <Absolute>1801</Absolute>
      <Percent>15.25</Percent>
    </Age19To24>
    <Age25To34>
      <Absolute>1724</Absolute>
      <Percent>14.6</Percent>
    </Age25To34>
    <Age35To44>
      <Absolute>1647</Absolute>
      <Percent>13.95</Percent>
    </Age35To44>
    <Age45To54>
      <Absolute>1644</Absolute>
      <Percent>13.92</Percent>
    </Age45To54>
    <Age55To64>
      <Absolute>1235</Absolute>
      <Percent>10.46</Percent>
    </Age55To64>
    <Age5To12>
      <Absolute>943</Absolute>
      <Percent>7.99</Percent>
    </Age5To12>
    <Age65To74>
      <Absolute>633</Absolute>
      <Percent>5.36</Percent>
    </Age65To74>
    <Age75To84>
      <Absolute>353</Absolute>
      <Percent>2.99</Percent>
    </Age75To84>
    <Age85Plus>
      <Absolute>221</Absolute>
      <Percent>1.87</Percent>
    </Age85Plus>
    <AgeUnknown>
      <Absolute>2</Absolute>
      <Percent>0.02</Percent>
    </AgeUnknown>
    <MeanAge>36</MeanAge>
    <MedianAge>33</MedianAge>
  </AgeCharacteristics>
  <CCARates>
    <HspcIncidence>
      <ConfirmedCases>144</ConfirmedCases>
      <IncidencePer100k>105.8</IncidencePer100k>
      <Name>DublinSouth</Name>
    </HspcIncidence>
    <HspcIncidence>
      <ConfirmedCases>274</ConfirmedCases>
      <IncidencePer100k>221.5</IncidencePer100k>
      <Name>DublinSouthEast</Name>
    </HspcIncidence>
    <HspcIncidence>
      <ConfirmedCases>213</ConfirmedCases>
      <IncidencePer100k>142.1</IncidencePer100k>
      <Name>DublinSouthCity</Name>
    </HspcIncidence>
    <HspcIncidence>
      <ConfirmedCases>335</ConfirmedCases>
      <IncidencePer100k>208.2</IncidencePer100k>
      <Name>DublinSouthWest</Name>
    </HspcIncidence>
    <HspcIncidence>
      <ConfirmedCases>418</ConfirmedCases>
      <IncidencePer100k>269.1</IncidencePer100k>
      <Name>DublinWest</Name>
    </HspcIncidence>
    <HspcIncidence>
      <ConfirmedCases>655</ConfirmedCases>
      <IncidencePer100k>315.4</IncidencePer100k>
      <Name>DublinNorthWest</Name>
    </HspcIncidence>
    <HspcIncidence>
      <ConfirmedCases>417</ConfirmedCases>
      <IncidencePer100k>269.8</IncidencePer100k>
      <Name>DublinNorthCentral</Name>
    </HspcIncidence>
    <HspcIncidence>
      <ConfirmedCases>604</ConfirmedCases>
      <IncidencePer100k>233.1</IncidencePer100k>
      <Name>DublinNorth</Name>
    </HspcIncidence>
  </CCARates>
  <CHORates i:nil="true" />
  <CountyRates>
    <HspcIncidence>
      <ConfirmedCases>429</ConfirmedCases>
      <IncidencePer100k>563.2</IncidencePer100k>
      <Name>Cavan</Name>
    </HspcIncidence>
    <HspcIncidence>
      <ConfirmedCases>941</ConfirmedCases>
      <IncidencePer100k>482.5</IncidencePer100k>
      <Name>Meath</Name>
    </HspcIncidence>
    <HspcIncidence>
      <ConfirmedCases>218</ConfirmedCases>
      <IncidencePer100k>332.6</IncidencePer100k>
      <Name>Sligo</Name>
    </HspcIncidence>
    <HspcIncidence>
      <ConfirmedCases>275</ConfirmedCases>
      <IncidencePer100k>309.8</IncidencePer100k>
      <Name>Westmeath</Name>
    </HspcIncidence>
    <HspcIncidence>
      <ConfirmedCases>493</ConfirmedCases>
      <IncidencePer100k>309.7</IncidencePer100k>
      <Name>Donegal</Name>
    </HspcIncidence>
    <HspcIncidence>
      <ConfirmedCases>385</ConfirmedCases>
      <IncidencePer100k>298.7</IncidencePer100k>
      <Name>Louth</Name>
    </HspcIncidence>
    <HspcIncidence>
      <ConfirmedCases>731</ConfirmedCases>
      <IncidencePer100k>283.3</IncidencePer100k>
      <Name>Galway</Name>
    </HspcIncidence>
    <HspcIncidence>
      <ConfirmedCases>1510</ConfirmedCases>
      <IncidencePer100k>278.2</IncidencePer100k>
      <Name>Cork</Name>
    </HspcIncidence>
    <HspcIncidence>
      <ConfirmedCases>157</ConfirmedCases>
      <IncidencePer100k>275.8</IncidencePer100k>
      <Name>Carlow</Name>
    </HspcIncidence>
    <HspcIncidence>
      <ConfirmedCases>168</ConfirmedCases>
      <IncidencePer100k>273.7</IncidencePer100k>
      <Name>Monaghan</Name>
    </HspcIncidence>
    <HspcIncidence>
      <ConfirmedCases>512</ConfirmedCases>
      <IncidencePer100k>262.7</IncidencePer100k>
      <Name>Limerick</Name>
    </HspcIncidence>
    <HspcIncidence>
      <ConfirmedCases>514</ConfirmedCases>
      <IncidencePer100k>231.0</IncidencePer100k>
      <Name>Kildare</Name>
    </HspcIncidence>
    <HspcIncidence>
      <ConfirmedCases>300</ConfirmedCases>
      <IncidencePer100k>229.9</IncidencePer100k>
      <Name>Mayo</Name>
    </HspcIncidence>
    <HspcIncidence>
      <ConfirmedCases>147</ConfirmedCases>
      <IncidencePer100k>227.8</IncidencePer100k>
      <Name>Roscommon</Name>
    </HspcIncidence>
    <HspcIncidence>
      <ConfirmedCases>93</ConfirmedCases>
      <IncidencePer100k>227.5</IncidencePer100k>
      <Name>Longford</Name>
    </HspcIncidence>
    <HspcIncidence>
      <ConfirmedCases>3061</ConfirmedCases>
      <IncidencePer100k>227.2</IncidencePer100k>
      <Name>Dublin</Name>
    </HspcIncidence>
    <HspcIncidence>
      <ConfirmedCases>250</ConfirmedCases>
      <IncidencePer100k>210.4</IncidencePer100k>
      <Name>Clare</Name>
    </HspcIncidence>
    <HspcIncidence>
      <ConfirmedCases>171</ConfirmedCases>
      <IncidencePer100k>201.9</IncidencePer100k>
      <Name>Laois</Name>
    </HspcIncidence>
    <HspcIncidence>
      <ConfirmedCases>234</ConfirmedCases>
      <IncidencePer100k>201.4</IncidencePer100k>
      <Name>Waterford</Name>
    </HspcIncidence>
    <HspcIncidence>
      <ConfirmedCases>295</ConfirmedCases>
      <IncidencePer100k>199.7</IncidencePer100k>
      <Name>Kerry</Name>
    </HspcIncidence>
    <HspcIncidence>
      <ConfirmedCases>256</ConfirmedCases>
      <IncidencePer100k>171.0</IncidencePer100k>
      <Name>Wexford</Name>
    </HspcIncidence>
    <HspcIncidence>
      <ConfirmedCases>124</ConfirmedCases>
      <IncidencePer100k>159.1</IncidencePer100k>
      <Name>Offaly</Name>
    </HspcIncidence>
    <HspcIncidence>
      <ConfirmedCases>141</ConfirmedCases>
      <IncidencePer100k>142.1</IncidencePer100k>
      <Name>Kilkenny</Name>
    </HspcIncidence>
    <HspcIncidence>
      <ConfirmedCases>208</ConfirmedCases>
      <IncidencePer100k>130.4</IncidencePer100k>
      <Name>Tipperary</Name>
    </HspcIncidence>
    <HspcIncidence>
      <ConfirmedCases>164</ConfirmedCases>
      <IncidencePer100k>115.1</IncidencePer100k>
      <Name>Wicklow</Name>
    </HspcIncidence>
    <HspcIncidence>
      <ConfirmedCases>31</ConfirmedCases>
      <IncidencePer100k>96.7</IncidencePer100k>
      <Name>Leitrim</Name>
    </HspcIncidence>
  </CountyRates>
  <FromDate>2020-10-19T00:00:00</FromDate>
  <Hospitalised>
    <HspcHospitalised>
      <CasesAdmittedToIcu>0</CasesAdmittedToIcu>
      <CasesAdmittedToIcuPercent>0</CasesAdmittedToIcuPercent>
      <CasesHospitalised>4</CasesHospitalised>
      <CasesHospitalisedPercent>1.09</CasesHospitalisedPercent>
      <Name>0To4</Name>
      <NumberOfCases>501</NumberOfCases>
    </HspcHospitalised>
    <HspcHospitalised>
      <CasesAdmittedToIcu>0</CasesAdmittedToIcu>
      <CasesAdmittedToIcuPercent>0</CasesAdmittedToIcuPercent>
      <CasesHospitalised>6</CasesHospitalised>
      <CasesHospitalisedPercent>1.63</CasesHospitalisedPercent>
      <Name>5To12</Name>
      <NumberOfCases>943</NumberOfCases>
    </HspcHospitalised>
    <HspcHospitalised>
      <CasesAdmittedToIcu>0</CasesAdmittedToIcu>
      <CasesAdmittedToIcuPercent>0</CasesAdmittedToIcuPercent>
      <CasesHospitalised>7</CasesHospitalised>
      <CasesHospitalisedPercent>1.9</CasesHospitalisedPercent>
      <Name>13To18</Name>
      <NumberOfCases>1104</NumberOfCases>
    </HspcHospitalised>
    <HspcHospitalised>
      <CasesAdmittedToIcu>0</CasesAdmittedToIcu>
      <CasesAdmittedToIcuPercent>0</CasesAdmittedToIcuPercent>
      <CasesHospitalised>10</CasesHospitalised>
      <CasesHospitalisedPercent>2.72</CasesHospitalisedPercent>
      <Name>19To24</Name>
      <NumberOfCases>1801</NumberOfCases>
    </HspcHospitalised>
    <HspcHospitalised>
      <CasesAdmittedToIcu>0</CasesAdmittedToIcu>
      <CasesAdmittedToIcuPercent>0</CasesAdmittedToIcuPercent>
      <CasesHospitalised>20</CasesHospitalised>
      <CasesHospitalisedPercent>5.43</CasesHospitalisedPercent>
      <Name>25To34</Name>
      <NumberOfCases>1724</NumberOfCases>
    </HspcHospitalised>
    <HspcHospitalised>
      <CasesAdmittedToIcu>0</CasesAdmittedToIcu>
      <CasesAdmittedToIcuPercent>0</CasesAdmittedToIcuPercent>
      <CasesHospitalised>32</CasesHospitalised>
      <CasesHospitalisedPercent>8.7</CasesHospitalisedPercent>
      <Name>35To44</Name>
      <NumberOfCases>1647</NumberOfCases>
    </HspcHospitalised>
    <HspcHospitalised>
      <CasesAdmittedToIcu>3</CasesAdmittedToIcu>
      <CasesAdmittedToIcuPercent>12.5</CasesAdmittedToIcuPercent>
      <CasesHospitalised>36</CasesHospitalised>
      <CasesHospitalisedPercent>9.78</CasesHospitalisedPercent>
      <Name>45To54</Name>
      <NumberOfCases>1644</NumberOfCases>
    </HspcHospitalised>
    <HspcHospitalised>
      <CasesAdmittedToIcu>3</CasesAdmittedToIcu>
      <CasesAdmittedToIcuPercent>12.5</CasesAdmittedToIcuPercent>
      <CasesHospitalised>53</CasesHospitalised>
      <CasesHospitalisedPercent>14.4</CasesHospitalisedPercent>
      <Name>55To64</Name>
      <NumberOfCases>1235</NumberOfCases>
    </HspcHospitalised>
    <HspcHospitalised>
      <CasesAdmittedToIcu>12</CasesAdmittedToIcu>
      <CasesAdmittedToIcuPercent>50</CasesAdmittedToIcuPercent>
      <CasesHospitalised>71</CasesHospitalised>
      <CasesHospitalisedPercent>19.29</CasesHospitalisedPercent>
      <Name>65To74</Name>
      <NumberOfCases>633</NumberOfCases>
    </HspcHospitalised>
    <HspcHospitalised>
      <CasesAdmittedToIcu>6</CasesAdmittedToIcu>
      <CasesAdmittedToIcuPercent>25</CasesAdmittedToIcuPercent>
      <CasesHospitalised>85</CasesHospitalised>
      <CasesHospitalisedPercent>23.1</CasesHospitalisedPercent>
      <Name>75To84</Name>
      <NumberOfCases>353</NumberOfCases>
    </HspcHospitalised>
    <HspcHospitalised>
      <CasesAdmittedToIcu>0</CasesAdmittedToIcu>
      <CasesAdmittedToIcuPercent>0</CasesAdmittedToIcuPercent>
      <CasesHospitalised>44</CasesHospitalised>
      <CasesHospitalisedPercent>11.96</CasesHospitalisedPercent>
      <Name>85Plus</Name>
      <NumberOfCases>221</NumberOfCases>
    </HspcHospitalised>
    <HspcHospitalised>
      <CasesAdmittedToIcu>0</CasesAdmittedToIcu>
      <CasesAdmittedToIcuPercent>0</CasesAdmittedToIcuPercent>
      <CasesHospitalised>0</CasesHospitalised>
      <CasesHospitalisedPercent>0</CasesHospitalisedPercent>
      <Name>Unknown</Name>
      <NumberOfCases>2</NumberOfCases>
    </HspcHospitalised>
  </Hospitalised>
  <PreparedDate>2020-11-02T00:00:00</PreparedDate>
  <SexCharacteristics>
    <Female>
      <Absolute>6072</Absolute>
      <Percent>51.42</Percent>
    </Female>
    <Male>
      <Absolute>5728</Absolute>
      <Percent>48.51</Percent>
    </Male>
    <MaleFemaleRatio>0.94</MaleFemaleRatio>
    <Unknown>
      <Absolute>8</Absolute>
      <Percent>0.07</Percent>
    </Unknown>
  </SexCharacteristics>
  <SourceFileName>COVID-19_14 day epidemiology report_20201102_website.pdf</SourceFileName>
  <SymptomStatusAtTimeOfTestCharacteristics>
    <No>
      <Absolute>2549</Absolute>
      <Percent>21.59</Percent>
    </No>
    <Unknown>
      <Absolute>3537</Absolute>
      <Percent>29.95</Percent>
    </Unknown>
    <Yes>
      <Absolute>5722</Absolute>
      <Percent>48.46</Percent>
    </Yes>
  </SymptomStatusAtTimeOfTestCharacteristics>
  <ToDate>2020-11-01T00:00:00</ToDate>
  <TotalConfirmedCases>
    <Absolute>11808</Absolute>
    <Percent>100</Percent>
  </TotalConfirmedCases>
  <UnderlyingConditionsCharacteristics>
    <No>
      <Absolute>8074</Absolute>
      <Percent>68.38</Percent>
    </No>
    <Unknown>
      <Absolute>3306</Absolute>
      <Percent>28</Percent>
    </Unknown>
    <Yes>
      <Absolute>428</Absolute>
      <Percent>3.62</Percent>
    </Yes>
  </UnderlyingConditionsCharacteristics>
</HspcDailyEpidemiology>