﻿<?xml version="1.0" encoding="utf-8"?>
<HspcDailyEpidemiology xmlns:i="http://www.w3.org/2001/XMLSchema-instance" xmlns="http://schemas.datacontract.org/2004/07/CovidStats.DailyEpidemiology">
  <AgeCharacteristics>
    <Age0To4>
      <Absolute>189</Absolute>
      <Percent>3.94</Percent>
    </Age0To4>
    <Age13To18>
      <Absolute>355</Absolute>
      <Percent>7.4</Percent>
    </Age13To18>
    <Age19To24>
      <Absolute>438</Absolute>
      <Percent>9.13</Percent>
    </Age19To24>
    <Age25To34>
      <Absolute>824</Absolute>
      <Percent>17.17</Percent>
    </Age25To34>
    <Age35To44>
      <Absolute>745</Absolute>
      <Percent>15.53</Percent>
    </Age35To44>
    <Age45To54>
      <Absolute>694</Absolute>
      <Percent>14.46</Percent>
    </Age45To54>
    <Age55To64>
      <Absolute>507</Absolute>
      <Percent>10.57</Percent>
    </Age55To64>
    <Age5To12>
      <Absolute>469</Absolute>
      <Percent>9.77</Percent>
    </Age5To12>
    <Age65To74>
      <Absolute>248</Absolute>
      <Percent>5.17</Percent>
    </Age65To74>
    <Age75To84>
      <Absolute>188</Absolute>
      <Percent>3.92</Percent>
    </Age75To84>
    <Age85Plus>
      <Absolute>141</Absolute>
      <Percent>2.94</Percent>
    </Age85Plus>
    <AgeUnknown>
      <Absolute>0</Absolute>
      <Percent>0</Percent>
    </AgeUnknown>
    <MeanAge>38</MeanAge>
    <MedianAge>36</MedianAge>
  </AgeCharacteristics>
  <CCARates>
    <HspcIncidence>
      <ConfirmedCases>102</ConfirmedCases>
      <IncidencePer100k>75.0</IncidencePer100k>
      <Name>DublinSouth</Name>
    </HspcIncidence>
    <HspcIncidence>
      <ConfirmedCases>252</ConfirmedCases>
      <IncidencePer100k>203.7</IncidencePer100k>
      <Name>DublinSouthEast</Name>
    </HspcIncidence>
    <HspcIncidence>
      <ConfirmedCases>107</ConfirmedCases>
      <IncidencePer100k>71.4</IncidencePer100k>
      <Name>DublinSouthCity</Name>
    </HspcIncidence>
    <HspcIncidence>
      <ConfirmedCases>105</ConfirmedCases>
      <IncidencePer100k>65.3</IncidencePer100k>
      <Name>DublinSouthWest</Name>
    </HspcIncidence>
    <HspcIncidence>
      <ConfirmedCases>142</ConfirmedCases>
      <IncidencePer100k>91.4</IncidencePer100k>
      <Name>DublinWest</Name>
    </HspcIncidence>
    <HspcIncidence>
      <ConfirmedCases>254</ConfirmedCases>
      <IncidencePer100k>122.3</IncidencePer100k>
      <Name>DublinNorthWest</Name>
    </HspcIncidence>
    <HspcIncidence>
      <ConfirmedCases>255</ConfirmedCases>
      <IncidencePer100k>165.0</IncidencePer100k>
      <Name>DublinNorthCentral</Name>
    </HspcIncidence>
    <HspcIncidence>
      <ConfirmedCases>302</ConfirmedCases>
      <IncidencePer100k>116.5</IncidencePer100k>
      <Name>DublinNorth</Name>
    </HspcIncidence>
  </CCARates>
  <CHORates>
    <HspcIncidence>
      <ConfirmedCases>639</ConfirmedCases>
      <IncidencePer100k>163.3</IncidencePer100k>
      <Name>CHO1</Name>
    </HspcIncidence>
    <HspcIncidence>
      <ConfirmedCases>298</ConfirmedCases>
      <IncidencePer100k>65.8</IncidencePer100k>
      <Name>CHO2</Name>
    </HspcIncidence>
    <HspcIncidence>
      <ConfirmedCases>329</ConfirmedCases>
      <IncidencePer100k>85.5</IncidencePer100k>
      <Name>CHO3</Name>
    </HspcIncidence>
    <HspcIncidence>
      <ConfirmedCases>325</ConfirmedCases>
      <IncidencePer100k>47.1</IncidencePer100k>
      <Name>CHO4</Name>
    </HspcIncidence>
    <HspcIncidence>
      <ConfirmedCases>651</ConfirmedCases>
      <IncidencePer100k>127.6</IncidencePer100k>
      <Name>CHO5</Name>
    </HspcIncidence>
    <HspcIncidence>
      <ConfirmedCases>464</ConfirmedCases>
      <IncidencePer100k>121.1</IncidencePer100k>
      <Name>CHO6</Name>
    </HspcIncidence>
    <HspcIncidence>
      <ConfirmedCases>529</ConfirmedCases>
      <IncidencePer100k>74.7</IncidencePer100k>
      <Name>CHO7</Name>
    </HspcIncidence>
    <HspcIncidence>
      <ConfirmedCases>752</ConfirmedCases>
      <IncidencePer100k>121.4</IncidencePer100k>
      <Name>CHO8</Name>
    </HspcIncidence>
    <HspcIncidence>
      <ConfirmedCases>811</ConfirmedCases>
      <IncidencePer100k>130.5</IncidencePer100k>
      <Name>CHO9</Name>
    </HspcIncidence>
  </CHORates>
  <CountyRates>
    <HspcIncidence>
      <ConfirmedCases>389</ConfirmedCases>
      <IncidencePer100k>244.4</IncidencePer100k>
      <Name>Donegal</Name>
    </HspcIncidence>
    <HspcIncidence>
      <ConfirmedCases>287</ConfirmedCases>
      <IncidencePer100k>222.7</IncidencePer100k>
      <Name>Louth</Name>
    </HspcIncidence>
    <HspcIncidence>
      <ConfirmedCases>193</ConfirmedCases>
      <IncidencePer100k>194.5</IncidencePer100k>
      <Name>Kilkenny</Name>
    </HspcIncidence>
    <HspcIncidence>
      <ConfirmedCases>97</ConfirmedCases>
      <IncidencePer100k>170.4</IncidencePer100k>
      <Name>Carlow</Name>
    </HspcIncidence>
    <HspcIncidence>
      <ConfirmedCases>117</ConfirmedCases>
      <IncidencePer100k>153.6</IncidencePer100k>
      <Name>Cavan</Name>
    </HspcIncidence>
    <HspcIncidence>
      <ConfirmedCases>127</ConfirmedCases>
      <IncidencePer100k>149.9</IncidencePer100k>
      <Name>Laois</Name>
    </HspcIncidence>
    <HspcIncidence>
      <ConfirmedCases>60</ConfirmedCases>
      <IncidencePer100k>146.8</IncidencePer100k>
      <Name>Longford</Name>
    </HspcIncidence>
    <HspcIncidence>
      <ConfirmedCases>82</ConfirmedCases>
      <IncidencePer100k>133.6</IncidencePer100k>
      <Name>Monaghan</Name>
    </HspcIncidence>
    <HspcIncidence>
      <ConfirmedCases>259</ConfirmedCases>
      <IncidencePer100k>132.9</IncidencePer100k>
      <Name>Limerick</Name>
    </HspcIncidence>
    <HspcIncidence>
      <ConfirmedCases>191</ConfirmedCases>
      <IncidencePer100k>127.6</IncidencePer100k>
      <Name>Wexford</Name>
    </HspcIncidence>
    <HspcIncidence>
      <ConfirmedCases>148</ConfirmedCases>
      <IncidencePer100k>113.4</IncidencePer100k>
      <Name>Mayo</Name>
    </HspcIncidence>
    <HspcIncidence>
      <ConfirmedCases>1519</ConfirmedCases>
      <IncidencePer100k>112.7</IncidencePer100k>
      <Name>Dublin</Name>
    </HspcIncidence>
    <HspcIncidence>
      <ConfirmedCases>178</ConfirmedCases>
      <IncidencePer100k>91.3</IncidencePer100k>
      <Name>Meath</Name>
    </HspcIncidence>
    <HspcIncidence>
      <ConfirmedCases>69</ConfirmedCases>
      <IncidencePer100k>88.5</IncidencePer100k>
      <Name>Offaly</Name>
    </HspcIncidence>
    <HspcIncidence>
      <ConfirmedCases>101</ConfirmedCases>
      <IncidencePer100k>86.9</IncidencePer100k>
      <Name>Waterford</Name>
    </HspcIncidence>
    <HspcIncidence>
      <ConfirmedCases>116</ConfirmedCases>
      <IncidencePer100k>78.5</IncidencePer100k>
      <Name>Kerry</Name>
    </HspcIncidence>
    <HspcIncidence>
      <ConfirmedCases>174</ConfirmedCases>
      <IncidencePer100k>78.2</IncidencePer100k>
      <Name>Kildare</Name>
    </HspcIncidence>
    <HspcIncidence>
      <ConfirmedCases>111</ConfirmedCases>
      <IncidencePer100k>77.9</IncidencePer100k>
      <Name>Wicklow</Name>
    </HspcIncidence>
    <HspcIncidence>
      <ConfirmedCases>109</ConfirmedCases>
      <IncidencePer100k>68.3</IncidencePer100k>
      <Name>Tipperary</Name>
    </HspcIncidence>
    <HspcIncidence>
      <ConfirmedCases>43</ConfirmedCases>
      <IncidencePer100k>65.6</IncidencePer100k>
      <Name>Sligo</Name>
    </HspcIncidence>
    <HspcIncidence>
      <ConfirmedCases>121</ConfirmedCases>
      <IncidencePer100k>46.9</IncidencePer100k>
      <Name>Galway</Name>
    </HspcIncidence>
    <HspcIncidence>
      <ConfirmedCases>29</ConfirmedCases>
      <IncidencePer100k>44.9</IncidencePer100k>
      <Name>Roscommon</Name>
    </HspcIncidence>
    <HspcIncidence>
      <ConfirmedCases>209</ConfirmedCases>
      <IncidencePer100k>38.5</IncidencePer100k>
      <Name>Cork</Name>
    </HspcIncidence>
    <HspcIncidence>
      <ConfirmedCases>31</ConfirmedCases>
      <IncidencePer100k>34.9</IncidencePer100k>
      <Name>Westmeath</Name>
    </HspcIncidence>
    <HspcIncidence>
      <ConfirmedCases>30</ConfirmedCases>
      <IncidencePer100k>25.2</IncidencePer100k>
      <Name>Clare</Name>
    </HspcIncidence>
    <HspcIncidence>
      <ConfirmedCases>8</ConfirmedCases>
      <IncidencePer100k>25.0</IncidencePer100k>
      <Name>Leitrim</Name>
    </HspcIncidence>
  </CountyRates>
  <FromDate>2020-12-04T00:00:00</FromDate>
  <Hospitalised>
    <HspcHospitalised>
      <CasesAdmittedToIcu>0</CasesAdmittedToIcu>
      <CasesAdmittedToIcuPercent>0</CasesAdmittedToIcuPercent>
      <CasesHospitalised>1</CasesHospitalised>
      <CasesHospitalisedPercent>0.39</CasesHospitalisedPercent>
      <Name>0To4</Name>
      <NumberOfCases>189</NumberOfCases>
    </HspcHospitalised>
    <HspcHospitalised>
      <CasesAdmittedToIcu>0</CasesAdmittedToIcu>
      <CasesAdmittedToIcuPercent>0</CasesAdmittedToIcuPercent>
      <CasesHospitalised>3</CasesHospitalised>
      <CasesHospitalisedPercent>1.17</CasesHospitalisedPercent>
      <Name>5To12</Name>
      <NumberOfCases>469</NumberOfCases>
    </HspcHospitalised>
    <HspcHospitalised>
      <CasesAdmittedToIcu>0</CasesAdmittedToIcu>
      <CasesAdmittedToIcuPercent>0</CasesAdmittedToIcuPercent>
      <CasesHospitalised>7</CasesHospitalised>
      <CasesHospitalisedPercent>2.72</CasesHospitalisedPercent>
      <Name>13To18</Name>
      <NumberOfCases>355</NumberOfCases>
    </HspcHospitalised>
    <HspcHospitalised>
      <CasesAdmittedToIcu>0</CasesAdmittedToIcu>
      <CasesAdmittedToIcuPercent>0</CasesAdmittedToIcuPercent>
      <CasesHospitalised>8</CasesHospitalised>
      <CasesHospitalisedPercent>3.11</CasesHospitalisedPercent>
      <Name>19To24</Name>
      <NumberOfCases>438</NumberOfCases>
    </HspcHospitalised>
    <HspcHospitalised>
      <CasesAdmittedToIcu>0</CasesAdmittedToIcu>
      <CasesAdmittedToIcuPercent>0</CasesAdmittedToIcuPercent>
      <CasesHospitalised>15</CasesHospitalised>
      <CasesHospitalisedPercent>5.84</CasesHospitalisedPercent>
      <Name>25To34</Name>
      <NumberOfCases>824</NumberOfCases>
    </HspcHospitalised>
    <HspcHospitalised>
      <CasesAdmittedToIcu>2</CasesAdmittedToIcu>
      <CasesAdmittedToIcuPercent>14.29</CasesAdmittedToIcuPercent>
      <CasesHospitalised>15</CasesHospitalised>
      <CasesHospitalisedPercent>5.84</CasesHospitalisedPercent>
      <Name>35To44</Name>
      <NumberOfCases>745</NumberOfCases>
    </HspcHospitalised>
    <HspcHospitalised>
      <CasesAdmittedToIcu>3</CasesAdmittedToIcu>
      <CasesAdmittedToIcuPercent>21.43</CasesAdmittedToIcuPercent>
      <CasesHospitalised>25</CasesHospitalised>
      <CasesHospitalisedPercent>9.73</CasesHospitalisedPercent>
      <Name>45To54</Name>
      <NumberOfCases>694</NumberOfCases>
    </HspcHospitalised>
    <HspcHospitalised>
      <CasesAdmittedToIcu>2</CasesAdmittedToIcu>
      <CasesAdmittedToIcuPercent>14.29</CasesAdmittedToIcuPercent>
      <CasesHospitalised>34</CasesHospitalised>
      <CasesHospitalisedPercent>13.23</CasesHospitalisedPercent>
      <Name>55To64</Name>
      <NumberOfCases>507</NumberOfCases>
    </HspcHospitalised>
    <HspcHospitalised>
      <CasesAdmittedToIcu>3</CasesAdmittedToIcu>
      <CasesAdmittedToIcuPercent>21.43</CasesAdmittedToIcuPercent>
      <CasesHospitalised>56</CasesHospitalised>
      <CasesHospitalisedPercent>21.79</CasesHospitalisedPercent>
      <Name>65To74</Name>
      <NumberOfCases>248</NumberOfCases>
    </HspcHospitalised>
    <HspcHospitalised>
      <CasesAdmittedToIcu>3</CasesAdmittedToIcu>
      <CasesAdmittedToIcuPercent>21.43</CasesAdmittedToIcuPercent>
      <CasesHospitalised>57</CasesHospitalised>
      <CasesHospitalisedPercent>22.18</CasesHospitalisedPercent>
      <Name>75To84</Name>
      <NumberOfCases>188</NumberOfCases>
    </HspcHospitalised>
    <HspcHospitalised>
      <CasesAdmittedToIcu>1</CasesAdmittedToIcu>
      <CasesAdmittedToIcuPercent>7.14</CasesAdmittedToIcuPercent>
      <CasesHospitalised>36</CasesHospitalised>
      <CasesHospitalisedPercent>14.01</CasesHospitalisedPercent>
      <Name>85Plus</Name>
      <NumberOfCases>141</NumberOfCases>
    </HspcHospitalised>
  </Hospitalised>
  <PreparedDate>2020-12-18T00:00:00</PreparedDate>
  <SexCharacteristics>
    <Female>
      <Absolute>2477</Absolute>
      <Percent>51.63</Percent>
    </Female>
    <Male>
      <Absolute>2305</Absolute>
      <Percent>48.04</Percent>
    </Male>
    <MaleFemaleRatio>0.93</MaleFemaleRatio>
    <Unknown>
      <Absolute>16</Absolute>
      <Percent>0.33</Percent>
    </Unknown>
  </SexCharacteristics>
  <SourceFileName>COVID-19_14_day_epidemiology_report_20201218 - website.pdf</SourceFileName>
  <SymptomStatusAtTimeOfTestCharacteristics>
    <No>
      <Absolute>1122</Absolute>
      <Percent>23.38</Percent>
    </No>
    <Unknown>
      <Absolute>850</Absolute>
      <Percent>17.72</Percent>
    </Unknown>
    <Yes>
      <Absolute>2826</Absolute>
      <Percent>58.9</Percent>
    </Yes>
  </SymptomStatusAtTimeOfTestCharacteristics>
  <ToDate>2020-12-17T00:00:00</ToDate>
  <TotalConfirmedCases>
    <Absolute>4798</Absolute>
    <Percent>100</Percent>
  </TotalConfirmedCases>
  <UnderlyingConditionsCharacteristics>
    <No>
      <Absolute>2715</Absolute>
      <Percent>56.59</Percent>
    </No>
    <Unknown>
      <Absolute>750</Absolute>
      <Percent>15.63</Percent>
    </Unknown>
    <Yes>
      <Absolute>1333</Absolute>
      <Percent>27.78</Percent>
    </Yes>
  </UnderlyingConditionsCharacteristics>
</HspcDailyEpidemiology>