﻿<?xml version="1.0" encoding="utf-8"?>
<HspcDailyEpidemiology xmlns:i="http://www.w3.org/2001/XMLSchema-instance" xmlns="http://schemas.datacontract.org/2004/07/CovidStats.DailyEpidemiology">
  <AgeCharacteristics>
    <Age0To4>
      <Absolute>1280</Absolute>
      <Percent>2.08</Percent>
    </Age0To4>
    <Age13To18>
      <Absolute>3758</Absolute>
      <Percent>6.11</Percent>
    </Age13To18>
    <Age19To24>
      <Absolute>9192</Absolute>
      <Percent>14.95</Percent>
    </Age19To24>
    <Age25To34>
      <Absolute>12244</Absolute>
      <Percent>19.91</Percent>
    </Age25To34>
    <Age35To44>
      <Absolute>9774</Absolute>
      <Percent>15.9</Percent>
    </Age35To44>
    <Age45To54>
      <Absolute>9165</Absolute>
      <Percent>14.91</Percent>
    </Age45To54>
    <Age55To64>
      <Absolute>7615</Absolute>
      <Percent>12.39</Percent>
    </Age55To64>
    <Age5To12>
      <Absolute>2338</Absolute>
      <Percent>3.8</Percent>
    </Age5To12>
    <Age65To74>
      <Absolute>3383</Absolute>
      <Percent>5.5</Percent>
    </Age65To74>
    <Age75To84>
      <Absolute>1716</Absolute>
      <Percent>2.79</Percent>
    </Age75To84>
    <Age85Plus>
      <Absolute>1010</Absolute>
      <Percent>1.64</Percent>
    </Age85Plus>
    <AgeUnknown>
      <Absolute>9</Absolute>
      <Percent>0.01</Percent>
    </AgeUnknown>
    <MeanAge>39</MeanAge>
    <MedianAge>36</MedianAge>
  </AgeCharacteristics>
  <CCARates>
    <HspcIncidence>
      <ConfirmedCases>1366</ConfirmedCases>
      <IncidencePer100k>1003.9</IncidencePer100k>
      <Name>DublinSouth</Name>
    </HspcIncidence>
    <HspcIncidence>
      <ConfirmedCases>2736</ConfirmedCases>
      <IncidencePer100k>2211.7</IncidencePer100k>
      <Name>DublinSouthEast</Name>
    </HspcIncidence>
    <HspcIncidence>
      <ConfirmedCases>1760</ConfirmedCases>
      <IncidencePer100k>1173.8</IncidencePer100k>
      <Name>DublinSouthCity</Name>
    </HspcIncidence>
    <HspcIncidence>
      <ConfirmedCases>2173</ConfirmedCases>
      <IncidencePer100k>1350.5</IncidencePer100k>
      <Name>DublinSouthWest</Name>
    </HspcIncidence>
    <HspcIncidence>
      <ConfirmedCases>2120</ConfirmedCases>
      <IncidencePer100k>1364.7</IncidencePer100k>
      <Name>DublinWest</Name>
    </HspcIncidence>
    <HspcIncidence>
      <ConfirmedCases>3677</ConfirmedCases>
      <IncidencePer100k>1770.6</IncidencePer100k>
      <Name>DublinNorthWest</Name>
    </HspcIncidence>
    <HspcIncidence>
      <ConfirmedCases>2886</ConfirmedCases>
      <IncidencePer100k>1867.0</IncidencePer100k>
      <Name>DublinNorthCentral</Name>
    </HspcIncidence>
    <HspcIncidence>
      <ConfirmedCases>3164</ConfirmedCases>
      <IncidencePer100k>1220.9</IncidencePer100k>
      <Name>DublinNorth</Name>
    </HspcIncidence>
  </CCARates>
  <CHORates>
    <HspcIncidence>
      <ConfirmedCases>5882</ConfirmedCases>
      <IncidencePer100k>1503.3</IncidencePer100k>
      <Name>CHO1</Name>
    </HspcIncidence>
    <HspcIncidence>
      <ConfirmedCases>3891</ConfirmedCases>
      <IncidencePer100k>858.7</IncidencePer100k>
      <Name>CHO2</Name>
    </HspcIncidence>
    <HspcIncidence>
      <ConfirmedCases>5809</ConfirmedCases>
      <IncidencePer100k>1508.8</IncidencePer100k>
      <Name>CHO3</Name>
    </HspcIncidence>
    <HspcIncidence>
      <ConfirmedCases>8851</ConfirmedCases>
      <IncidencePer100k>1281.7</IncidencePer100k>
      <Name>CHO4</Name>
    </HspcIncidence>
    <HspcIncidence>
      <ConfirmedCases>6594</ConfirmedCases>
      <IncidencePer100k>1292.1</IncidencePer100k>
      <Name>CHO5</Name>
    </HspcIncidence>
    <HspcIncidence>
      <ConfirmedCases>4943</ConfirmedCases>
      <IncidencePer100k>1290.0</IncidencePer100k>
      <Name>CHO6</Name>
    </HspcIncidence>
    <HspcIncidence>
      <ConfirmedCases>8240</ConfirmedCases>
      <IncidencePer100k>1164.3</IncidencePer100k>
      <Name>CHO7</Name>
    </HspcIncidence>
    <HspcIncidence>
      <ConfirmedCases>7490</ConfirmedCases>
      <IncidencePer100k>1209.5</IncidencePer100k>
      <Name>CHO8</Name>
    </HspcIncidence>
    <HspcIncidence>
      <ConfirmedCases>9727</ConfirmedCases>
      <IncidencePer100k>1565.3</IncidencePer100k>
      <Name>CHO9</Name>
    </HspcIncidence>
  </CHORates>
  <CountyRates>
    <HspcIncidence>
      <ConfirmedCases>1550</ConfirmedCases>
      <IncidencePer100k>2525.0</IncidencePer100k>
      <Name>Monaghan</Name>
    </HspcIncidence>
    <HspcIncidence>
      <ConfirmedCases>2837</ConfirmedCases>
      <IncidencePer100k>2201.2</IncidencePer100k>
      <Name>Louth</Name>
    </HspcIncidence>
    <HspcIncidence>
      <ConfirmedCases>3661</ConfirmedCases>
      <IncidencePer100k>1878.4</IncidencePer100k>
      <Name>Limerick</Name>
    </HspcIncidence>
    <HspcIncidence>
      <ConfirmedCases>1911</ConfirmedCases>
      <IncidencePer100k>1644.9</IncidencePer100k>
      <Name>Waterford</Name>
    </HspcIncidence>
    <HspcIncidence>
      <ConfirmedCases>1130</ConfirmedCases>
      <IncidencePer100k>1483.4</IncidencePer100k>
      <Name>Cavan</Name>
    </HspcIncidence>
    <HspcIncidence>
      <ConfirmedCases>19906</ConfirmedCases>
      <IncidencePer100k>1477.4</IncidencePer100k>
      <Name>Dublin</Name>
    </HspcIncidence>
    <HspcIncidence>
      <ConfirmedCases>2150</ConfirmedCases>
      <IncidencePer100k>1436.0</IncidencePer100k>
      <Name>Wexford</Name>
    </HspcIncidence>
    <HspcIncidence>
      <ConfirmedCases>2243</ConfirmedCases>
      <IncidencePer100k>1409.0</IncidencePer100k>
      <Name>Donegal</Name>
    </HspcIncidence>
    <HspcIncidence>
      <ConfirmedCases>1613</ConfirmedCases>
      <IncidencePer100k>1357.5</IncidencePer100k>
      <Name>Clare</Name>
    </HspcIncidence>
    <HspcIncidence>
      <ConfirmedCases>7278</ConfirmedCases>
      <IncidencePer100k>1340.7</IncidencePer100k>
      <Name>Cork</Name>
    </HspcIncidence>
    <HspcIncidence>
      <ConfirmedCases>740</ConfirmedCases>
      <IncidencePer100k>1299.8</IncidencePer100k>
      <Name>Carlow</Name>
    </HspcIncidence>
    <HspcIncidence>
      <ConfirmedCases>1525</ConfirmedCases>
      <IncidencePer100k>1168.5</IncidencePer100k>
      <Name>Mayo</Name>
    </HspcIncidence>
    <HspcIncidence>
      <ConfirmedCases>1152</ConfirmedCases>
      <IncidencePer100k>1160.9</IncidencePer100k>
      <Name>Kilkenny</Name>
    </HspcIncidence>
    <HspcIncidence>
      <ConfirmedCases>2221</ConfirmedCases>
      <IncidencePer100k>1138.7</IncidencePer100k>
      <Name>Meath</Name>
    </HspcIncidence>
    <HspcIncidence>
      <ConfirmedCases>742</ConfirmedCases>
      <IncidencePer100k>1132.2</IncidencePer100k>
      <Name>Sligo</Name>
    </HspcIncidence>
    <HspcIncidence>
      <ConfirmedCases>1574</ConfirmedCases>
      <IncidencePer100k>1065.6</IncidencePer100k>
      <Name>Kerry</Name>
    </HspcIncidence>
    <HspcIncidence>
      <ConfirmedCases>2161</ConfirmedCases>
      <IncidencePer100k>971.2</IncidencePer100k>
      <Name>Kildare</Name>
    </HspcIncidence>
    <HspcIncidence>
      <ConfirmedCases>369</ConfirmedCases>
      <IncidencePer100k>902.8</IncidencePer100k>
      <Name>Longford</Name>
    </HspcIncidence>
    <HspcIncidence>
      <ConfirmedCases>697</ConfirmedCases>
      <IncidencePer100k>894.0</IncidencePer100k>
      <Name>Offaly</Name>
    </HspcIncidence>
    <HspcIncidence>
      <ConfirmedCases>714</ConfirmedCases>
      <IncidencePer100k>843.0</IncidencePer100k>
      <Name>Laois</Name>
    </HspcIncidence>
    <HspcIncidence>
      <ConfirmedCases>1237</ConfirmedCases>
      <IncidencePer100k>775.3</IncidencePer100k>
      <Name>Tipperary</Name>
    </HspcIncidence>
    <HspcIncidence>
      <ConfirmedCases>1898</ConfirmedCases>
      <IncidencePer100k>735.5</IncidencePer100k>
      <Name>Galway</Name>
    </HspcIncidence>
    <HspcIncidence>
      <ConfirmedCases>468</ConfirmedCases>
      <IncidencePer100k>725.1</IncidencePer100k>
      <Name>Roscommon</Name>
    </HspcIncidence>
    <HspcIncidence>
      <ConfirmedCases>226</ConfirmedCases>
      <IncidencePer100k>705.3</IncidencePer100k>
      <Name>Leitrim</Name>
    </HspcIncidence>
    <HspcIncidence>
      <ConfirmedCases>613</ConfirmedCases>
      <IncidencePer100k>690.5</IncidencePer100k>
      <Name>Westmeath</Name>
    </HspcIncidence>
    <HspcIncidence>
      <ConfirmedCases>868</ConfirmedCases>
      <IncidencePer100k>609.4</IncidencePer100k>
      <Name>Wicklow</Name>
    </HspcIncidence>
  </CountyRates>
  <FromDate>2020-12-27T00:00:00</FromDate>
  <Hospitalised>
    <HspcHospitalised>
      <CasesAdmittedToIcu>1</CasesAdmittedToIcu>
      <CasesAdmittedToIcuPercent>0.08</CasesAdmittedToIcuPercent>
      <CasesHospitalised>19</CasesHospitalised>
      <CasesHospitalisedPercent>0</CasesHospitalisedPercent>
      <Name>0To4</Name>
      <NumberOfCases>1280</NumberOfCases>
    </HspcHospitalised>
    <HspcHospitalised>
      <CasesAdmittedToIcu>0</CasesAdmittedToIcu>
      <CasesAdmittedToIcuPercent>0</CasesAdmittedToIcuPercent>
      <CasesHospitalised>5</CasesHospitalised>
      <CasesHospitalisedPercent>0</CasesHospitalisedPercent>
      <Name>5To12</Name>
      <NumberOfCases>2338</NumberOfCases>
    </HspcHospitalised>
    <HspcHospitalised>
      <CasesAdmittedToIcu>1</CasesAdmittedToIcu>
      <CasesAdmittedToIcuPercent>0.027</CasesAdmittedToIcuPercent>
      <CasesHospitalised>24</CasesHospitalised>
      <CasesHospitalisedPercent>0</CasesHospitalisedPercent>
      <Name>13To18</Name>
      <NumberOfCases>3758</NumberOfCases>
    </HspcHospitalised>
    <HspcHospitalised>
      <CasesAdmittedToIcu>0</CasesAdmittedToIcu>
      <CasesAdmittedToIcuPercent>0</CasesAdmittedToIcuPercent>
      <CasesHospitalised>52</CasesHospitalised>
      <CasesHospitalisedPercent>0</CasesHospitalisedPercent>
      <Name>19To24</Name>
      <NumberOfCases>9192</NumberOfCases>
    </HspcHospitalised>
    <HspcHospitalised>
      <CasesAdmittedToIcu>3</CasesAdmittedToIcu>
      <CasesAdmittedToIcuPercent>0.02</CasesAdmittedToIcuPercent>
      <CasesHospitalised>118</CasesHospitalised>
      <CasesHospitalisedPercent>0</CasesHospitalisedPercent>
      <Name>25To34</Name>
      <NumberOfCases>12244</NumberOfCases>
    </HspcHospitalised>
    <HspcHospitalised>
      <CasesAdmittedToIcu>2</CasesAdmittedToIcu>
      <CasesAdmittedToIcuPercent>0.02</CasesAdmittedToIcuPercent>
      <CasesHospitalised>110</CasesHospitalised>
      <CasesHospitalisedPercent>0</CasesHospitalisedPercent>
      <Name>35To44</Name>
      <NumberOfCases>9774</NumberOfCases>
    </HspcHospitalised>
    <HspcHospitalised>
      <CasesAdmittedToIcu>9</CasesAdmittedToIcu>
      <CasesAdmittedToIcuPercent>0.01</CasesAdmittedToIcuPercent>
      <CasesHospitalised>146</CasesHospitalised>
      <CasesHospitalisedPercent>0</CasesHospitalisedPercent>
      <Name>45To54</Name>
      <NumberOfCases>9165</NumberOfCases>
    </HspcHospitalised>
    <HspcHospitalised>
      <CasesAdmittedToIcu>18</CasesAdmittedToIcu>
      <CasesAdmittedToIcuPercent>0.24</CasesAdmittedToIcuPercent>
      <CasesHospitalised>158</CasesHospitalised>
      <CasesHospitalisedPercent>0.05</CasesHospitalisedPercent>
      <Name>55To64</Name>
      <NumberOfCases>7615</NumberOfCases>
    </HspcHospitalised>
    <HspcHospitalised>
      <CasesAdmittedToIcu>21</CasesAdmittedToIcu>
      <CasesAdmittedToIcuPercent>0.62</CasesAdmittedToIcuPercent>
      <CasesHospitalised>247</CasesHospitalised>
      <CasesHospitalisedPercent>0.38</CasesHospitalisedPercent>
      <Name>65To74</Name>
      <NumberOfCases>3383</NumberOfCases>
    </HspcHospitalised>
    <HspcHospitalised>
      <CasesAdmittedToIcu>11</CasesAdmittedToIcu>
      <CasesAdmittedToIcuPercent>0.64</CasesAdmittedToIcuPercent>
      <CasesHospitalised>268</CasesHospitalised>
      <CasesHospitalisedPercent>1.17</CasesHospitalisedPercent>
      <Name>75To84</Name>
      <NumberOfCases>1716</NumberOfCases>
    </HspcHospitalised>
    <HspcHospitalised>
      <CasesAdmittedToIcu>1</CasesAdmittedToIcu>
      <CasesAdmittedToIcuPercent>0.10</CasesAdmittedToIcuPercent>
      <CasesHospitalised>207</CasesHospitalised>
      <CasesHospitalisedPercent>2.87</CasesHospitalisedPercent>
      <Name>85Plus</Name>
      <NumberOfCases>1010</NumberOfCases>
    </HspcHospitalised>
    <HspcHospitalised>
      <CasesAdmittedToIcu>0</CasesAdmittedToIcu>
      <CasesAdmittedToIcuPercent>0</CasesAdmittedToIcuPercent>
      <CasesHospitalised>0</CasesHospitalised>
      <CasesHospitalisedPercent>0</CasesHospitalisedPercent>
      <Name>Unknown</Name>
      <NumberOfCases>9</NumberOfCases>
    </HspcHospitalised>
  </Hospitalised>
  <PreparedDate>2021-01-10T00:00:00</PreparedDate>
  <SexCharacteristics>
    <Female>
      <Absolute>31980</Absolute>
      <Percent>52.01</Percent>
    </Female>
    <Male>
      <Absolute>29332</Absolute>
      <Percent>47.71</Percent>
    </Male>
    <MaleFemaleRatio>0.92</MaleFemaleRatio>
    <Unknown>
      <Absolute>172</Absolute>
      <Percent>0.28</Percent>
    </Unknown>
  </SexCharacteristics>
  <SourceFileName>COVID-19_14_day_epidemiology_report-website_20200110.pdf</SourceFileName>
  <SymptomStatusAtTimeOfTestCharacteristics>
    <No i:nil="true" />
    <Unknown i:nil="true" />
    <Yes i:nil="true" />
  </SymptomStatusAtTimeOfTestCharacteristics>
  <ToDate>2021-01-09T00:00:00</ToDate>
  <TotalConfirmedCases>
    <Absolute>61484</Absolute>
    <Percent>100</Percent>
  </TotalConfirmedCases>
  <UnderlyingConditionsCharacteristics>
    <No i:nil="true" />
    <Unknown i:nil="true" />
    <Yes i:nil="true" />
  </UnderlyingConditionsCharacteristics>
</HspcDailyEpidemiology>