﻿<?xml version="1.0" encoding="utf-8"?>
<HspcDailyEpidemiology xmlns:i="http://www.w3.org/2001/XMLSchema-instance" xmlns="http://schemas.datacontract.org/2004/07/CovidStats.DailyEpidemiology">
  <AgeCharacteristics>
    <Age0To4>
      <Absolute>309</Absolute>
      <Percent>3.91</Percent>
    </Age0To4>
    <Age13To18>
      <Absolute>545</Absolute>
      <Percent>6.89</Percent>
    </Age13To18>
    <Age19To24>
      <Absolute>947</Absolute>
      <Percent>11.98</Percent>
    </Age19To24>
    <Age25To34>
      <Absolute>1389</Absolute>
      <Percent>17.57</Percent>
    </Age25To34>
    <Age35To44>
      <Absolute>1312</Absolute>
      <Percent>16.59</Percent>
    </Age35To44>
    <Age45To54>
      <Absolute>1141</Absolute>
      <Percent>14.43</Percent>
    </Age45To54>
    <Age55To64>
      <Absolute>838</Absolute>
      <Percent>10.6</Percent>
    </Age55To64>
    <Age5To12>
      <Absolute>612</Absolute>
      <Percent>7.74</Percent>
    </Age5To12>
    <Age65To74>
      <Absolute>381</Absolute>
      <Percent>4.82</Percent>
    </Age65To74>
    <Age75To84>
      <Absolute>274</Absolute>
      <Percent>3.47</Percent>
    </Age75To84>
    <Age85Plus>
      <Absolute>157</Absolute>
      <Percent>1.99</Percent>
    </Age85Plus>
    <AgeUnknown>
      <Absolute>1</Absolute>
      <Percent>0.01</Percent>
    </AgeUnknown>
    <MeanAge>37</MeanAge>
    <MedianAge>36</MedianAge>
  </AgeCharacteristics>
  <CCARates>
    <HspcIncidence>
      <ConfirmedCases>169</ConfirmedCases>
      <IncidencePer100k>124.2</IncidencePer100k>
      <Name>DublinSouth</Name>
    </HspcIncidence>
    <HspcIncidence>
      <ConfirmedCases>427</ConfirmedCases>
      <IncidencePer100k>345.2</IncidencePer100k>
      <Name>DublinSouthEast</Name>
    </HspcIncidence>
    <HspcIncidence>
      <ConfirmedCases>175</ConfirmedCases>
      <IncidencePer100k>116.7</IncidencePer100k>
      <Name>DublinSouthCity</Name>
    </HspcIncidence>
    <HspcIncidence>
      <ConfirmedCases>176</ConfirmedCases>
      <IncidencePer100k>109.4</IncidencePer100k>
      <Name>DublinSouthWest</Name>
    </HspcIncidence>
    <HspcIncidence>
      <ConfirmedCases>283</ConfirmedCases>
      <IncidencePer100k>182.2</IncidencePer100k>
      <Name>DublinWest</Name>
    </HspcIncidence>
    <HspcIncidence>
      <ConfirmedCases>508</ConfirmedCases>
      <IncidencePer100k>244.6</IncidencePer100k>
      <Name>DublinNorthWest</Name>
    </HspcIncidence>
    <HspcIncidence>
      <ConfirmedCases>514</ConfirmedCases>
      <IncidencePer100k>332.5</IncidencePer100k>
      <Name>DublinNorthCentral</Name>
    </HspcIncidence>
    <HspcIncidence>
      <ConfirmedCases>435</ConfirmedCases>
      <IncidencePer100k>167.9</IncidencePer100k>
      <Name>DublinNorth</Name>
    </HspcIncidence>
  </CCARates>
  <CHORates>
    <HspcIncidence>
      <ConfirmedCases>912</ConfirmedCases>
      <IncidencePer100k>233.1</IncidencePer100k>
      <Name>CHO1</Name>
    </HspcIncidence>
    <HspcIncidence>
      <ConfirmedCases>411</ConfirmedCases>
      <IncidencePer100k>90.7</IncidencePer100k>
      <Name>CHO2</Name>
    </HspcIncidence>
    <HspcIncidence>
      <ConfirmedCases>616</ConfirmedCases>
      <IncidencePer100k>160.0</IncidencePer100k>
      <Name>CHO3</Name>
    </HspcIncidence>
    <HspcIncidence>
      <ConfirmedCases>815</ConfirmedCases>
      <IncidencePer100k>118.0</IncidencePer100k>
      <Name>CHO4</Name>
    </HspcIncidence>
    <HspcIncidence>
      <ConfirmedCases>1017</ConfirmedCases>
      <IncidencePer100k>199.3</IncidencePer100k>
      <Name>CHO5</Name>
    </HspcIncidence>
    <HspcIncidence>
      <ConfirmedCases>709</ConfirmedCases>
      <IncidencePer100k>185.0</IncidencePer100k>
      <Name>CHO6</Name>
    </HspcIncidence>
    <HspcIncidence>
      <ConfirmedCases>928</ConfirmedCases>
      <IncidencePer100k>131.1</IncidencePer100k>
      <Name>CHO7</Name>
    </HspcIncidence>
    <HspcIncidence>
      <ConfirmedCases>1041</ConfirmedCases>
      <IncidencePer100k>168.1</IncidencePer100k>
      <Name>CHO8</Name>
    </HspcIncidence>
    <HspcIncidence>
      <ConfirmedCases>1457</ConfirmedCases>
      <IncidencePer100k>234.5</IncidencePer100k>
      <Name>CHO9</Name>
    </HspcIncidence>
  </CHORates>
  <CountyRates>
    <HspcIncidence>
      <ConfirmedCases>516</ConfirmedCases>
      <IncidencePer100k>324.1</IncidencePer100k>
      <Name>Donegal</Name>
    </HspcIncidence>
    <HspcIncidence>
      <ConfirmedCases>437</ConfirmedCases>
      <IncidencePer100k>291.9</IncidencePer100k>
      <Name>Wexford</Name>
    </HspcIncidence>
    <HspcIncidence>
      <ConfirmedCases>375</ConfirmedCases>
      <IncidencePer100k>291.0</IncidencePer100k>
      <Name>Louth</Name>
    </HspcIncidence>
    <HspcIncidence>
      <ConfirmedCases>251</ConfirmedCases>
      <IncidencePer100k>252.9</IncidencePer100k>
      <Name>Kilkenny</Name>
    </HspcIncidence>
    <HspcIncidence>
      <ConfirmedCases>488</ConfirmedCases>
      <IncidencePer100k>250.4</IncidencePer100k>
      <Name>Limerick</Name>
    </HspcIncidence>
    <HspcIncidence>
      <ConfirmedCases>153</ConfirmedCases>
      <IncidencePer100k>249.2</IncidencePer100k>
      <Name>Monaghan</Name>
    </HspcIncidence>
    <HspcIncidence>
      <ConfirmedCases>121</ConfirmedCases>
      <IncidencePer100k>212.5</IncidencePer100k>
      <Name>Carlow</Name>
    </HspcIncidence>
    <HspcIncidence>
      <ConfirmedCases>176</ConfirmedCases>
      <IncidencePer100k>207.8</IncidencePer100k>
      <Name>Laois</Name>
    </HspcIncidence>
    <HspcIncidence>
      <ConfirmedCases>2687</ConfirmedCases>
      <IncidencePer100k>199.4</IncidencePer100k>
      <Name>Dublin</Name>
    </HspcIncidence>
    <HspcIncidence>
      <ConfirmedCases>280</ConfirmedCases>
      <IncidencePer100k>189.6</IncidencePer100k>
      <Name>Kerry</Name>
    </HspcIncidence>
    <HspcIncidence>
      <ConfirmedCases>142</ConfirmedCases>
      <IncidencePer100k>186.4</IncidencePer100k>
      <Name>Cavan</Name>
    </HspcIncidence>
    <HspcIncidence>
      <ConfirmedCases>310</ConfirmedCases>
      <IncidencePer100k>158.9</IncidencePer100k>
      <Name>Meath</Name>
    </HspcIncidence>
    <HspcIncidence>
      <ConfirmedCases>56</ConfirmedCases>
      <IncidencePer100k>137.0</IncidencePer100k>
      <Name>Longford</Name>
    </HspcIncidence>
    <HspcIncidence>
      <ConfirmedCases>158</ConfirmedCases>
      <IncidencePer100k>136.0</IncidencePer100k>
      <Name>Waterford</Name>
    </HspcIncidence>
    <HspcIncidence>
      <ConfirmedCases>87</ConfirmedCases>
      <IncidencePer100k>132.8</IncidencePer100k>
      <Name>Sligo</Name>
    </HspcIncidence>
    <HspcIncidence>
      <ConfirmedCases>289</ConfirmedCases>
      <IncidencePer100k>129.9</IncidencePer100k>
      <Name>Kildare</Name>
    </HspcIncidence>
    <HspcIncidence>
      <ConfirmedCases>151</ConfirmedCases>
      <IncidencePer100k>115.7</IncidencePer100k>
      <Name>Mayo</Name>
    </HspcIncidence>
    <HspcIncidence>
      <ConfirmedCases>535</ConfirmedCases>
      <IncidencePer100k>98.6</IncidencePer100k>
      <Name>Cork</Name>
    </HspcIncidence>
    <HspcIncidence>
      <ConfirmedCases>223</ConfirmedCases>
      <IncidencePer100k>86.4</IncidencePer100k>
      <Name>Galway</Name>
    </HspcIncidence>
    <HspcIncidence>
      <ConfirmedCases>118</ConfirmedCases>
      <IncidencePer100k>82.9</IncidencePer100k>
      <Name>Wicklow</Name>
    </HspcIncidence>
    <HspcIncidence>
      <ConfirmedCases>122</ConfirmedCases>
      <IncidencePer100k>76.5</IncidencePer100k>
      <Name>Tipperary</Name>
    </HspcIncidence>
    <HspcIncidence>
      <ConfirmedCases>58</ConfirmedCases>
      <IncidencePer100k>74.4</IncidencePer100k>
      <Name>Offaly</Name>
    </HspcIncidence>
    <HspcIncidence>
      <ConfirmedCases>65</ConfirmedCases>
      <IncidencePer100k>73.2</IncidencePer100k>
      <Name>Westmeath</Name>
    </HspcIncidence>
    <HspcIncidence>
      <ConfirmedCases>37</ConfirmedCases>
      <IncidencePer100k>57.3</IncidencePer100k>
      <Name>Roscommon</Name>
    </HspcIncidence>
    <HspcIncidence>
      <ConfirmedCases>57</ConfirmedCases>
      <IncidencePer100k>48.0</IncidencePer100k>
      <Name>Clare</Name>
    </HspcIncidence>
    <HspcIncidence>
      <ConfirmedCases>14</ConfirmedCases>
      <IncidencePer100k>43.7</IncidencePer100k>
      <Name>Leitrim</Name>
    </HspcIncidence>
  </CountyRates>
  <FromDate>2020-12-10T00:00:00</FromDate>
  <Hospitalised>
    <HspcHospitalised>
      <CasesAdmittedToIcu>0</CasesAdmittedToIcu>
      <CasesAdmittedToIcuPercent>0.0</CasesAdmittedToIcuPercent>
      <CasesHospitalised>1</CasesHospitalised>
      <CasesHospitalisedPercent>0.3</CasesHospitalisedPercent>
      <Name>0To4</Name>
      <NumberOfCases>309</NumberOfCases>
    </HspcHospitalised>
    <HspcHospitalised>
      <CasesAdmittedToIcu>0</CasesAdmittedToIcu>
      <CasesAdmittedToIcuPercent>0.0</CasesAdmittedToIcuPercent>
      <CasesHospitalised>4</CasesHospitalised>
      <CasesHospitalisedPercent>1.1</CasesHospitalisedPercent>
      <Name>5To12</Name>
      <NumberOfCases>612</NumberOfCases>
    </HspcHospitalised>
    <HspcHospitalised>
      <CasesAdmittedToIcu>0</CasesAdmittedToIcu>
      <CasesAdmittedToIcuPercent>0.0</CasesAdmittedToIcuPercent>
      <CasesHospitalised>12</CasesHospitalised>
      <CasesHospitalisedPercent>3.4</CasesHospitalisedPercent>
      <Name>13To18</Name>
      <NumberOfCases>545</NumberOfCases>
    </HspcHospitalised>
    <HspcHospitalised>
      <CasesAdmittedToIcu>0</CasesAdmittedToIcu>
      <CasesAdmittedToIcuPercent>0.0</CasesAdmittedToIcuPercent>
      <CasesHospitalised>22</CasesHospitalised>
      <CasesHospitalisedPercent>6.3</CasesHospitalisedPercent>
      <Name>19To24</Name>
      <NumberOfCases>947</NumberOfCases>
    </HspcHospitalised>
    <HspcHospitalised>
      <CasesAdmittedToIcu>0</CasesAdmittedToIcu>
      <CasesAdmittedToIcuPercent>0.0</CasesAdmittedToIcuPercent>
      <CasesHospitalised>23</CasesHospitalised>
      <CasesHospitalisedPercent>6.6</CasesHospitalisedPercent>
      <Name>25To34</Name>
      <NumberOfCases>1389</NumberOfCases>
    </HspcHospitalised>
    <HspcHospitalised>
      <CasesAdmittedToIcu>0</CasesAdmittedToIcu>
      <CasesAdmittedToIcuPercent>0.0</CasesAdmittedToIcuPercent>
      <CasesHospitalised>30</CasesHospitalised>
      <CasesHospitalisedPercent>8.5</CasesHospitalisedPercent>
      <Name>35To44</Name>
      <NumberOfCases>1312</NumberOfCases>
    </HspcHospitalised>
    <HspcHospitalised>
      <CasesAdmittedToIcu>3</CasesAdmittedToIcu>
      <CasesAdmittedToIcuPercent>25.0</CasesAdmittedToIcuPercent>
      <CasesHospitalised>42</CasesHospitalised>
      <CasesHospitalisedPercent>12.0</CasesHospitalisedPercent>
      <Name>45To54</Name>
      <NumberOfCases>1141</NumberOfCases>
    </HspcHospitalised>
    <HspcHospitalised>
      <CasesAdmittedToIcu>5</CasesAdmittedToIcu>
      <CasesAdmittedToIcuPercent>41.7</CasesAdmittedToIcuPercent>
      <CasesHospitalised>46</CasesHospitalised>
      <CasesHospitalisedPercent>13.1</CasesHospitalisedPercent>
      <Name>55To64</Name>
      <NumberOfCases>838</NumberOfCases>
    </HspcHospitalised>
    <HspcHospitalised>
      <CasesAdmittedToIcu>2</CasesAdmittedToIcu>
      <CasesAdmittedToIcuPercent>16.7</CasesAdmittedToIcuPercent>
      <CasesHospitalised>48</CasesHospitalised>
      <CasesHospitalisedPercent>13.7</CasesHospitalisedPercent>
      <Name>65To74</Name>
      <NumberOfCases>381</NumberOfCases>
    </HspcHospitalised>
    <HspcHospitalised>
      <CasesAdmittedToIcu>2</CasesAdmittedToIcu>
      <CasesAdmittedToIcuPercent>16.7</CasesAdmittedToIcuPercent>
      <CasesHospitalised>79</CasesHospitalised>
      <CasesHospitalisedPercent>22.5</CasesHospitalisedPercent>
      <Name>75To84</Name>
      <NumberOfCases>274</NumberOfCases>
    </HspcHospitalised>
    <HspcHospitalised>
      <CasesAdmittedToIcu>0</CasesAdmittedToIcu>
      <CasesAdmittedToIcuPercent>0.0</CasesAdmittedToIcuPercent>
      <CasesHospitalised>44</CasesHospitalised>
      <CasesHospitalisedPercent>12.5</CasesHospitalisedPercent>
      <Name>85Plus</Name>
      <NumberOfCases>157</NumberOfCases>
    </HspcHospitalised>
    <HspcHospitalised>
      <CasesAdmittedToIcu>0</CasesAdmittedToIcu>
      <CasesAdmittedToIcuPercent>0</CasesAdmittedToIcuPercent>
      <CasesHospitalised>0</CasesHospitalised>
      <CasesHospitalisedPercent>0</CasesHospitalisedPercent>
      <Name>Unknown</Name>
      <NumberOfCases>1</NumberOfCases>
    </HspcHospitalised>
  </Hospitalised>
  <PreparedDate>2020-12-24T00:00:00</PreparedDate>
  <SexCharacteristics>
    <Female>
      <Absolute>4033</Absolute>
      <Percent>51.01</Percent>
    </Female>
    <Male>
      <Absolute>3846</Absolute>
      <Percent>48.65</Percent>
    </Male>
    <MaleFemaleRatio>0.95</MaleFemaleRatio>
    <Unknown>
      <Absolute>27</Absolute>
      <Percent>0.34</Percent>
    </Unknown>
  </SexCharacteristics>
  <SourceFileName>COVID-19_14 day epidemiology report_v0.1_24.12.2020 Website.pdf</SourceFileName>
  <SymptomStatusAtTimeOfTestCharacteristics>
    <No>
      <Absolute>1687</Absolute>
      <Percent>21.34</Percent>
    </No>
    <Unknown>
      <Absolute>1447</Absolute>
      <Percent>18.3</Percent>
    </Unknown>
    <Yes>
      <Absolute>4772</Absolute>
      <Percent>60.36</Percent>
    </Yes>
  </SymptomStatusAtTimeOfTestCharacteristics>
  <ToDate>2020-12-23T00:00:00</ToDate>
  <TotalConfirmedCases>
    <Absolute>7906</Absolute>
    <Percent>100</Percent>
  </TotalConfirmedCases>
  <UnderlyingConditionsCharacteristics>
    <No>
      <Absolute>4617</Absolute>
      <Percent>58.4</Percent>
    </No>
    <Unknown>
      <Absolute>1292</Absolute>
      <Percent>16.34</Percent>
    </Unknown>
    <Yes>
      <Absolute>1997</Absolute>
      <Percent>25.26</Percent>
    </Yes>
  </UnderlyingConditionsCharacteristics>
</HspcDailyEpidemiology>