﻿<?xml version="1.0" encoding="utf-8"?>
<HspcDailyEpidemiology xmlns:i="http://www.w3.org/2001/XMLSchema-instance" xmlns="http://schemas.datacontract.org/2004/07/CovidStats.DailyEpidemiology">
  <AgeCharacteristics>
    <Age0To4>
      <Absolute>235</Absolute>
      <Percent>4.24</Percent>
    </Age0To4>
    <Age13To18>
      <Absolute>476</Absolute>
      <Percent>8.58</Percent>
    </Age13To18>
    <Age19To24>
      <Absolute>675</Absolute>
      <Percent>12.17</Percent>
    </Age19To24>
    <Age25To34>
      <Absolute>894</Absolute>
      <Percent>16.11</Percent>
    </Age25To34>
    <Age35To44>
      <Absolute>877</Absolute>
      <Percent>15.81</Percent>
    </Age35To44>
    <Age45To54>
      <Absolute>789</Absolute>
      <Percent>14.22</Percent>
    </Age45To54>
    <Age55To64>
      <Absolute>491</Absolute>
      <Percent>8.85</Percent>
    </Age55To64>
    <Age5To12>
      <Absolute>420</Absolute>
      <Percent>7.57</Percent>
    </Age5To12>
    <Age65To74>
      <Absolute>300</Absolute>
      <Percent>5.41</Percent>
    </Age65To74>
    <Age75To84>
      <Absolute>225</Absolute>
      <Percent>4.06</Percent>
    </Age75To84>
    <Age85Plus>
      <Absolute>166</Absolute>
      <Percent>2.99</Percent>
    </Age85Plus>
    <AgeUnknown>
      <Absolute>0</Absolute>
      <Percent>0</Percent>
    </AgeUnknown>
    <MeanAge>38</MeanAge>
    <MedianAge>35</MedianAge>
  </AgeCharacteristics>
  <CCARates>
    <HspcIncidence>
      <ConfirmedCases>94</ConfirmedCases>
      <IncidencePer100k>69.1</IncidencePer100k>
      <Name>DublinSouth</Name>
    </HspcIncidence>
    <HspcIncidence>
      <ConfirmedCases>206</ConfirmedCases>
      <IncidencePer100k>166.5</IncidencePer100k>
      <Name>DublinSouthEast</Name>
    </HspcIncidence>
    <HspcIncidence>
      <ConfirmedCases>149</ConfirmedCases>
      <IncidencePer100k>99.4</IncidencePer100k>
      <Name>DublinSouthCity</Name>
    </HspcIncidence>
    <HspcIncidence>
      <ConfirmedCases>203</ConfirmedCases>
      <IncidencePer100k>126.2</IncidencePer100k>
      <Name>DublinSouthWest</Name>
    </HspcIncidence>
    <HspcIncidence>
      <ConfirmedCases>246</ConfirmedCases>
      <IncidencePer100k>158.4</IncidencePer100k>
      <Name>DublinWest</Name>
    </HspcIncidence>
    <HspcIncidence>
      <ConfirmedCases>334</ConfirmedCases>
      <IncidencePer100k>160.8</IncidencePer100k>
      <Name>DublinNorthWest</Name>
    </HspcIncidence>
    <HspcIncidence>
      <ConfirmedCases>238</ConfirmedCases>
      <IncidencePer100k>154.0</IncidencePer100k>
      <Name>DublinNorthCentral</Name>
    </HspcIncidence>
    <HspcIncidence>
      <ConfirmedCases>209</ConfirmedCases>
      <IncidencePer100k>80.6</IncidencePer100k>
      <Name>DublinNorth</Name>
    </HspcIncidence>
  </CCARates>
  <CHORates>
    <HspcIncidence>
      <ConfirmedCases>644</ConfirmedCases>
      <IncidencePer100k>164.6</IncidencePer100k>
      <Name>CHO1</Name>
    </HspcIncidence>
    <HspcIncidence>
      <ConfirmedCases>427</ConfirmedCases>
      <IncidencePer100k>94.2</IncidencePer100k>
      <Name>CHO2</Name>
    </HspcIncidence>
    <HspcIncidence>
      <ConfirmedCases>617</ConfirmedCases>
      <IncidencePer100k>160.3</IncidencePer100k>
      <Name>CHO3</Name>
    </HspcIncidence>
    <HspcIncidence>
      <ConfirmedCases>567</ConfirmedCases>
      <IncidencePer100k>82.1</IncidencePer100k>
      <Name>CHO4</Name>
    </HspcIncidence>
    <HspcIncidence>
      <ConfirmedCases>507</ConfirmedCases>
      <IncidencePer100k>99.3</IncidencePer100k>
      <Name>CHO5</Name>
    </HspcIncidence>
    <HspcIncidence>
      <ConfirmedCases>378</ConfirmedCases>
      <IncidencePer100k>98.7</IncidencePer100k>
      <Name>CHO6</Name>
    </HspcIncidence>
    <HspcIncidence>
      <ConfirmedCases>789</ConfirmedCases>
      <IncidencePer100k>111.5</IncidencePer100k>
      <Name>CHO7</Name>
    </HspcIncidence>
    <HspcIncidence>
      <ConfirmedCases>838</ConfirmedCases>
      <IncidencePer100k>135.3</IncidencePer100k>
      <Name>CHO8</Name>
    </HspcIncidence>
    <HspcIncidence>
      <ConfirmedCases>781</ConfirmedCases>
      <IncidencePer100k>125.7</IncidencePer100k>
      <Name>CHO9</Name>
    </HspcIncidence>
  </CHORates>
  <CountyRates>
    <HspcIncidence>
      <ConfirmedCases>421</ConfirmedCases>
      <IncidencePer100k>264.5</IncidencePer100k>
      <Name>Donegal</Name>
    </HspcIncidence>
    <HspcIncidence>
      <ConfirmedCases>432</ConfirmedCases>
      <IncidencePer100k>221.7</IncidencePer100k>
      <Name>Limerick</Name>
    </HspcIncidence>
    <HspcIncidence>
      <ConfirmedCases>226</ConfirmedCases>
      <IncidencePer100k>175.4</IncidencePer100k>
      <Name>Louth</Name>
    </HspcIncidence>
    <HspcIncidence>
      <ConfirmedCases>108</ConfirmedCases>
      <IncidencePer100k>167.3</IncidencePer100k>
      <Name>Roscommon</Name>
    </HspcIncidence>
    <HspcIncidence>
      <ConfirmedCases>180</ConfirmedCases>
      <IncidencePer100k>154.9</IncidencePer100k>
      <Name>Waterford</Name>
    </HspcIncidence>
    <HspcIncidence>
      <ConfirmedCases>117</ConfirmedCases>
      <IncidencePer100k>150.1</IncidencePer100k>
      <Name>Offaly</Name>
    </HspcIncidence>
    <HspcIncidence>
      <ConfirmedCases>122</ConfirmedCases>
      <IncidencePer100k>137.4</IncidencePer100k>
      <Name>Westmeath</Name>
    </HspcIncidence>
    <HspcIncidence>
      <ConfirmedCases>248</ConfirmedCases>
      <IncidencePer100k>127.2</IncidencePer100k>
      <Name>Meath</Name>
    </HspcIncidence>
    <HspcIncidence>
      <ConfirmedCases>1679</ConfirmedCases>
      <IncidencePer100k>124.6</IncidencePer100k>
      <Name>Dublin</Name>
    </HspcIncidence>
    <HspcIncidence>
      <ConfirmedCases>73</ConfirmedCases>
      <IncidencePer100k>118.9</IncidencePer100k>
      <Name>Monaghan</Name>
    </HspcIncidence>
    <HspcIncidence>
      <ConfirmedCases>114</ConfirmedCases>
      <IncidencePer100k>114.9</IncidencePer100k>
      <Name>Kilkenny</Name>
    </HspcIncidence>
    <HspcIncidence>
      <ConfirmedCases>169</ConfirmedCases>
      <IncidencePer100k>105.9</IncidencePer100k>
      <Name>Tipperary</Name>
    </HspcIncidence>
    <HspcIncidence>
      <ConfirmedCases>136</ConfirmedCases>
      <IncidencePer100k>104.2</IncidencePer100k>
      <Name>Mayo</Name>
    </HspcIncidence>
    <HspcIncidence>
      <ConfirmedCases>123</ConfirmedCases>
      <IncidencePer100k>103.5</IncidencePer100k>
      <Name>Clare</Name>
    </HspcIncidence>
    <HspcIncidence>
      <ConfirmedCases>41</ConfirmedCases>
      <IncidencePer100k>100.3</IncidencePer100k>
      <Name>Longford</Name>
    </HspcIncidence>
    <HspcIncidence>
      <ConfirmedCases>31</ConfirmedCases>
      <IncidencePer100k>96.7</IncidencePer100k>
      <Name>Leitrim</Name>
    </HspcIncidence>
    <HspcIncidence>
      <ConfirmedCases>81</ConfirmedCases>
      <IncidencePer100k>95.6</IncidencePer100k>
      <Name>Laois</Name>
    </HspcIncidence>
    <HspcIncidence>
      <ConfirmedCases>71</ConfirmedCases>
      <IncidencePer100k>93.2</IncidencePer100k>
      <Name>Cavan</Name>
    </HspcIncidence>
    <HspcIncidence>
      <ConfirmedCases>52</ConfirmedCases>
      <IncidencePer100k>91.3</IncidencePer100k>
      <Name>Carlow</Name>
    </HspcIncidence>
    <HspcIncidence>
      <ConfirmedCases>128</ConfirmedCases>
      <IncidencePer100k>86.7</IncidencePer100k>
      <Name>Kerry</Name>
    </HspcIncidence>
    <HspcIncidence>
      <ConfirmedCases>188</ConfirmedCases>
      <IncidencePer100k>84.5</IncidencePer100k>
      <Name>Kildare</Name>
    </HspcIncidence>
    <HspcIncidence>
      <ConfirmedCases>439</ConfirmedCases>
      <IncidencePer100k>80.9</IncidencePer100k>
      <Name>Cork</Name>
    </HspcIncidence>
    <HspcIncidence>
      <ConfirmedCases>49</ConfirmedCases>
      <IncidencePer100k>74.8</IncidencePer100k>
      <Name>Sligo</Name>
    </HspcIncidence>
    <HspcIncidence>
      <ConfirmedCases>183</ConfirmedCases>
      <IncidencePer100k>70.9</IncidencePer100k>
      <Name>Galway</Name>
    </HspcIncidence>
    <HspcIncidence>
      <ConfirmedCases>81</ConfirmedCases>
      <IncidencePer100k>56.9</IncidencePer100k>
      <Name>Wicklow</Name>
    </HspcIncidence>
    <HspcIncidence>
      <ConfirmedCases>56</ConfirmedCases>
      <IncidencePer100k>37.4</IncidencePer100k>
      <Name>Wexford</Name>
    </HspcIncidence>
  </CountyRates>
  <FromDate>2020-11-05T00:00:00</FromDate>
  <Hospitalised>
    <HspcHospitalised>
      <CasesAdmittedToIcu>0</CasesAdmittedToIcu>
      <CasesAdmittedToIcuPercent>0</CasesAdmittedToIcuPercent>
      <CasesHospitalised>4</CasesHospitalised>
      <CasesHospitalisedPercent>1.09</CasesHospitalisedPercent>
      <Name>0To4</Name>
      <NumberOfCases>235</NumberOfCases>
    </HspcHospitalised>
    <HspcHospitalised>
      <CasesAdmittedToIcu>0</CasesAdmittedToIcu>
      <CasesAdmittedToIcuPercent>0</CasesAdmittedToIcuPercent>
      <CasesHospitalised>0</CasesHospitalised>
      <CasesHospitalisedPercent>0</CasesHospitalisedPercent>
      <Name>5To12</Name>
      <NumberOfCases>420</NumberOfCases>
    </HspcHospitalised>
    <HspcHospitalised>
      <CasesAdmittedToIcu>0</CasesAdmittedToIcu>
      <CasesAdmittedToIcuPercent>0</CasesAdmittedToIcuPercent>
      <CasesHospitalised>11</CasesHospitalised>
      <CasesHospitalisedPercent>3</CasesHospitalisedPercent>
      <Name>13To18</Name>
      <NumberOfCases>476</NumberOfCases>
    </HspcHospitalised>
    <HspcHospitalised>
      <CasesAdmittedToIcu>1</CasesAdmittedToIcu>
      <CasesAdmittedToIcuPercent>5.26</CasesAdmittedToIcuPercent>
      <CasesHospitalised>10</CasesHospitalised>
      <CasesHospitalisedPercent>2.72</CasesHospitalisedPercent>
      <Name>19To24</Name>
      <NumberOfCases>675</NumberOfCases>
    </HspcHospitalised>
    <HspcHospitalised>
      <CasesAdmittedToIcu>1</CasesAdmittedToIcu>
      <CasesAdmittedToIcuPercent>5.26</CasesAdmittedToIcuPercent>
      <CasesHospitalised>19</CasesHospitalised>
      <CasesHospitalisedPercent>5.18</CasesHospitalisedPercent>
      <Name>25To34</Name>
      <NumberOfCases>894</NumberOfCases>
    </HspcHospitalised>
    <HspcHospitalised>
      <CasesAdmittedToIcu>1</CasesAdmittedToIcu>
      <CasesAdmittedToIcuPercent>5.26</CasesAdmittedToIcuPercent>
      <CasesHospitalised>26</CasesHospitalised>
      <CasesHospitalisedPercent>7.08</CasesHospitalisedPercent>
      <Name>35To44</Name>
      <NumberOfCases>877</NumberOfCases>
    </HspcHospitalised>
    <HspcHospitalised>
      <CasesAdmittedToIcu>2</CasesAdmittedToIcu>
      <CasesAdmittedToIcuPercent>10.53</CasesAdmittedToIcuPercent>
      <CasesHospitalised>37</CasesHospitalised>
      <CasesHospitalisedPercent>10.08</CasesHospitalisedPercent>
      <Name>45To54</Name>
      <NumberOfCases>789</NumberOfCases>
    </HspcHospitalised>
    <HspcHospitalised>
      <CasesAdmittedToIcu>3</CasesAdmittedToIcu>
      <CasesAdmittedToIcuPercent>15.79</CasesAdmittedToIcuPercent>
      <CasesHospitalised>37</CasesHospitalised>
      <CasesHospitalisedPercent>10.08</CasesHospitalisedPercent>
      <Name>55To64</Name>
      <NumberOfCases>491</NumberOfCases>
    </HspcHospitalised>
    <HspcHospitalised>
      <CasesAdmittedToIcu>6</CasesAdmittedToIcu>
      <CasesAdmittedToIcuPercent>31.58</CasesAdmittedToIcuPercent>
      <CasesHospitalised>65</CasesHospitalised>
      <CasesHospitalisedPercent>17.71</CasesHospitalisedPercent>
      <Name>65To74</Name>
      <NumberOfCases>300</NumberOfCases>
    </HspcHospitalised>
    <HspcHospitalised>
      <CasesAdmittedToIcu>5</CasesAdmittedToIcu>
      <CasesAdmittedToIcuPercent>26.32</CasesAdmittedToIcuPercent>
      <CasesHospitalised>97</CasesHospitalised>
      <CasesHospitalisedPercent>26.43</CasesHospitalisedPercent>
      <Name>75To84</Name>
      <NumberOfCases>225</NumberOfCases>
    </HspcHospitalised>
    <HspcHospitalised>
      <CasesAdmittedToIcu>0</CasesAdmittedToIcu>
      <CasesAdmittedToIcuPercent>0</CasesAdmittedToIcuPercent>
      <CasesHospitalised>61</CasesHospitalised>
      <CasesHospitalisedPercent>16.62</CasesHospitalisedPercent>
      <Name>85Plus</Name>
      <NumberOfCases>166</NumberOfCases>
    </HspcHospitalised>
  </Hospitalised>
  <PreparedDate>2020-11-19T00:00:00</PreparedDate>
  <SexCharacteristics>
    <Female>
      <Absolute>2869</Absolute>
      <Percent>51.71</Percent>
    </Female>
    <Male>
      <Absolute>2668</Absolute>
      <Percent>48.09</Percent>
    </Male>
    <MaleFemaleRatio>0.93</MaleFemaleRatio>
    <Unknown>
      <Absolute>11</Absolute>
      <Percent>0.2</Percent>
    </Unknown>
  </SexCharacteristics>
  <SourceFileName>COVID-19_14 day epidemiology report_20201119_website.pdf</SourceFileName>
  <SymptomStatusAtTimeOfTestCharacteristics>
    <No>
      <Absolute>1509</Absolute>
      <Percent>27.2</Percent>
    </No>
    <Unknown>
      <Absolute>751</Absolute>
      <Percent>13.54</Percent>
    </Unknown>
    <Yes>
      <Absolute>3288</Absolute>
      <Percent>59.26</Percent>
    </Yes>
  </SymptomStatusAtTimeOfTestCharacteristics>
  <ToDate>2020-11-18T00:00:00</ToDate>
  <TotalConfirmedCases>
    <Absolute>5548</Absolute>
    <Percent>100</Percent>
  </TotalConfirmedCases>
  <UnderlyingConditionsCharacteristics>
    <No>
      <Absolute>3513</Absolute>
      <Percent>63.32</Percent>
    </No>
    <Unknown>
      <Absolute>615</Absolute>
      <Percent>11.09</Percent>
    </Unknown>
    <Yes>
      <Absolute>1420</Absolute>
      <Percent>25.59</Percent>
    </Yes>
  </UnderlyingConditionsCharacteristics>
</HspcDailyEpidemiology>