﻿<?xml version="1.0" encoding="utf-8"?>
<HspcDailyEpidemiology xmlns:i="http://www.w3.org/2001/XMLSchema-instance" xmlns="http://schemas.datacontract.org/2004/07/CovidStats.DailyEpidemiology">
  <AgeCharacteristics>
    <Age0To4>
      <Absolute>1021</Absolute>
      <Percent>2.29</Percent>
    </Age0To4>
    <Age13To18>
      <Absolute>2713</Absolute>
      <Percent>6.08</Percent>
    </Age13To18>
    <Age19To24>
      <Absolute>6880</Absolute>
      <Percent>15.43</Percent>
    </Age19To24>
    <Age25To34>
      <Absolute>9034</Absolute>
      <Percent>20.26</Percent>
    </Age25To34>
    <Age35To44>
      <Absolute>6954</Absolute>
      <Percent>15.6</Percent>
    </Age35To44>
    <Age45To54>
      <Absolute>6443</Absolute>
      <Percent>14.45</Percent>
    </Age45To54>
    <Age55To64>
      <Absolute>5431</Absolute>
      <Percent>12.18</Percent>
    </Age55To64>
    <Age5To12>
      <Absolute>1856</Absolute>
      <Percent>4.16</Percent>
    </Age5To12>
    <Age65To74>
      <Absolute>2379</Absolute>
      <Percent>5.34</Percent>
    </Age65To74>
    <Age75To84>
      <Absolute>1174</Absolute>
      <Percent>2.63</Percent>
    </Age75To84>
    <Age85Plus>
      <Absolute>699</Absolute>
      <Percent>1.57</Percent>
    </Age85Plus>
    <AgeUnknown>
      <Absolute>6</Absolute>
      <Percent>0.01</Percent>
    </AgeUnknown>
    <MeanAge>38</MeanAge>
    <MedianAge>36</MedianAge>
  </AgeCharacteristics>
  <CCARates>
    <HspcIncidence>
      <ConfirmedCases>1050</ConfirmedCases>
      <IncidencePer100k>771.6</IncidencePer100k>
      <Name>DublinSouth</Name>
    </HspcIncidence>
    <HspcIncidence>
      <ConfirmedCases>2142</ConfirmedCases>
      <IncidencePer100k>1731.6</IncidencePer100k>
      <Name>DublinSouthEast</Name>
    </HspcIncidence>
    <HspcIncidence>
      <ConfirmedCases>1374</ConfirmedCases>
      <IncidencePer100k>916.4</IncidencePer100k>
      <Name>DublinSouthCity</Name>
    </HspcIncidence>
    <HspcIncidence>
      <ConfirmedCases>1675</ConfirmedCases>
      <IncidencePer100k>1041.0</IncidencePer100k>
      <Name>DublinSouthWest</Name>
    </HspcIncidence>
    <HspcIncidence>
      <ConfirmedCases>1486</ConfirmedCases>
      <IncidencePer100k>956.6</IncidencePer100k>
      <Name>DublinWest</Name>
    </HspcIncidence>
    <HspcIncidence>
      <ConfirmedCases>2551</ConfirmedCases>
      <IncidencePer100k>1228.4</IncidencePer100k>
      <Name>DublinNorthWest</Name>
    </HspcIncidence>
    <HspcIncidence>
      <ConfirmedCases>2167</ConfirmedCases>
      <IncidencePer100k>1401.8</IncidencePer100k>
      <Name>DublinNorthCentral</Name>
    </HspcIncidence>
    <HspcIncidence>
      <ConfirmedCases>2255</ConfirmedCases>
      <IncidencePer100k>870.1</IncidencePer100k>
      <Name>DublinNorth</Name>
    </HspcIncidence>
  </CCARates>
  <CHORates>
    <HspcIncidence>
      <ConfirmedCases>4622</ConfirmedCases>
      <IncidencePer100k>1181.2</IncidencePer100k>
      <Name>CHO1</Name>
    </HspcIncidence>
    <HspcIncidence>
      <ConfirmedCases>2963</ConfirmedCases>
      <IncidencePer100k>653.9</IncidencePer100k>
      <Name>CHO2</Name>
    </HspcIncidence>
    <HspcIncidence>
      <ConfirmedCases>4196</ConfirmedCases>
      <IncidencePer100k>1089.9</IncidencePer100k>
      <Name>CHO3</Name>
    </HspcIncidence>
    <HspcIncidence>
      <ConfirmedCases>6058</ConfirmedCases>
      <IncidencePer100k>877.2</IncidencePer100k>
      <Name>CHO4</Name>
    </HspcIncidence>
    <HspcIncidence>
      <ConfirmedCases>3931</ConfirmedCases>
      <IncidencePer100k>770.3</IncidencePer100k>
      <Name>CHO5</Name>
    </HspcIncidence>
    <HspcIncidence>
      <ConfirmedCases>3846</ConfirmedCases>
      <IncidencePer100k>1003.7</IncidencePer100k>
      <Name>CHO6</Name>
    </HspcIncidence>
    <HspcIncidence>
      <ConfirmedCases>6205</ConfirmedCases>
      <IncidencePer100k>876.8</IncidencePer100k>
      <Name>CHO7</Name>
    </HspcIncidence>
    <HspcIncidence>
      <ConfirmedCases>5766</ConfirmedCases>
      <IncidencePer100k>931.1</IncidencePer100k>
      <Name>CHO8</Name>
    </HspcIncidence>
    <HspcIncidence>
      <ConfirmedCases>6973</ConfirmedCases>
      <IncidencePer100k>1122.1</IncidencePer100k>
      <Name>CHO9</Name>
    </HspcIncidence>
  </CHORates>
  <CountyRates>
    <HspcIncidence>
      <ConfirmedCases>1117</ConfirmedCases>
      <IncidencePer100k>1819.6</IncidencePer100k>
      <Name>Monaghan</Name>
    </HspcIncidence>
    <HspcIncidence>
      <ConfirmedCases>2110</ConfirmedCases>
      <IncidencePer100k>1637.1</IncidencePer100k>
      <Name>Louth</Name>
    </HspcIncidence>
    <HspcIncidence>
      <ConfirmedCases>2727</ConfirmedCases>
      <IncidencePer100k>1399.2</IncidencePer100k>
      <Name>Limerick</Name>
    </HspcIncidence>
    <HspcIncidence>
      <ConfirmedCases>880</ConfirmedCases>
      <IncidencePer100k>1155.2</IncidencePer100k>
      <Name>Cavan</Name>
    </HspcIncidence>
    <HspcIncidence>
      <ConfirmedCases>1823</ConfirmedCases>
      <IncidencePer100k>1145.2</IncidencePer100k>
      <Name>Donegal</Name>
    </HspcIncidence>
    <HspcIncidence>
      <ConfirmedCases>14707</ConfirmedCases>
      <IncidencePer100k>1091.5</IncidencePer100k>
      <Name>Dublin</Name>
    </HspcIncidence>
    <HspcIncidence>
      <ConfirmedCases>643</ConfirmedCases>
      <IncidencePer100k>981.2</IncidencePer100k>
      <Name>Sligo</Name>
    </HspcIncidence>
    <HspcIncidence>
      <ConfirmedCases>1054</ConfirmedCases>
      <IncidencePer100k>907.2</IncidencePer100k>
      <Name>Waterford</Name>
    </HspcIncidence>
    <HspcIncidence>
      <ConfirmedCases>4913</ConfirmedCases>
      <IncidencePer100k>905.0</IncidencePer100k>
      <Name>Cork</Name>
    </HspcIncidence>
    <HspcIncidence>
      <ConfirmedCases>1175</ConfirmedCases>
      <IncidencePer100k>900.3</IncidencePer100k>
      <Name>Mayo</Name>
    </HspcIncidence>
    <HspcIncidence>
      <ConfirmedCases>1069</ConfirmedCases>
      <IncidencePer100k>899.7</IncidencePer100k>
      <Name>Clare</Name>
    </HspcIncidence>
    <HspcIncidence>
      <ConfirmedCases>1692</ConfirmedCases>
      <IncidencePer100k>867.5</IncidencePer100k>
      <Name>Meath</Name>
    </HspcIncidence>
    <HspcIncidence>
      <ConfirmedCases>1289</ConfirmedCases>
      <IncidencePer100k>860.9</IncidencePer100k>
      <Name>Wexford</Name>
    </HspcIncidence>
    <HspcIncidence>
      <ConfirmedCases>484</ConfirmedCases>
      <IncidencePer100k>850.1</IncidencePer100k>
      <Name>Carlow</Name>
    </HspcIncidence>
    <HspcIncidence>
      <ConfirmedCases>780</ConfirmedCases>
      <IncidencePer100k>786.0</IncidencePer100k>
      <Name>Kilkenny</Name>
    </HspcIncidence>
    <HspcIncidence>
      <ConfirmedCases>1146</ConfirmedCases>
      <IncidencePer100k>775.9</IncidencePer100k>
      <Name>Kerry</Name>
    </HspcIncidence>
    <HspcIncidence>
      <ConfirmedCases>1654</ConfirmedCases>
      <IncidencePer100k>743.4</IncidencePer100k>
      <Name>Kildare</Name>
    </HspcIncidence>
    <HspcIncidence>
      <ConfirmedCases>578</ConfirmedCases>
      <IncidencePer100k>741.4</IncidencePer100k>
      <Name>Offaly</Name>
    </HspcIncidence>
    <HspcIncidence>
      <ConfirmedCases>293</ConfirmedCases>
      <IncidencePer100k>716.9</IncidencePer100k>
      <Name>Longford</Name>
    </HspcIncidence>
    <HspcIncidence>
      <ConfirmedCases>584</ConfirmedCases>
      <IncidencePer100k>689.5</IncidencePer100k>
      <Name>Laois</Name>
    </HspcIncidence>
    <HspcIncidence>
      <ConfirmedCases>1452</ConfirmedCases>
      <IncidencePer100k>562.7</IncidencePer100k>
      <Name>Galway</Name>
    </HspcIncidence>
    <HspcIncidence>
      <ConfirmedCases>474</ConfirmedCases>
      <IncidencePer100k>534.0</IncidencePer100k>
      <Name>Westmeath</Name>
    </HspcIncidence>
    <HspcIncidence>
      <ConfirmedCases>336</ConfirmedCases>
      <IncidencePer100k>520.6</IncidencePer100k>
      <Name>Roscommon</Name>
    </HspcIncidence>
    <HspcIncidence>
      <ConfirmedCases>162</ConfirmedCases>
      <IncidencePer100k>505.6</IncidencePer100k>
      <Name>Leitrim</Name>
    </HspcIncidence>
    <HspcIncidence>
      <ConfirmedCases>777</ConfirmedCases>
      <IncidencePer100k>487.0</IncidencePer100k>
      <Name>Tipperary</Name>
    </HspcIncidence>
    <HspcIncidence>
      <ConfirmedCases>671</ConfirmedCases>
      <IncidencePer100k>471.1</IncidencePer100k>
      <Name>Wicklow</Name>
    </HspcIncidence>
  </CountyRates>
  <FromDate>2020-12-24T00:00:00</FromDate>
  <Hospitalised>
    <HspcHospitalised>
      <CasesAdmittedToIcu>0</CasesAdmittedToIcu>
      <CasesAdmittedToIcuPercent>0</CasesAdmittedToIcuPercent>
      <CasesHospitalised>11</CasesHospitalised>
      <CasesHospitalisedPercent>1.22</CasesHospitalisedPercent>
      <Name>0To4</Name>
      <NumberOfCases>1021</NumberOfCases>
    </HspcHospitalised>
    <HspcHospitalised>
      <CasesAdmittedToIcu>0</CasesAdmittedToIcu>
      <CasesAdmittedToIcuPercent>0</CasesAdmittedToIcuPercent>
      <CasesHospitalised>7</CasesHospitalised>
      <CasesHospitalisedPercent>0.78</CasesHospitalisedPercent>
      <Name>5To12</Name>
      <NumberOfCases>1856</NumberOfCases>
    </HspcHospitalised>
    <HspcHospitalised>
      <CasesAdmittedToIcu>1</CasesAdmittedToIcu>
      <CasesAdmittedToIcuPercent>2.94</CasesAdmittedToIcuPercent>
      <CasesHospitalised>21</CasesHospitalised>
      <CasesHospitalisedPercent>2.33</CasesHospitalisedPercent>
      <Name>13To18</Name>
      <NumberOfCases>2713</NumberOfCases>
    </HspcHospitalised>
    <HspcHospitalised>
      <CasesAdmittedToIcu>0</CasesAdmittedToIcu>
      <CasesAdmittedToIcuPercent>0</CasesAdmittedToIcuPercent>
      <CasesHospitalised>40</CasesHospitalised>
      <CasesHospitalisedPercent>4.44</CasesHospitalisedPercent>
      <Name>19To24</Name>
      <NumberOfCases>6880</NumberOfCases>
    </HspcHospitalised>
    <HspcHospitalised>
      <CasesAdmittedToIcu>3</CasesAdmittedToIcu>
      <CasesAdmittedToIcuPercent>8.82</CasesAdmittedToIcuPercent>
      <CasesHospitalised>87</CasesHospitalised>
      <CasesHospitalisedPercent>9.66</CasesHospitalisedPercent>
      <Name>25To34</Name>
      <NumberOfCases>9034</NumberOfCases>
    </HspcHospitalised>
    <HspcHospitalised>
      <CasesAdmittedToIcu>0</CasesAdmittedToIcu>
      <CasesAdmittedToIcuPercent>0</CasesAdmittedToIcuPercent>
      <CasesHospitalised>76</CasesHospitalised>
      <CasesHospitalisedPercent>8.44</CasesHospitalisedPercent>
      <Name>35To44</Name>
      <NumberOfCases>6954</NumberOfCases>
    </HspcHospitalised>
    <HspcHospitalised>
      <CasesAdmittedToIcu>3</CasesAdmittedToIcu>
      <CasesAdmittedToIcuPercent>8.82</CasesAdmittedToIcuPercent>
      <CasesHospitalised>98</CasesHospitalised>
      <CasesHospitalisedPercent>10.88</CasesHospitalisedPercent>
      <Name>45To54</Name>
      <NumberOfCases>6443</NumberOfCases>
    </HspcHospitalised>
    <HspcHospitalised>
      <CasesAdmittedToIcu>9</CasesAdmittedToIcu>
      <CasesAdmittedToIcuPercent>26.47</CasesAdmittedToIcuPercent>
      <CasesHospitalised>95</CasesHospitalised>
      <CasesHospitalisedPercent>10.54</CasesHospitalisedPercent>
      <Name>55To64</Name>
      <NumberOfCases>5431</NumberOfCases>
    </HspcHospitalised>
    <HspcHospitalised>
      <CasesAdmittedToIcu>13</CasesAdmittedToIcu>
      <CasesAdmittedToIcuPercent>38.24</CasesAdmittedToIcuPercent>
      <CasesHospitalised>155</CasesHospitalised>
      <CasesHospitalisedPercent>17.20</CasesHospitalisedPercent>
      <Name>65To74</Name>
      <NumberOfCases>2379</NumberOfCases>
    </HspcHospitalised>
    <HspcHospitalised>
      <CasesAdmittedToIcu>4</CasesAdmittedToIcu>
      <CasesAdmittedToIcuPercent>11.76</CasesAdmittedToIcuPercent>
      <CasesHospitalised>179</CasesHospitalised>
      <CasesHospitalisedPercent>19.87</CasesHospitalisedPercent>
      <Name>75To84</Name>
      <NumberOfCases>1174</NumberOfCases>
    </HspcHospitalised>
    <HspcHospitalised>
      <CasesAdmittedToIcu>1</CasesAdmittedToIcu>
      <CasesAdmittedToIcuPercent>2.94</CasesAdmittedToIcuPercent>
      <CasesHospitalised>131</CasesHospitalised>
      <CasesHospitalisedPercent>14.54</CasesHospitalisedPercent>
      <Name>85Plus</Name>
      <NumberOfCases>699</NumberOfCases>
    </HspcHospitalised>
    <HspcHospitalised>
      <CasesAdmittedToIcu>1</CasesAdmittedToIcu>
      <CasesAdmittedToIcuPercent>0.11</CasesAdmittedToIcuPercent>
      <CasesHospitalised>0</CasesHospitalised>
      <CasesHospitalisedPercent>0</CasesHospitalisedPercent>
      <Name>Unknown</Name>
      <NumberOfCases>6</NumberOfCases>
    </HspcHospitalised>
  </Hospitalised>
  <PreparedDate>2021-01-07T00:00:00</PreparedDate>
  <SexCharacteristics>
    <Female>
      <Absolute>22985</Absolute>
      <Percent>51.55</Percent>
    </Female>
    <Male>
      <Absolute>21508</Absolute>
      <Percent>48.24</Percent>
    </Male>
    <MaleFemaleRatio>0.94</MaleFemaleRatio>
    <Unknown>
      <Absolute>97</Absolute>
      <Percent>0.22</Percent>
    </Unknown>
  </SexCharacteristics>
  <SourceFileName>COVID-19_14_day_epidemiology_report_20210107_website.pdf</SourceFileName>
  <SymptomStatusAtTimeOfTestCharacteristics>
    <No>
      <Absolute>388</Absolute>
      <Percent>0.87</Percent>
    </No>
    <Unknown>
      <Absolute>42863</Absolute>
      <Percent>96.13</Percent>
    </Unknown>
    <Yes>
      <Absolute>1339</Absolute>
      <Percent>3</Percent>
    </Yes>
  </SymptomStatusAtTimeOfTestCharacteristics>
  <ToDate>2021-01-06T00:00:00</ToDate>
  <TotalConfirmedCases>
    <Absolute>44590</Absolute>
    <Percent>100</Percent>
  </TotalConfirmedCases>
  <UnderlyingConditionsCharacteristics>
    <No>
      <Absolute>1428</Absolute>
      <Percent>3.2</Percent>
    </No>
    <Unknown>
      <Absolute>42843</Absolute>
      <Percent>96.08</Percent>
    </Unknown>
    <Yes>
      <Absolute>319</Absolute>
      <Percent>0.72</Percent>
    </Yes>
  </UnderlyingConditionsCharacteristics>
</HspcDailyEpidemiology>