﻿<?xml version="1.0" encoding="utf-8"?>
<HspcDailyEpidemiology xmlns:i="http://www.w3.org/2001/XMLSchema-instance" xmlns="http://schemas.datacontract.org/2004/07/CovidStats.DailyEpidemiology">
  <AgeCharacteristics>
    <Age0To4>
      <Absolute>251</Absolute>
      <Percent>4.34</Percent>
    </Age0To4>
    <Age13To18>
      <Absolute>469</Absolute>
      <Percent>8.12</Percent>
    </Age13To18>
    <Age19To24>
      <Absolute>662</Absolute>
      <Percent>11.46</Percent>
    </Age19To24>
    <Age25To34>
      <Absolute>952</Absolute>
      <Percent>16.48</Percent>
    </Age25To34>
    <Age35To44>
      <Absolute>891</Absolute>
      <Percent>15.42</Percent>
    </Age35To44>
    <Age45To54>
      <Absolute>831</Absolute>
      <Percent>14.38</Percent>
    </Age45To54>
    <Age55To64>
      <Absolute>537</Absolute>
      <Percent>9.29</Percent>
    </Age55To64>
    <Age5To12>
      <Absolute>427</Absolute>
      <Percent>7.39</Percent>
    </Age5To12>
    <Age65To74>
      <Absolute>323</Absolute>
      <Percent>5.59</Percent>
    </Age65To74>
    <Age75To84>
      <Absolute>245</Absolute>
      <Percent>4.24</Percent>
    </Age75To84>
    <Age85Plus>
      <Absolute>190</Absolute>
      <Percent>3.29</Percent>
    </Age85Plus>
    <AgeUnknown>
      <Absolute>0</Absolute>
      <Percent>0</Percent>
    </AgeUnknown>
    <MeanAge>38</MeanAge>
    <MedianAge>36</MedianAge>
  </AgeCharacteristics>
  <CCARates>
    <HspcIncidence>
      <ConfirmedCases>87</ConfirmedCases>
      <IncidencePer100k>63.9</IncidencePer100k>
      <Name>DublinSouth</Name>
    </HspcIncidence>
    <HspcIncidence>
      <ConfirmedCases>209</ConfirmedCases>
      <IncidencePer100k>169.0</IncidencePer100k>
      <Name>DublinSouthEast</Name>
    </HspcIncidence>
    <HspcIncidence>
      <ConfirmedCases>146</ConfirmedCases>
      <IncidencePer100k>97.4</IncidencePer100k>
      <Name>DublinSouthCity</Name>
    </HspcIncidence>
    <HspcIncidence>
      <ConfirmedCases>177</ConfirmedCases>
      <IncidencePer100k>110.0</IncidencePer100k>
      <Name>DublinSouthWest</Name>
    </HspcIncidence>
    <HspcIncidence>
      <ConfirmedCases>256</ConfirmedCases>
      <IncidencePer100k>164.8</IncidencePer100k>
      <Name>DublinWest</Name>
    </HspcIncidence>
    <HspcIncidence>
      <ConfirmedCases>339</ConfirmedCases>
      <IncidencePer100k>163.2</IncidencePer100k>
      <Name>DublinNorthWest</Name>
    </HspcIncidence>
    <HspcIncidence>
      <ConfirmedCases>230</ConfirmedCases>
      <IncidencePer100k>148.8</IncidencePer100k>
      <Name>DublinNorthCentral</Name>
    </HspcIncidence>
    <HspcIncidence>
      <ConfirmedCases>224</ConfirmedCases>
      <IncidencePer100k>86.4</IncidencePer100k>
      <Name>DublinNorth</Name>
    </HspcIncidence>
  </CCARates>
  <CHORates>
    <HspcIncidence>
      <ConfirmedCases>667</ConfirmedCases>
      <IncidencePer100k>170.5</IncidencePer100k>
      <Name>CHO1</Name>
    </HspcIncidence>
    <HspcIncidence>
      <ConfirmedCases>474</ConfirmedCases>
      <IncidencePer100k>104.6</IncidencePer100k>
      <Name>CHO2</Name>
    </HspcIncidence>
    <HspcIncidence>
      <ConfirmedCases>675</ConfirmedCases>
      <IncidencePer100k>175.3</IncidencePer100k>
      <Name>CHO3</Name>
    </HspcIncidence>
    <HspcIncidence>
      <ConfirmedCases>647</ConfirmedCases>
      <IncidencePer100k>93.7</IncidencePer100k>
      <Name>CHO4</Name>
    </HspcIncidence>
    <HspcIncidence>
      <ConfirmedCases>521</ConfirmedCases>
      <IncidencePer100k>102.1</IncidencePer100k>
      <Name>CHO5</Name>
    </HspcIncidence>
    <HspcIncidence>
      <ConfirmedCases>386</ConfirmedCases>
      <IncidencePer100k>100.7</IncidencePer100k>
      <Name>CHO6</Name>
    </HspcIncidence>
    <HspcIncidence>
      <ConfirmedCases>766</ConfirmedCases>
      <IncidencePer100k>108.2</IncidencePer100k>
      <Name>CHO7</Name>
    </HspcIncidence>
    <HspcIncidence>
      <ConfirmedCases>849</ConfirmedCases>
      <IncidencePer100k>137.1</IncidencePer100k>
      <Name>CHO8</Name>
    </HspcIncidence>
    <HspcIncidence>
      <ConfirmedCases>793</ConfirmedCases>
      <IncidencePer100k>127.6</IncidencePer100k>
      <Name>CHO9</Name>
    </HspcIncidence>
  </CHORates>
  <CountyRates>
    <HspcIncidence>
      <ConfirmedCases>449</ConfirmedCases>
      <IncidencePer100k>282.0</IncidencePer100k>
      <Name>Donegal</Name>
    </HspcIncidence>
    <HspcIncidence>
      <ConfirmedCases>471</ConfirmedCases>
      <IncidencePer100k>241.7</IncidencePer100k>
      <Name>Limerick</Name>
    </HspcIncidence>
    <HspcIncidence>
      <ConfirmedCases>108</ConfirmedCases>
      <IncidencePer100k>167.3</IncidencePer100k>
      <Name>Roscommon</Name>
    </HspcIncidence>
    <HspcIncidence>
      <ConfirmedCases>189</ConfirmedCases>
      <IncidencePer100k>162.7</IncidencePer100k>
      <Name>Waterford</Name>
    </HspcIncidence>
    <HspcIncidence>
      <ConfirmedCases>207</ConfirmedCases>
      <IncidencePer100k>160.6</IncidencePer100k>
      <Name>Louth</Name>
    </HspcIncidence>
    <HspcIncidence>
      <ConfirmedCases>142</ConfirmedCases>
      <IncidencePer100k>160.0</IncidencePer100k>
      <Name>Westmeath</Name>
    </HspcIncidence>
    <HspcIncidence>
      <ConfirmedCases>112</ConfirmedCases>
      <IncidencePer100k>143.7</IncidencePer100k>
      <Name>Offaly</Name>
    </HspcIncidence>
    <HspcIncidence>
      <ConfirmedCases>251</ConfirmedCases>
      <IncidencePer100k>128.7</IncidencePer100k>
      <Name>Meath</Name>
    </HspcIncidence>
    <HspcIncidence>
      <ConfirmedCases>1668</ConfirmedCases>
      <IncidencePer100k>123.8</IncidencePer100k>
      <Name>Dublin</Name>
    </HspcIncidence>
    <HspcIncidence>
      <ConfirmedCases>182</ConfirmedCases>
      <IncidencePer100k>123.2</IncidencePer100k>
      <Name>Kerry</Name>
    </HspcIncidence>
    <HspcIncidence>
      <ConfirmedCases>118</ConfirmedCases>
      <IncidencePer100k>118.9</IncidencePer100k>
      <Name>Kilkenny</Name>
    </HspcIncidence>
    <HspcIncidence>
      <ConfirmedCases>148</ConfirmedCases>
      <IncidencePer100k>113.4</IncidencePer100k>
      <Name>Mayo</Name>
    </HspcIncidence>
    <HspcIncidence>
      <ConfirmedCases>133</ConfirmedCases>
      <IncidencePer100k>111.9</IncidencePer100k>
      <Name>Clare</Name>
    </HspcIncidence>
    <HspcIncidence>
      <ConfirmedCases>45</ConfirmedCases>
      <IncidencePer100k>110.1</IncidencePer100k>
      <Name>Longford</Name>
    </HspcIncidence>
    <HspcIncidence>
      <ConfirmedCases>67</ConfirmedCases>
      <IncidencePer100k>109.1</IncidencePer100k>
      <Name>Monaghan</Name>
    </HspcIncidence>
    <HspcIncidence>
      <ConfirmedCases>174</ConfirmedCases>
      <IncidencePer100k>109.1</IncidencePer100k>
      <Name>Tipperary</Name>
    </HspcIncidence>
    <HspcIncidence>
      <ConfirmedCases>88</ConfirmedCases>
      <IncidencePer100k>103.9</IncidencePer100k>
      <Name>Laois</Name>
    </HspcIncidence>
    <HspcIncidence>
      <ConfirmedCases>60</ConfirmedCases>
      <IncidencePer100k>91.6</IncidencePer100k>
      <Name>Sligo</Name>
    </HspcIncidence>
    <HspcIncidence>
      <ConfirmedCases>465</ConfirmedCases>
      <IncidencePer100k>85.7</IncidencePer100k>
      <Name>Cork</Name>
    </HspcIncidence>
    <HspcIncidence>
      <ConfirmedCases>65</ConfirmedCases>
      <IncidencePer100k>85.3</IncidencePer100k>
      <Name>Cavan</Name>
    </HspcIncidence>
    <HspcIncidence>
      <ConfirmedCases>218</ConfirmedCases>
      <IncidencePer100k>84.5</IncidencePer100k>
      <Name>Galway</Name>
    </HspcIncidence>
    <HspcIncidence>
      <ConfirmedCases>27</ConfirmedCases>
      <IncidencePer100k>84.3</IncidencePer100k>
      <Name>Leitrim</Name>
    </HspcIncidence>
    <HspcIncidence>
      <ConfirmedCases>184</ConfirmedCases>
      <IncidencePer100k>82.7</IncidencePer100k>
      <Name>Kildare</Name>
    </HspcIncidence>
    <HspcIncidence>
      <ConfirmedCases>47</ConfirmedCases>
      <IncidencePer100k>82.6</IncidencePer100k>
      <Name>Carlow</Name>
    </HspcIncidence>
    <HspcIncidence>
      <ConfirmedCases>93</ConfirmedCases>
      <IncidencePer100k>65.3</IncidencePer100k>
      <Name>Wicklow</Name>
    </HspcIncidence>
    <HspcIncidence>
      <ConfirmedCases>67</ConfirmedCases>
      <IncidencePer100k>44.7</IncidencePer100k>
      <Name>Wexford</Name>
    </HspcIncidence>
  </CountyRates>
  <FromDate>2020-11-03T00:00:00</FromDate>
  <Hospitalised>
    <HspcHospitalised>
      <CasesAdmittedToIcu>0</CasesAdmittedToIcu>
      <CasesAdmittedToIcuPercent>0</CasesAdmittedToIcuPercent>
      <CasesHospitalised>5</CasesHospitalised>
      <CasesHospitalisedPercent>1.3</CasesHospitalisedPercent>
      <Name>0To4</Name>
      <NumberOfCases>251</NumberOfCases>
    </HspcHospitalised>
    <HspcHospitalised>
      <CasesAdmittedToIcu>0</CasesAdmittedToIcu>
      <CasesAdmittedToIcuPercent>0</CasesAdmittedToIcuPercent>
      <CasesHospitalised>1</CasesHospitalised>
      <CasesHospitalisedPercent>0.26</CasesHospitalisedPercent>
      <Name>5To12</Name>
      <NumberOfCases>427</NumberOfCases>
    </HspcHospitalised>
    <HspcHospitalised>
      <CasesAdmittedToIcu>0</CasesAdmittedToIcu>
      <CasesAdmittedToIcuPercent>0</CasesAdmittedToIcuPercent>
      <CasesHospitalised>9</CasesHospitalised>
      <CasesHospitalisedPercent>2.34</CasesHospitalisedPercent>
      <Name>13To18</Name>
      <NumberOfCases>469</NumberOfCases>
    </HspcHospitalised>
    <HspcHospitalised>
      <CasesAdmittedToIcu>2</CasesAdmittedToIcu>
      <CasesAdmittedToIcuPercent>12.5</CasesAdmittedToIcuPercent>
      <CasesHospitalised>11</CasesHospitalised>
      <CasesHospitalisedPercent>2.86</CasesHospitalisedPercent>
      <Name>19To24</Name>
      <NumberOfCases>662</NumberOfCases>
    </HspcHospitalised>
    <HspcHospitalised>
      <CasesAdmittedToIcu>0</CasesAdmittedToIcu>
      <CasesAdmittedToIcuPercent>0</CasesAdmittedToIcuPercent>
      <CasesHospitalised>19</CasesHospitalised>
      <CasesHospitalisedPercent>4.95</CasesHospitalisedPercent>
      <Name>25To34</Name>
      <NumberOfCases>952</NumberOfCases>
    </HspcHospitalised>
    <HspcHospitalised>
      <CasesAdmittedToIcu>0</CasesAdmittedToIcu>
      <CasesAdmittedToIcuPercent>0</CasesAdmittedToIcuPercent>
      <CasesHospitalised>30</CasesHospitalised>
      <CasesHospitalisedPercent>7.81</CasesHospitalisedPercent>
      <Name>35To44</Name>
      <NumberOfCases>891</NumberOfCases>
    </HspcHospitalised>
    <HspcHospitalised>
      <CasesAdmittedToIcu>2</CasesAdmittedToIcu>
      <CasesAdmittedToIcuPercent>12.5</CasesAdmittedToIcuPercent>
      <CasesHospitalised>35</CasesHospitalised>
      <CasesHospitalisedPercent>9.11</CasesHospitalisedPercent>
      <Name>45To54</Name>
      <NumberOfCases>831</NumberOfCases>
    </HspcHospitalised>
    <HspcHospitalised>
      <CasesAdmittedToIcu>3</CasesAdmittedToIcu>
      <CasesAdmittedToIcuPercent>18.75</CasesAdmittedToIcuPercent>
      <CasesHospitalised>39</CasesHospitalised>
      <CasesHospitalisedPercent>10.16</CasesHospitalisedPercent>
      <Name>55To64</Name>
      <NumberOfCases>537</NumberOfCases>
    </HspcHospitalised>
    <HspcHospitalised>
      <CasesAdmittedToIcu>6</CasesAdmittedToIcu>
      <CasesAdmittedToIcuPercent>37.5</CasesAdmittedToIcuPercent>
      <CasesHospitalised>71</CasesHospitalised>
      <CasesHospitalisedPercent>18.49</CasesHospitalisedPercent>
      <Name>65To74</Name>
      <NumberOfCases>323</NumberOfCases>
    </HspcHospitalised>
    <HspcHospitalised>
      <CasesAdmittedToIcu>3</CasesAdmittedToIcu>
      <CasesAdmittedToIcuPercent>18.75</CasesAdmittedToIcuPercent>
      <CasesHospitalised>103</CasesHospitalised>
      <CasesHospitalisedPercent>26.82</CasesHospitalisedPercent>
      <Name>75To84</Name>
      <NumberOfCases>245</NumberOfCases>
    </HspcHospitalised>
    <HspcHospitalised>
      <CasesAdmittedToIcu>0</CasesAdmittedToIcu>
      <CasesAdmittedToIcuPercent>0</CasesAdmittedToIcuPercent>
      <CasesHospitalised>61</CasesHospitalised>
      <CasesHospitalisedPercent>15.89</CasesHospitalisedPercent>
      <Name>85Plus</Name>
      <NumberOfCases>190</NumberOfCases>
    </HspcHospitalised>
  </Hospitalised>
  <PreparedDate>2020-11-17T00:00:00</PreparedDate>
  <SexCharacteristics>
    <Female>
      <Absolute>2976</Absolute>
      <Percent>51.51</Percent>
    </Female>
    <Male>
      <Absolute>2794</Absolute>
      <Percent>48.36</Percent>
    </Male>
    <MaleFemaleRatio>0.94</MaleFemaleRatio>
    <Unknown>
      <Absolute>8</Absolute>
      <Percent>0.14</Percent>
    </Unknown>
  </SexCharacteristics>
  <SourceFileName>COVID-19_14_day_epidemiology_report_20201117 - website.pdf</SourceFileName>
  <SymptomStatusAtTimeOfTestCharacteristics>
    <No>
      <Absolute>1621</Absolute>
      <Percent>28.05</Percent>
    </No>
    <Unknown>
      <Absolute>678</Absolute>
      <Percent>11.73</Percent>
    </Unknown>
    <Yes>
      <Absolute>3479</Absolute>
      <Percent>60.21</Percent>
    </Yes>
  </SymptomStatusAtTimeOfTestCharacteristics>
  <ToDate>2020-11-16T00:00:00</ToDate>
  <TotalConfirmedCases>
    <Absolute>5778</Absolute>
    <Percent>100</Percent>
  </TotalConfirmedCases>
  <UnderlyingConditionsCharacteristics>
    <No>
      <Absolute>3740</Absolute>
      <Percent>64.73</Percent>
    </No>
    <Unknown>
      <Absolute>535</Absolute>
      <Percent>9.26</Percent>
    </Unknown>
    <Yes>
      <Absolute>1503</Absolute>
      <Percent>26.01</Percent>
    </Yes>
  </UnderlyingConditionsCharacteristics>
</HspcDailyEpidemiology>