﻿<?xml version="1.0" encoding="utf-8"?>
<HspcDailyEpidemiology xmlns:i="http://www.w3.org/2001/XMLSchema-instance" xmlns="http://schemas.datacontract.org/2004/07/CovidStats.DailyEpidemiology">
  <AgeCharacteristics>
    <Age0To4>
      <Absolute>222</Absolute>
      <Percent>4.12</Percent>
    </Age0To4>
    <Age13To18>
      <Absolute>469</Absolute>
      <Percent>8.71</Percent>
    </Age13To18>
    <Age19To24>
      <Absolute>645</Absolute>
      <Percent>11.98</Percent>
    </Age19To24>
    <Age25To34>
      <Absolute>845</Absolute>
      <Percent>15.69</Percent>
    </Age25To34>
    <Age35To44>
      <Absolute>861</Absolute>
      <Percent>15.99</Percent>
    </Age35To44>
    <Age45To54>
      <Absolute>766</Absolute>
      <Percent>14.23</Percent>
    </Age45To54>
    <Age55To64>
      <Absolute>483</Absolute>
      <Percent>8.97</Percent>
    </Age55To64>
    <Age5To12>
      <Absolute>413</Absolute>
      <Percent>7.67</Percent>
    </Age5To12>
    <Age65To74>
      <Absolute>291</Absolute>
      <Percent>5.4</Percent>
    </Age65To74>
    <Age75To84>
      <Absolute>222</Absolute>
      <Percent>4.12</Percent>
    </Age75To84>
    <Age85Plus>
      <Absolute>166</Absolute>
      <Percent>3.08</Percent>
    </Age85Plus>
    <AgeUnknown>
      <Absolute>1</Absolute>
      <Percent>0.02</Percent>
    </AgeUnknown>
    <MeanAge>38</MeanAge>
    <MedianAge>36</MedianAge>
  </AgeCharacteristics>
  <CCARates>
    <HspcIncidence>
      <ConfirmedCases>95</ConfirmedCases>
      <IncidencePer100k>69.8</IncidencePer100k>
      <Name>DublinSouth</Name>
    </HspcIncidence>
    <HspcIncidence>
      <ConfirmedCases>202</ConfirmedCases>
      <IncidencePer100k>163.3</IncidencePer100k>
      <Name>DublinSouthEast</Name>
    </HspcIncidence>
    <HspcIncidence>
      <ConfirmedCases>139</ConfirmedCases>
      <IncidencePer100k>92.7</IncidencePer100k>
      <Name>DublinSouthCity</Name>
    </HspcIncidence>
    <HspcIncidence>
      <ConfirmedCases>193</ConfirmedCases>
      <IncidencePer100k>120.0</IncidencePer100k>
      <Name>DublinSouthWest</Name>
    </HspcIncidence>
    <HspcIncidence>
      <ConfirmedCases>232</ConfirmedCases>
      <IncidencePer100k>149.3</IncidencePer100k>
      <Name>DublinWest</Name>
    </HspcIncidence>
    <HspcIncidence>
      <ConfirmedCases>319</ConfirmedCases>
      <IncidencePer100k>153.6</IncidencePer100k>
      <Name>DublinNorthWest</Name>
    </HspcIncidence>
    <HspcIncidence>
      <ConfirmedCases>243</ConfirmedCases>
      <IncidencePer100k>157.2</IncidencePer100k>
      <Name>DublinNorthCentral</Name>
    </HspcIncidence>
    <HspcIncidence>
      <ConfirmedCases>181</ConfirmedCases>
      <IncidencePer100k>69.8</IncidencePer100k>
      <Name>DublinNorth</Name>
    </HspcIncidence>
  </CCARates>
  <CHORates>
    <HspcIncidence>
      <ConfirmedCases>643</ConfirmedCases>
      <IncidencePer100k>164.3</IncidencePer100k>
      <Name>CHO1</Name>
    </HspcIncidence>
    <HspcIncidence>
      <ConfirmedCases>399</ConfirmedCases>
      <IncidencePer100k>88.1</IncidencePer100k>
      <Name>CHO2</Name>
    </HspcIncidence>
    <HspcIncidence>
      <ConfirmedCases>586</ConfirmedCases>
      <IncidencePer100k>152.2</IncidencePer100k>
      <Name>CHO3</Name>
    </HspcIncidence>
    <HspcIncidence>
      <ConfirmedCases>520</ConfirmedCases>
      <IncidencePer100k>75.3</IncidencePer100k>
      <Name>CHO4</Name>
    </HspcIncidence>
    <HspcIncidence>
      <ConfirmedCases>517</ConfirmedCases>
      <IncidencePer100k>101.3</IncidencePer100k>
      <Name>CHO5</Name>
    </HspcIncidence>
    <HspcIncidence>
      <ConfirmedCases>389</ConfirmedCases>
      <IncidencePer100k>101.5</IncidencePer100k>
      <Name>CHO6</Name>
    </HspcIncidence>
    <HspcIncidence>
      <ConfirmedCases>757</ConfirmedCases>
      <IncidencePer100k>107.0</IncidencePer100k>
      <Name>CHO7</Name>
    </HspcIncidence>
    <HspcIncidence>
      <ConfirmedCases>830</ConfirmedCases>
      <IncidencePer100k>134.0</IncidencePer100k>
      <Name>CHO8</Name>
    </HspcIncidence>
    <HspcIncidence>
      <ConfirmedCases>743</ConfirmedCases>
      <IncidencePer100k>119.6</IncidencePer100k>
      <Name>CHO9</Name>
    </HspcIncidence>
  </CHORates>
  <CountyRates>
    <HspcIncidence>
      <ConfirmedCases>424</ConfirmedCases>
      <IncidencePer100k>266.3</IncidencePer100k>
      <Name>Donegal</Name>
    </HspcIncidence>
    <HspcIncidence>
      <ConfirmedCases>423</ConfirmedCases>
      <IncidencePer100k>217.0</IncidencePer100k>
      <Name>Limerick</Name>
    </HspcIncidence>
    <HspcIncidence>
      <ConfirmedCases>240</ConfirmedCases>
      <IncidencePer100k>186.2</IncidencePer100k>
      <Name>Louth</Name>
    </HspcIncidence>
    <HspcIncidence>
      <ConfirmedCases>187</ConfirmedCases>
      <IncidencePer100k>161.0</IncidencePer100k>
      <Name>Waterford</Name>
    </HspcIncidence>
    <HspcIncidence>
      <ConfirmedCases>103</ConfirmedCases>
      <IncidencePer100k>159.6</IncidencePer100k>
      <Name>Roscommon</Name>
    </HspcIncidence>
    <HspcIncidence>
      <ConfirmedCases>107</ConfirmedCases>
      <IncidencePer100k>137.2</IncidencePer100k>
      <Name>Offaly</Name>
    </HspcIncidence>
    <HspcIncidence>
      <ConfirmedCases>252</ConfirmedCases>
      <IncidencePer100k>129.2</IncidencePer100k>
      <Name>Meath</Name>
    </HspcIncidence>
    <HspcIncidence>
      <ConfirmedCases>114</ConfirmedCases>
      <IncidencePer100k>128.4</IncidencePer100k>
      <Name>Westmeath</Name>
    </HspcIncidence>
    <HspcIncidence>
      <ConfirmedCases>1604</ConfirmedCases>
      <IncidencePer100k>119.0</IncidencePer100k>
      <Name>Dublin</Name>
    </HspcIncidence>
    <HspcIncidence>
      <ConfirmedCases>111</ConfirmedCases>
      <IncidencePer100k>111.9</IncidencePer100k>
      <Name>Kilkenny</Name>
    </HspcIncidence>
    <HspcIncidence>
      <ConfirmedCases>43</ConfirmedCases>
      <IncidencePer100k>105.2</IncidencePer100k>
      <Name>Longford</Name>
    </HspcIncidence>
    <HspcIncidence>
      <ConfirmedCases>63</ConfirmedCases>
      <IncidencePer100k>102.6</IncidencePer100k>
      <Name>Monaghan</Name>
    </HspcIncidence>
    <HspcIncidence>
      <ConfirmedCases>159</ConfirmedCases>
      <IncidencePer100k>99.7</IncidencePer100k>
      <Name>Tipperary</Name>
    </HspcIncidence>
    <HspcIncidence>
      <ConfirmedCases>31</ConfirmedCases>
      <IncidencePer100k>96.7</IncidencePer100k>
      <Name>Leitrim</Name>
    </HspcIncidence>
    <HspcIncidence>
      <ConfirmedCases>125</ConfirmedCases>
      <IncidencePer100k>95.8</IncidencePer100k>
      <Name>Mayo</Name>
    </HspcIncidence>
    <HspcIncidence>
      <ConfirmedCases>53</ConfirmedCases>
      <IncidencePer100k>93.1</IncidencePer100k>
      <Name>Carlow</Name>
    </HspcIncidence>
    <HspcIncidence>
      <ConfirmedCases>70</ConfirmedCases>
      <IncidencePer100k>91.9</IncidencePer100k>
      <Name>Cavan</Name>
    </HspcIncidence>
    <HspcIncidence>
      <ConfirmedCases>109</ConfirmedCases>
      <IncidencePer100k>91.7</IncidencePer100k>
      <Name>Clare</Name>
    </HspcIncidence>
    <HspcIncidence>
      <ConfirmedCases>56</ConfirmedCases>
      <IncidencePer100k>85.5</IncidencePer100k>
      <Name>Sligo</Name>
    </HspcIncidence>
    <HspcIncidence>
      <ConfirmedCases>189</ConfirmedCases>
      <IncidencePer100k>84.9</IncidencePer100k>
      <Name>Kildare</Name>
    </HspcIncidence>
    <HspcIncidence>
      <ConfirmedCases>71</ConfirmedCases>
      <IncidencePer100k>83.8</IncidencePer100k>
      <Name>Laois</Name>
    </HspcIncidence>
    <HspcIncidence>
      <ConfirmedCases>123</ConfirmedCases>
      <IncidencePer100k>83.3</IncidencePer100k>
      <Name>Kerry</Name>
    </HspcIncidence>
    <HspcIncidence>
      <ConfirmedCases>397</ConfirmedCases>
      <IncidencePer100k>73.1</IncidencePer100k>
      <Name>Cork</Name>
    </HspcIncidence>
    <HspcIncidence>
      <ConfirmedCases>96</ConfirmedCases>
      <IncidencePer100k>67.4</IncidencePer100k>
      <Name>Wicklow</Name>
    </HspcIncidence>
    <HspcIncidence>
      <ConfirmedCases>171</ConfirmedCases>
      <IncidencePer100k>66.3</IncidencePer100k>
      <Name>Galway</Name>
    </HspcIncidence>
    <HspcIncidence>
      <ConfirmedCases>63</ConfirmedCases>
      <IncidencePer100k>42.1</IncidencePer100k>
      <Name>Wexford</Name>
    </HspcIncidence>
  </CountyRates>
  <FromDate>2020-11-06T00:00:00</FromDate>
  <Hospitalised>
    <HspcHospitalised>
      <CasesAdmittedToIcu>0</CasesAdmittedToIcu>
      <CasesAdmittedToIcuPercent>0</CasesAdmittedToIcuPercent>
      <CasesHospitalised>4</CasesHospitalised>
      <CasesHospitalisedPercent>1.06</CasesHospitalisedPercent>
      <Name>0To4</Name>
      <NumberOfCases>222</NumberOfCases>
    </HspcHospitalised>
    <HspcHospitalised>
      <CasesAdmittedToIcu>0</CasesAdmittedToIcu>
      <CasesAdmittedToIcuPercent>0</CasesAdmittedToIcuPercent>
      <CasesHospitalised>1</CasesHospitalised>
      <CasesHospitalisedPercent>0.26</CasesHospitalisedPercent>
      <Name>5To12</Name>
      <NumberOfCases>413</NumberOfCases>
    </HspcHospitalised>
    <HspcHospitalised>
      <CasesAdmittedToIcu>0</CasesAdmittedToIcu>
      <CasesAdmittedToIcuPercent>0</CasesAdmittedToIcuPercent>
      <CasesHospitalised>12</CasesHospitalised>
      <CasesHospitalisedPercent>3.17</CasesHospitalisedPercent>
      <Name>13To18</Name>
      <NumberOfCases>469</NumberOfCases>
    </HspcHospitalised>
    <HspcHospitalised>
      <CasesAdmittedToIcu>1</CasesAdmittedToIcu>
      <CasesAdmittedToIcuPercent>5.88</CasesAdmittedToIcuPercent>
      <CasesHospitalised>11</CasesHospitalised>
      <CasesHospitalisedPercent>2.9</CasesHospitalisedPercent>
      <Name>19To24</Name>
      <NumberOfCases>645</NumberOfCases>
    </HspcHospitalised>
    <HspcHospitalised>
      <CasesAdmittedToIcu>1</CasesAdmittedToIcu>
      <CasesAdmittedToIcuPercent>5.88</CasesAdmittedToIcuPercent>
      <CasesHospitalised>21</CasesHospitalised>
      <CasesHospitalisedPercent>5.54</CasesHospitalisedPercent>
      <Name>25To34</Name>
      <NumberOfCases>845</NumberOfCases>
    </HspcHospitalised>
    <HspcHospitalised>
      <CasesAdmittedToIcu>1</CasesAdmittedToIcu>
      <CasesAdmittedToIcuPercent>5.88</CasesAdmittedToIcuPercent>
      <CasesHospitalised>26</CasesHospitalised>
      <CasesHospitalisedPercent>6.86</CasesHospitalisedPercent>
      <Name>35To44</Name>
      <NumberOfCases>861</NumberOfCases>
    </HspcHospitalised>
    <HspcHospitalised>
      <CasesAdmittedToIcu>2</CasesAdmittedToIcu>
      <CasesAdmittedToIcuPercent>11.76</CasesAdmittedToIcuPercent>
      <CasesHospitalised>35</CasesHospitalised>
      <CasesHospitalisedPercent>9.23</CasesHospitalisedPercent>
      <Name>45To54</Name>
      <NumberOfCases>766</NumberOfCases>
    </HspcHospitalised>
    <HspcHospitalised>
      <CasesAdmittedToIcu>3</CasesAdmittedToIcu>
      <CasesAdmittedToIcuPercent>17.65</CasesAdmittedToIcuPercent>
      <CasesHospitalised>38</CasesHospitalised>
      <CasesHospitalisedPercent>10.03</CasesHospitalisedPercent>
      <Name>55To64</Name>
      <NumberOfCases>483</NumberOfCases>
    </HspcHospitalised>
    <HspcHospitalised>
      <CasesAdmittedToIcu>5</CasesAdmittedToIcu>
      <CasesAdmittedToIcuPercent>29.41</CasesAdmittedToIcuPercent>
      <CasesHospitalised>66</CasesHospitalised>
      <CasesHospitalisedPercent>17.41</CasesHospitalisedPercent>
      <Name>65To74</Name>
      <NumberOfCases>291</NumberOfCases>
    </HspcHospitalised>
    <HspcHospitalised>
      <CasesAdmittedToIcu>4</CasesAdmittedToIcu>
      <CasesAdmittedToIcuPercent>23.53</CasesAdmittedToIcuPercent>
      <CasesHospitalised>99</CasesHospitalised>
      <CasesHospitalisedPercent>26.12</CasesHospitalisedPercent>
      <Name>75To84</Name>
      <NumberOfCases>222</NumberOfCases>
    </HspcHospitalised>
    <HspcHospitalised>
      <CasesAdmittedToIcu>0</CasesAdmittedToIcu>
      <CasesAdmittedToIcuPercent>0</CasesAdmittedToIcuPercent>
      <CasesHospitalised>66</CasesHospitalised>
      <CasesHospitalisedPercent>17.41</CasesHospitalisedPercent>
      <Name>85Plus</Name>
      <NumberOfCases>166</NumberOfCases>
    </HspcHospitalised>
    <HspcHospitalised>
      <CasesAdmittedToIcu>0</CasesAdmittedToIcu>
      <CasesAdmittedToIcuPercent>0</CasesAdmittedToIcuPercent>
      <CasesHospitalised>0</CasesHospitalised>
      <CasesHospitalisedPercent>0</CasesHospitalisedPercent>
      <Name>Unknown</Name>
      <NumberOfCases>1</NumberOfCases>
    </HspcHospitalised>
  </Hospitalised>
  <PreparedDate>2020-11-20T00:00:00</PreparedDate>
  <SexCharacteristics>
    <Female>
      <Absolute>2778</Absolute>
      <Percent>51.6</Percent>
    </Female>
    <Male>
      <Absolute>2597</Absolute>
      <Percent>48.24</Percent>
    </Male>
    <MaleFemaleRatio>0.93</MaleFemaleRatio>
    <Unknown>
      <Absolute>9</Absolute>
      <Percent>0.17</Percent>
    </Unknown>
  </SexCharacteristics>
  <SourceFileName>COVID-19_14_day_epidemiology_report_20101120_website.pdf</SourceFileName>
  <SymptomStatusAtTimeOfTestCharacteristics>
    <No>
      <Absolute>1444</Absolute>
      <Percent>26.82</Percent>
    </No>
    <Unknown>
      <Absolute>769</Absolute>
      <Percent>14.28</Percent>
    </Unknown>
    <Yes>
      <Absolute>3171</Absolute>
      <Percent>58.9</Percent>
    </Yes>
  </SymptomStatusAtTimeOfTestCharacteristics>
  <ToDate>2020-11-19T00:00:00</ToDate>
  <TotalConfirmedCases>
    <Absolute>5384</Absolute>
    <Percent>100</Percent>
  </TotalConfirmedCases>
  <UnderlyingConditionsCharacteristics>
    <No>
      <Absolute>3376</Absolute>
      <Percent>62.7</Percent>
    </No>
    <Unknown>
      <Absolute>632</Absolute>
      <Percent>11.74</Percent>
    </Unknown>
    <Yes>
      <Absolute>1376</Absolute>
      <Percent>25.56</Percent>
    </Yes>
  </UnderlyingConditionsCharacteristics>
</HspcDailyEpidemiology>