﻿<?xml version="1.0" encoding="utf-8"?>
<HspcDailyEpidemiology xmlns:i="http://www.w3.org/2001/XMLSchema-instance" xmlns="http://schemas.datacontract.org/2004/07/CovidStats.DailyEpidemiology">
  <AgeCharacteristics>
    <Age0To4>
      <Absolute>193</Absolute>
      <Percent>4.39</Percent>
    </Age0To4>
    <Age13To18>
      <Absolute>0</Absolute>
      <Percent>0</Percent>
    </Age13To18>
    <Age19To24>
      <Absolute>0</Absolute>
      <Percent>0</Percent>
    </Age19To24>
    <Age25To34>
      <Absolute>657</Absolute>
      <Percent>14.96</Percent>
    </Age25To34>
    <Age35To44>
      <Absolute>696</Absolute>
      <Percent>15.84</Percent>
    </Age35To44>
    <Age45To54>
      <Absolute>604</Absolute>
      <Percent>13.75</Percent>
    </Age45To54>
    <Age55To64>
      <Absolute>366</Absolute>
      <Percent>8.33</Percent>
    </Age55To64>
    <Age5To12>
      <Absolute>0</Absolute>
      <Percent>0</Percent>
    </Age5To12>
    <Age65To74>
      <Absolute>213</Absolute>
      <Percent>4.85</Percent>
    </Age65To74>
    <Age75To84>
      <Absolute>178</Absolute>
      <Percent>4.05</Percent>
    </Age75To84>
    <Age85Plus>
      <Absolute>119</Absolute>
      <Percent>2.71</Percent>
    </Age85Plus>
    <AgeUnknown>
      <Absolute>2</Absolute>
      <Percent>0.05</Percent>
    </AgeUnknown>
    <MeanAge>36</MeanAge>
    <MedianAge>34</MedianAge>
  </AgeCharacteristics>
  <CCARates>
    <HspcIncidence>
      <ConfirmedCases>97</ConfirmedCases>
      <IncidencePer100k>71.3</IncidencePer100k>
      <Name>DublinSouth</Name>
    </HspcIncidence>
    <HspcIncidence>
      <ConfirmedCases>191</ConfirmedCases>
      <IncidencePer100k>154.4</IncidencePer100k>
      <Name>DublinSouthEast</Name>
    </HspcIncidence>
    <HspcIncidence>
      <ConfirmedCases>100</ConfirmedCases>
      <IncidencePer100k>66.7</IncidencePer100k>
      <Name>DublinSouthCity</Name>
    </HspcIncidence>
    <HspcIncidence>
      <ConfirmedCases>174</ConfirmedCases>
      <IncidencePer100k>108.1</IncidencePer100k>
      <Name>DublinSouthWest</Name>
    </HspcIncidence>
    <HspcIncidence>
      <ConfirmedCases>165</ConfirmedCases>
      <IncidencePer100k>106.2</IncidencePer100k>
      <Name>DublinWest</Name>
    </HspcIncidence>
    <HspcIncidence>
      <ConfirmedCases>235</ConfirmedCases>
      <IncidencePer100k>113.2</IncidencePer100k>
      <Name>DublinNorthWest</Name>
    </HspcIncidence>
    <HspcIncidence>
      <ConfirmedCases>267</ConfirmedCases>
      <IncidencePer100k>172.7</IncidencePer100k>
      <Name>DublinNorthCentral</Name>
    </HspcIncidence>
    <HspcIncidence>
      <ConfirmedCases>176</ConfirmedCases>
      <IncidencePer100k>67.9</IncidencePer100k>
      <Name>DublinNorth</Name>
    </HspcIncidence>
  </CCARates>
  <CHORates>
    <HspcIncidence>
      <ConfirmedCases>495</ConfirmedCases>
      <IncidencePer100k>126.5</IncidencePer100k>
      <Name>CHO1</Name>
    </HspcIncidence>
    <HspcIncidence>
      <ConfirmedCases>288</ConfirmedCases>
      <IncidencePer100k>63.6</IncidencePer100k>
      <Name>CHO2</Name>
    </HspcIncidence>
    <HspcIncidence>
      <ConfirmedCases>453</ConfirmedCases>
      <IncidencePer100k>117.7</IncidencePer100k>
      <Name>CHO3</Name>
    </HspcIncidence>
    <HspcIncidence>
      <ConfirmedCases>470</ConfirmedCases>
      <IncidencePer100k>68.1</IncidencePer100k>
      <Name>CHO4</Name>
    </HspcIncidence>
    <HspcIncidence>
      <ConfirmedCases>426</ConfirmedCases>
      <IncidencePer100k>83.5</IncidencePer100k>
      <Name>CHO5</Name>
    </HspcIncidence>
    <HspcIncidence>
      <ConfirmedCases>406</ConfirmedCases>
      <IncidencePer100k>106.0</IncidencePer100k>
      <Name>CHO6</Name>
    </HspcIncidence>
    <HspcIncidence>
      <ConfirmedCases>582</ConfirmedCases>
      <IncidencePer100k>82.2</IncidencePer100k>
      <Name>CHO7</Name>
    </HspcIncidence>
    <HspcIncidence>
      <ConfirmedCases>595</ConfirmedCases>
      <IncidencePer100k>96.1</IncidencePer100k>
      <Name>CHO8</Name>
    </HspcIncidence>
    <HspcIncidence>
      <ConfirmedCases>678</ConfirmedCases>
      <IncidencePer100k>109.1</IncidencePer100k>
      <Name>CHO9</Name>
    </HspcIncidence>
  </CHORates>
  <CountyRates>
    <HspcIncidence>
      <ConfirmedCases>350</ConfirmedCases>
      <IncidencePer100k>219.9</IncidencePer100k>
      <Name>Donegal</Name>
    </HspcIncidence>
    <HspcIncidence>
      <ConfirmedCases>238</ConfirmedCases>
      <IncidencePer100k>184.7</IncidencePer100k>
      <Name>Louth</Name>
    </HspcIncidence>
    <HspcIncidence>
      <ConfirmedCases>325</ConfirmedCases>
      <IncidencePer100k>166.8</IncidencePer100k>
      <Name>Limerick</Name>
    </HspcIncidence>
    <HspcIncidence>
      <ConfirmedCases>131</ConfirmedCases>
      <IncidencePer100k>132.0</IncidencePer100k>
      <Name>Kilkenny</Name>
    </HspcIncidence>
    <HspcIncidence>
      <ConfirmedCases>68</ConfirmedCases>
      <IncidencePer100k>105.4</IncidencePer100k>
      <Name>Roscommon</Name>
    </HspcIncidence>
    <HspcIncidence>
      <ConfirmedCases>1405</ConfirmedCases>
      <IncidencePer100k>104.3</IncidencePer100k>
      <Name>Dublin</Name>
    </HspcIncidence>
    <HspcIncidence>
      <ConfirmedCases>120</ConfirmedCases>
      <IncidencePer100k>103.3</IncidencePer100k>
      <Name>Waterford</Name>
    </HspcIncidence>
    <HspcIncidence>
      <ConfirmedCases>193</ConfirmedCases>
      <IncidencePer100k>99.0</IncidencePer100k>
      <Name>Meath</Name>
    </HspcIncidence>
    <HspcIncidence>
      <ConfirmedCases>140</ConfirmedCases>
      <IncidencePer100k>87.7</IncidencePer100k>
      <Name>Tipperary</Name>
    </HspcIncidence>
    <HspcIncidence>
      <ConfirmedCases>35</ConfirmedCases>
      <IncidencePer100k>85.6</IncidencePer100k>
      <Name>Longford</Name>
    </HspcIncidence>
    <HspcIncidence>
      <ConfirmedCases>120</ConfirmedCases>
      <IncidencePer100k>84.3</IncidencePer100k>
      <Name>Wicklow</Name>
    </HspcIncidence>
    <HspcIncidence>
      <ConfirmedCases>51</ConfirmedCases>
      <IncidencePer100k>83.1</IncidencePer100k>
      <Name>Monaghan</Name>
    </HspcIncidence>
    <HspcIncidence>
      <ConfirmedCases>105</ConfirmedCases>
      <IncidencePer100k>80.5</IncidencePer100k>
      <Name>Mayo</Name>
    </HspcIncidence>
    <HspcIncidence>
      <ConfirmedCases>43</ConfirmedCases>
      <IncidencePer100k>75.5</IncidencePer100k>
      <Name>Carlow</Name>
    </HspcIncidence>
    <HspcIncidence>
      <ConfirmedCases>401</ConfirmedCases>
      <IncidencePer100k>73.9</IncidencePer100k>
      <Name>Cork</Name>
    </HspcIncidence>
    <HspcIncidence>
      <ConfirmedCases>81</ConfirmedCases>
      <IncidencePer100k>68.2</IncidencePer100k>
      <Name>Clare</Name>
    </HspcIncidence>
    <HspcIncidence>
      <ConfirmedCases>141</ConfirmedCases>
      <IncidencePer100k>63.4</IncidencePer100k>
      <Name>Kildare</Name>
    </HspcIncidence>
    <HspcIncidence>
      <ConfirmedCases>47</ConfirmedCases>
      <IncidencePer100k>61.7</IncidencePer100k>
      <Name>Cavan</Name>
    </HspcIncidence>
    <HspcIncidence>
      <ConfirmedCases>40</ConfirmedCases>
      <IncidencePer100k>61.0</IncidencePer100k>
      <Name>Sligo</Name>
    </HspcIncidence>
    <HspcIncidence>
      <ConfirmedCases>46</ConfirmedCases>
      <IncidencePer100k>59.0</IncidencePer100k>
      <Name>Offaly</Name>
    </HspcIncidence>
    <HspcIncidence>
      <ConfirmedCases>43</ConfirmedCases>
      <IncidencePer100k>50.8</IncidencePer100k>
      <Name>Laois</Name>
    </HspcIncidence>
    <HspcIncidence>
      <ConfirmedCases>69</ConfirmedCases>
      <IncidencePer100k>46.7</IncidencePer100k>
      <Name>Kerry</Name>
    </HspcIncidence>
    <HspcIncidence>
      <ConfirmedCases>40</ConfirmedCases>
      <IncidencePer100k>45.1</IncidencePer100k>
      <Name>Westmeath</Name>
    </HspcIncidence>
    <HspcIncidence>
      <ConfirmedCases>115</ConfirmedCases>
      <IncidencePer100k>44.6</IncidencePer100k>
      <Name>Galway</Name>
    </HspcIncidence>
    <HspcIncidence>
      <ConfirmedCases>39</ConfirmedCases>
      <IncidencePer100k>26.0</IncidencePer100k>
      <Name>Wexford</Name>
    </HspcIncidence>
    <HspcIncidence>
      <ConfirmedCases>7</ConfirmedCases>
      <IncidencePer100k>21.8</IncidencePer100k>
      <Name>Leitrim</Name>
    </HspcIncidence>
  </CountyRates>
  <FromDate>2020-11-15T00:00:00</FromDate>
  <Hospitalised>
    <HspcHospitalised>
      <CasesAdmittedToIcu>0</CasesAdmittedToIcu>
      <CasesAdmittedToIcuPercent>0</CasesAdmittedToIcuPercent>
      <CasesHospitalised>3</CasesHospitalised>
      <CasesHospitalisedPercent>1.03</CasesHospitalisedPercent>
      <Name>0To4</Name>
      <NumberOfCases>193</NumberOfCases>
    </HspcHospitalised>
    <HspcHospitalised>
      <CasesAdmittedToIcu>0</CasesAdmittedToIcu>
      <CasesAdmittedToIcuPercent>0</CasesAdmittedToIcuPercent>
      <CasesHospitalised>2</CasesHospitalised>
      <CasesHospitalisedPercent>0.69</CasesHospitalisedPercent>
      <Name>5To14</Name>
      <NumberOfCases>493</NumberOfCases>
    </HspcHospitalised>
    <HspcHospitalised>
      <CasesAdmittedToIcu>0</CasesAdmittedToIcu>
      <CasesAdmittedToIcuPercent>0</CasesAdmittedToIcuPercent>
      <CasesHospitalised>14</CasesHospitalised>
      <CasesHospitalisedPercent>4.83</CasesHospitalisedPercent>
      <Name>15To24</Name>
      <NumberOfCases>872</NumberOfCases>
    </HspcHospitalised>
    <HspcHospitalised>
      <CasesAdmittedToIcu>0</CasesAdmittedToIcu>
      <CasesAdmittedToIcuPercent>0</CasesAdmittedToIcuPercent>
      <CasesHospitalised>19</CasesHospitalised>
      <CasesHospitalisedPercent>6.55</CasesHospitalisedPercent>
      <Name>25To34</Name>
      <NumberOfCases>657</NumberOfCases>
    </HspcHospitalised>
    <HspcHospitalised>
      <CasesAdmittedToIcu>2</CasesAdmittedToIcu>
      <CasesAdmittedToIcuPercent>18.18</CasesAdmittedToIcuPercent>
      <CasesHospitalised>22</CasesHospitalised>
      <CasesHospitalisedPercent>7.59</CasesHospitalisedPercent>
      <Name>35To44</Name>
      <NumberOfCases>696</NumberOfCases>
    </HspcHospitalised>
    <HspcHospitalised>
      <CasesAdmittedToIcu>1</CasesAdmittedToIcu>
      <CasesAdmittedToIcuPercent>9.09</CasesAdmittedToIcuPercent>
      <CasesHospitalised>29</CasesHospitalised>
      <CasesHospitalisedPercent>10</CasesHospitalisedPercent>
      <Name>45To54</Name>
      <NumberOfCases>604</NumberOfCases>
    </HspcHospitalised>
    <HspcHospitalised>
      <CasesAdmittedToIcu>3</CasesAdmittedToIcu>
      <CasesAdmittedToIcuPercent>27.27</CasesAdmittedToIcuPercent>
      <CasesHospitalised>29</CasesHospitalised>
      <CasesHospitalisedPercent>10</CasesHospitalisedPercent>
      <Name>55To64</Name>
      <NumberOfCases>366</NumberOfCases>
    </HspcHospitalised>
    <HspcHospitalised>
      <CasesAdmittedToIcu>1</CasesAdmittedToIcu>
      <CasesAdmittedToIcuPercent>9.09</CasesAdmittedToIcuPercent>
      <CasesHospitalised>45</CasesHospitalised>
      <CasesHospitalisedPercent>15.52</CasesHospitalisedPercent>
      <Name>65To74</Name>
      <NumberOfCases>213</NumberOfCases>
    </HspcHospitalised>
    <HspcHospitalised>
      <CasesAdmittedToIcu>4</CasesAdmittedToIcu>
      <CasesAdmittedToIcuPercent>36.36</CasesAdmittedToIcuPercent>
      <CasesHospitalised>78</CasesHospitalised>
      <CasesHospitalisedPercent>26.9</CasesHospitalisedPercent>
      <Name>75To84</Name>
      <NumberOfCases>178</NumberOfCases>
    </HspcHospitalised>
    <HspcHospitalised>
      <CasesAdmittedToIcu>0</CasesAdmittedToIcu>
      <CasesAdmittedToIcuPercent>0</CasesAdmittedToIcuPercent>
      <CasesHospitalised>49</CasesHospitalised>
      <CasesHospitalisedPercent>16.9</CasesHospitalisedPercent>
      <Name>85Plus</Name>
      <NumberOfCases>119</NumberOfCases>
    </HspcHospitalised>
    <HspcHospitalised>
      <CasesAdmittedToIcu>0</CasesAdmittedToIcu>
      <CasesAdmittedToIcuPercent>0</CasesAdmittedToIcuPercent>
      <CasesHospitalised>0</CasesHospitalised>
      <CasesHospitalisedPercent>0</CasesHospitalisedPercent>
      <Name>Unknown</Name>
      <NumberOfCases>2</NumberOfCases>
    </HspcHospitalised>
  </Hospitalised>
  <PreparedDate>2020-11-29T00:00:00</PreparedDate>
  <SexCharacteristics>
    <Female>
      <Absolute>2271</Absolute>
      <Percent>51.7</Percent>
    </Female>
    <Male>
      <Absolute>2110</Absolute>
      <Percent>48.03</Percent>
    </Male>
    <MaleFemaleRatio>0.93</MaleFemaleRatio>
    <Unknown>
      <Absolute>12</Absolute>
      <Percent>0.27</Percent>
    </Unknown>
  </SexCharacteristics>
  <SourceFileName>COVID-19_14_day_epidemiology_report_20201129_website.pdf</SourceFileName>
  <SymptomStatusAtTimeOfTestCharacteristics>
    <No i:nil="true" />
    <Unknown i:nil="true" />
    <Yes i:nil="true" />
  </SymptomStatusAtTimeOfTestCharacteristics>
  <ToDate>2020-11-28T00:00:00</ToDate>
  <TotalConfirmedCases>
    <Absolute>4393</Absolute>
    <Percent>100</Percent>
  </TotalConfirmedCases>
  <UnderlyingConditionsCharacteristics>
    <No>
      <Absolute>2712</Absolute>
      <Percent>61.73</Percent>
    </No>
    <Unknown>
      <Absolute>581</Absolute>
      <Percent>13.23</Percent>
    </Unknown>
    <Yes>
      <Absolute>1100</Absolute>
      <Percent>25.04</Percent>
    </Yes>
  </UnderlyingConditionsCharacteristics>
</HspcDailyEpidemiology>