﻿<?xml version="1.0" encoding="utf-8"?>
<HspcDailyEpidemiology xmlns:i="http://www.w3.org/2001/XMLSchema-instance" xmlns="http://schemas.datacontract.org/2004/07/CovidStats.DailyEpidemiology">
  <AgeCharacteristics>
    <Age0To4>
      <Absolute>130</Absolute>
      <Percent>2.53</Percent>
    </Age0To4>
    <Age13To18>
      <Absolute>0</Absolute>
      <Percent>0</Percent>
    </Age13To18>
    <Age19To24>
      <Absolute>0</Absolute>
      <Percent>0</Percent>
    </Age19To24>
    <Age25To34>
      <Absolute>938</Absolute>
      <Percent>18.24</Percent>
    </Age25To34>
    <Age35To44>
      <Absolute>779</Absolute>
      <Percent>15.15</Percent>
    </Age35To44>
    <Age45To54>
      <Absolute>704</Absolute>
      <Percent>13.69</Percent>
    </Age45To54>
    <Age55To64>
      <Absolute>491</Absolute>
      <Percent>9.55</Percent>
    </Age55To64>
    <Age5To12>
      <Absolute>0</Absolute>
      <Percent>0</Percent>
    </Age5To12>
    <Age65To74>
      <Absolute>268</Absolute>
      <Percent>5.21</Percent>
    </Age65To74>
    <Age75To84>
      <Absolute>130</Absolute>
      <Percent>2.53</Percent>
    </Age75To84>
    <Age85Plus>
      <Absolute>66</Absolute>
      <Percent>1.28</Percent>
    </Age85Plus>
    <AgeUnknown>
      <Absolute>0</Absolute>
      <Percent>0</Percent>
    </AgeUnknown>
    <MeanAge>36</MeanAge>
    <MedianAge>33</MedianAge>
  </AgeCharacteristics>
  <CCARates />
  <CHORates i:nil="true" />
  <CountyRates i:nil="true" />
  <FromDate>2020-09-19T00:00:00</FromDate>
  <Hospitalised i:nil="true" />
  <PreparedDate>2020-10-03T00:00:00</PreparedDate>
  <SexCharacteristics>
    <Female>
      <Absolute>2602</Absolute>
      <Percent>50.6</Percent>
    </Female>
    <Male>
      <Absolute>2531</Absolute>
      <Percent>49.22</Percent>
    </Male>
    <MaleFemaleRatio>0.97</MaleFemaleRatio>
    <Unknown>
      <Absolute>9</Absolute>
      <Percent>0.18</Percent>
    </Unknown>
  </SexCharacteristics>
  <SourceFileName>COVID-19_14_day_epidemiology_report_20201003_Website.pdf</SourceFileName>
  <SymptomStatusAtTimeOfTestCharacteristics>
    <No i:nil="true" />
    <Unknown i:nil="true" />
    <Yes i:nil="true" />
  </SymptomStatusAtTimeOfTestCharacteristics>
  <ToDate>2020-10-02T00:00:00</ToDate>
  <TotalConfirmedCases>
    <Absolute>5142</Absolute>
    <Percent>100</Percent>
  </TotalConfirmedCases>
  <UnderlyingConditionsCharacteristics>
    <No>
      <Absolute>3030</Absolute>
      <Percent>58.93</Percent>
    </No>
    <Unknown>
      <Absolute>811</Absolute>
      <Percent>15.77</Percent>
    </Unknown>
    <Yes>
      <Absolute>1301</Absolute>
      <Percent>25.3</Percent>
    </Yes>
  </UnderlyingConditionsCharacteristics>
</HspcDailyEpidemiology>