﻿<?xml version="1.0" encoding="utf-8"?>
<HspcDailyEpidemiology xmlns:i="http://www.w3.org/2001/XMLSchema-instance" xmlns="http://schemas.datacontract.org/2004/07/CovidStats.DailyEpidemiology">
  <AgeCharacteristics>
    <Age0To4>
      <Absolute>102</Absolute>
      <Percent>4.04</Percent>
    </Age0To4>
    <Age13To18>
      <Absolute>0</Absolute>
      <Percent>0</Percent>
    </Age13To18>
    <Age19To24>
      <Absolute>0</Absolute>
      <Percent>0</Percent>
    </Age19To24>
    <Age25To34>
      <Absolute>445</Absolute>
      <Percent>17.63</Percent>
    </Age25To34>
    <Age35To44>
      <Absolute>367</Absolute>
      <Percent>14.54</Percent>
    </Age35To44>
    <Age45To54>
      <Absolute>326</Absolute>
      <Percent>12.92</Percent>
    </Age45To54>
    <Age55To64>
      <Absolute>243</Absolute>
      <Percent>9.63</Percent>
    </Age55To64>
    <Age5To12>
      <Absolute>0</Absolute>
      <Percent>0</Percent>
    </Age5To12>
    <Age65To74>
      <Absolute>153</Absolute>
      <Percent>6.06</Percent>
    </Age65To74>
    <Age75To84>
      <Absolute>63</Absolute>
      <Percent>2.5</Percent>
    </Age75To84>
    <Age85Plus>
      <Absolute>41</Absolute>
      <Percent>1.62</Percent>
    </Age85Plus>
    <AgeUnknown>
      <Absolute>1</Absolute>
      <Percent>0.04</Percent>
    </AgeUnknown>
    <MeanAge>36</MeanAge>
    <MedianAge>33</MedianAge>
  </AgeCharacteristics>
  <CCARates />
  <CHORates i:nil="true" />
  <CountyRates i:nil="true" />
  <FromDate>2020-09-01T00:00:00</FromDate>
  <Hospitalised i:nil="true" />
  <PreparedDate>2020-09-15T00:00:00</PreparedDate>
  <SexCharacteristics>
    <Female>
      <Absolute>1282</Absolute>
      <Percent>50.79</Percent>
    </Female>
    <Male>
      <Absolute>1236</Absolute>
      <Percent>48.97</Percent>
    </Male>
    <MaleFemaleRatio>0.96</MaleFemaleRatio>
    <Unknown>
      <Absolute>6</Absolute>
      <Percent>0.24</Percent>
    </Unknown>
  </SexCharacteristics>
  <SourceFileName>COVID-19_14_day_epidemiology_report_20200915_Website.pdf</SourceFileName>
  <SymptomStatusAtTimeOfTestCharacteristics>
    <No i:nil="true" />
    <Unknown i:nil="true" />
    <Yes i:nil="true" />
  </SymptomStatusAtTimeOfTestCharacteristics>
  <ToDate>2020-09-14T00:00:00</ToDate>
  <TotalConfirmedCases>
    <Absolute>2524</Absolute>
    <Percent>100</Percent>
  </TotalConfirmedCases>
  <UnderlyingConditionsCharacteristics>
    <No>
      <Absolute>1483</Absolute>
      <Percent>58.76</Percent>
    </No>
    <Unknown>
      <Absolute>336</Absolute>
      <Percent>13.31</Percent>
    </Unknown>
    <Yes>
      <Absolute>705</Absolute>
      <Percent>27.93</Percent>
    </Yes>
  </UnderlyingConditionsCharacteristics>
</HspcDailyEpidemiology>