﻿<?xml version="1.0" encoding="utf-8"?>
<HspcDailyEpidemiology xmlns:i="http://www.w3.org/2001/XMLSchema-instance" xmlns="http://schemas.datacontract.org/2004/07/CovidStats.DailyEpidemiology">
  <AgeCharacteristics>
    <Age0To4>
      <Absolute>187</Absolute>
      <Percent>4.19</Percent>
    </Age0To4>
    <Age13To18>
      <Absolute>0</Absolute>
      <Percent>0</Percent>
    </Age13To18>
    <Age19To24>
      <Absolute>0</Absolute>
      <Percent>0</Percent>
    </Age19To24>
    <Age25To34>
      <Absolute>670</Absolute>
      <Percent>15.01</Percent>
    </Age25To34>
    <Age35To44>
      <Absolute>714</Absolute>
      <Percent>15.99</Percent>
    </Age35To44>
    <Age45To54>
      <Absolute>619</Absolute>
      <Percent>13.87</Percent>
    </Age45To54>
    <Age55To64>
      <Absolute>373</Absolute>
      <Percent>8.36</Percent>
    </Age55To64>
    <Age5To12>
      <Absolute>0</Absolute>
      <Percent>0</Percent>
    </Age5To12>
    <Age65To74>
      <Absolute>227</Absolute>
      <Percent>5.09</Percent>
    </Age65To74>
    <Age75To84>
      <Absolute>176</Absolute>
      <Percent>3.94</Percent>
    </Age75To84>
    <Age85Plus>
      <Absolute>124</Absolute>
      <Percent>2.78</Percent>
    </Age85Plus>
    <AgeUnknown>
      <Absolute>2</Absolute>
      <Percent>0.04</Percent>
    </AgeUnknown>
    <MeanAge>37</MeanAge>
    <MedianAge>35</MedianAge>
  </AgeCharacteristics>
  <CCARates>
    <HspcIncidence>
      <ConfirmedCases>98</ConfirmedCases>
      <IncidencePer100k>72.0</IncidencePer100k>
      <Name>DublinSouth</Name>
    </HspcIncidence>
    <HspcIncidence>
      <ConfirmedCases>197</ConfirmedCases>
      <IncidencePer100k>159.3</IncidencePer100k>
      <Name>DublinSouthEast</Name>
    </HspcIncidence>
    <HspcIncidence>
      <ConfirmedCases>104</ConfirmedCases>
      <IncidencePer100k>69.4</IncidencePer100k>
      <Name>DublinSouthCity</Name>
    </HspcIncidence>
    <HspcIncidence>
      <ConfirmedCases>172</ConfirmedCases>
      <IncidencePer100k>106.9</IncidencePer100k>
      <Name>DublinSouthWest</Name>
    </HspcIncidence>
    <HspcIncidence>
      <ConfirmedCases>166</ConfirmedCases>
      <IncidencePer100k>106.9</IncidencePer100k>
      <Name>DublinWest</Name>
    </HspcIncidence>
    <HspcIncidence>
      <ConfirmedCases>241</ConfirmedCases>
      <IncidencePer100k>116.0</IncidencePer100k>
      <Name>DublinNorthWest</Name>
    </HspcIncidence>
    <HspcIncidence>
      <ConfirmedCases>278</ConfirmedCases>
      <IncidencePer100k>179.8</IncidencePer100k>
      <Name>DublinNorthCentral</Name>
    </HspcIncidence>
    <HspcIncidence>
      <ConfirmedCases>174</ConfirmedCases>
      <IncidencePer100k>67.1</IncidencePer100k>
      <Name>DublinNorth</Name>
    </HspcIncidence>
  </CCARates>
  <CHORates>
    <HspcIncidence>
      <ConfirmedCases>492</ConfirmedCases>
      <IncidencePer100k>125.7</IncidencePer100k>
      <Name>CHO1</Name>
    </HspcIncidence>
    <HspcIncidence>
      <ConfirmedCases>301</ConfirmedCases>
      <IncidencePer100k>66.4</IncidencePer100k>
      <Name>CHO2</Name>
    </HspcIncidence>
    <HspcIncidence>
      <ConfirmedCases>455</ConfirmedCases>
      <IncidencePer100k>118.2</IncidencePer100k>
      <Name>CHO3</Name>
    </HspcIncidence>
    <HspcIncidence>
      <ConfirmedCases>490</ConfirmedCases>
      <IncidencePer100k>71.0</IncidencePer100k>
      <Name>CHO4</Name>
    </HspcIncidence>
    <HspcIncidence>
      <ConfirmedCases>428</ConfirmedCases>
      <IncidencePer100k>83.9</IncidencePer100k>
      <Name>CHO5</Name>
    </HspcIncidence>
    <HspcIncidence>
      <ConfirmedCases>397</ConfirmedCases>
      <IncidencePer100k>103.6</IncidencePer100k>
      <Name>CHO6</Name>
    </HspcIncidence>
    <HspcIncidence>
      <ConfirmedCases>585</ConfirmedCases>
      <IncidencePer100k>82.7</IncidencePer100k>
      <Name>CHO7</Name>
    </HspcIncidence>
    <HspcIncidence>
      <ConfirmedCases>623</ConfirmedCases>
      <IncidencePer100k>100.6</IncidencePer100k>
      <Name>CHO8</Name>
    </HspcIncidence>
    <HspcIncidence>
      <ConfirmedCases>693</ConfirmedCases>
      <IncidencePer100k>111.5</IncidencePer100k>
      <Name>CHO9</Name>
    </HspcIncidence>
  </CHORates>
  <CountyRates>
    <HspcIncidence>
      <ConfirmedCases>343</ConfirmedCases>
      <IncidencePer100k>215.5</IncidencePer100k>
      <Name>Donegal</Name>
    </HspcIncidence>
    <HspcIncidence>
      <ConfirmedCases>247</ConfirmedCases>
      <IncidencePer100k>191.6</IncidencePer100k>
      <Name>Louth</Name>
    </HspcIncidence>
    <HspcIncidence>
      <ConfirmedCases>333</ConfirmedCases>
      <IncidencePer100k>170.9</IncidencePer100k>
      <Name>Limerick</Name>
    </HspcIncidence>
    <HspcIncidence>
      <ConfirmedCases>125</ConfirmedCases>
      <IncidencePer100k>126.0</IncidencePer100k>
      <Name>Kilkenny</Name>
    </HspcIncidence>
    <HspcIncidence>
      <ConfirmedCases>78</ConfirmedCases>
      <IncidencePer100k>120.8</IncidencePer100k>
      <Name>Roscommon</Name>
    </HspcIncidence>
    <HspcIncidence>
      <ConfirmedCases>133</ConfirmedCases>
      <IncidencePer100k>114.5</IncidencePer100k>
      <Name>Waterford</Name>
    </HspcIncidence>
    <HspcIncidence>
      <ConfirmedCases>1430</ConfirmedCases>
      <IncidencePer100k>106.1</IncidencePer100k>
      <Name>Dublin</Name>
    </HspcIncidence>
    <HspcIncidence>
      <ConfirmedCases>187</ConfirmedCases>
      <IncidencePer100k>95.9</IncidencePer100k>
      <Name>Meath</Name>
    </HspcIncidence>
    <HspcIncidence>
      <ConfirmedCases>35</ConfirmedCases>
      <IncidencePer100k>85.6</IncidencePer100k>
      <Name>Longford</Name>
    </HspcIncidence>
    <HspcIncidence>
      <ConfirmedCases>129</ConfirmedCases>
      <IncidencePer100k>80.9</IncidencePer100k>
      <Name>Tipperary</Name>
    </HspcIncidence>
    <HspcIncidence>
      <ConfirmedCases>49</ConfirmedCases>
      <IncidencePer100k>79.8</IncidencePer100k>
      <Name>Monaghan</Name>
    </HspcIncidence>
    <HspcIncidence>
      <ConfirmedCases>104</ConfirmedCases>
      <IncidencePer100k>79.7</IncidencePer100k>
      <Name>Mayo</Name>
    </HspcIncidence>
    <HspcIncidence>
      <ConfirmedCases>411</ConfirmedCases>
      <IncidencePer100k>75.7</IncidencePer100k>
      <Name>Cork</Name>
    </HspcIncidence>
    <HspcIncidence>
      <ConfirmedCases>105</ConfirmedCases>
      <IncidencePer100k>73.7</IncidencePer100k>
      <Name>Wicklow</Name>
    </HspcIncidence>
    <HspcIncidence>
      <ConfirmedCases>57</ConfirmedCases>
      <IncidencePer100k>73.1</IncidencePer100k>
      <Name>Offaly</Name>
    </HspcIncidence>
    <HspcIncidence>
      <ConfirmedCases>52</ConfirmedCases>
      <IncidencePer100k>68.3</IncidencePer100k>
      <Name>Cavan</Name>
    </HspcIncidence>
    <HspcIncidence>
      <ConfirmedCases>38</ConfirmedCases>
      <IncidencePer100k>66.7</IncidencePer100k>
      <Name>Carlow</Name>
    </HspcIncidence>
    <HspcIncidence>
      <ConfirmedCases>79</ConfirmedCases>
      <IncidencePer100k>66.5</IncidencePer100k>
      <Name>Clare</Name>
    </HspcIncidence>
    <HspcIncidence>
      <ConfirmedCases>140</ConfirmedCases>
      <IncidencePer100k>62.9</IncidencePer100k>
      <Name>Kildare</Name>
    </HspcIncidence>
    <HspcIncidence>
      <ConfirmedCases>38</ConfirmedCases>
      <IncidencePer100k>58.0</IncidencePer100k>
      <Name>Sligo</Name>
    </HspcIncidence>
    <HspcIncidence>
      <ConfirmedCases>50</ConfirmedCases>
      <IncidencePer100k>56.3</IncidencePer100k>
      <Name>Westmeath</Name>
    </HspcIncidence>
    <HspcIncidence>
      <ConfirmedCases>47</ConfirmedCases>
      <IncidencePer100k>55.5</IncidencePer100k>
      <Name>Laois</Name>
    </HspcIncidence>
    <HspcIncidence>
      <ConfirmedCases>79</ConfirmedCases>
      <IncidencePer100k>53.5</IncidencePer100k>
      <Name>Kerry</Name>
    </HspcIncidence>
    <HspcIncidence>
      <ConfirmedCases>119</ConfirmedCases>
      <IncidencePer100k>46.1</IncidencePer100k>
      <Name>Galway</Name>
    </HspcIncidence>
    <HspcIncidence>
      <ConfirmedCases>10</ConfirmedCases>
      <IncidencePer100k>31.2</IncidencePer100k>
      <Name>Leitrim</Name>
    </HspcIncidence>
    <HspcIncidence>
      <ConfirmedCases>46</ConfirmedCases>
      <IncidencePer100k>30.7</IncidencePer100k>
      <Name>Wexford</Name>
    </HspcIncidence>
  </CountyRates>
  <FromDate>2020-11-14T00:00:00</FromDate>
  <Hospitalised>
    <HspcHospitalised>
      <CasesAdmittedToIcu>0</CasesAdmittedToIcu>
      <CasesAdmittedToIcuPercent>0</CasesAdmittedToIcuPercent>
      <CasesHospitalised>3</CasesHospitalised>
      <CasesHospitalisedPercent>0.99</CasesHospitalisedPercent>
      <Name>0To4</Name>
      <NumberOfCases>187</NumberOfCases>
    </HspcHospitalised>
    <HspcHospitalised>
      <CasesAdmittedToIcu>0</CasesAdmittedToIcu>
      <CasesAdmittedToIcuPercent>0</CasesAdmittedToIcuPercent>
      <CasesHospitalised>1</CasesHospitalised>
      <CasesHospitalisedPercent>0.33</CasesHospitalisedPercent>
      <Name>5To14</Name>
      <NumberOfCases>492</NumberOfCases>
    </HspcHospitalised>
    <HspcHospitalised>
      <CasesAdmittedToIcu>0</CasesAdmittedToIcu>
      <CasesAdmittedToIcuPercent>0</CasesAdmittedToIcuPercent>
      <CasesHospitalised>16</CasesHospitalised>
      <CasesHospitalisedPercent>5.26</CasesHospitalisedPercent>
      <Name>15To24</Name>
      <NumberOfCases>880</NumberOfCases>
    </HspcHospitalised>
    <HspcHospitalised>
      <CasesAdmittedToIcu>0</CasesAdmittedToIcu>
      <CasesAdmittedToIcuPercent>0</CasesAdmittedToIcuPercent>
      <CasesHospitalised>17</CasesHospitalised>
      <CasesHospitalisedPercent>5.59</CasesHospitalisedPercent>
      <Name>25To34</Name>
      <NumberOfCases>670</NumberOfCases>
    </HspcHospitalised>
    <HspcHospitalised>
      <CasesAdmittedToIcu>2</CasesAdmittedToIcu>
      <CasesAdmittedToIcuPercent>15.38</CasesAdmittedToIcuPercent>
      <CasesHospitalised>23</CasesHospitalised>
      <CasesHospitalisedPercent>7.57</CasesHospitalisedPercent>
      <Name>35To44</Name>
      <NumberOfCases>714</NumberOfCases>
    </HspcHospitalised>
    <HspcHospitalised>
      <CasesAdmittedToIcu>1</CasesAdmittedToIcu>
      <CasesAdmittedToIcuPercent>7.69</CasesAdmittedToIcuPercent>
      <CasesHospitalised>32</CasesHospitalised>
      <CasesHospitalisedPercent>10.53</CasesHospitalisedPercent>
      <Name>45To54</Name>
      <NumberOfCases>619</NumberOfCases>
    </HspcHospitalised>
    <HspcHospitalised>
      <CasesAdmittedToIcu>3</CasesAdmittedToIcu>
      <CasesAdmittedToIcuPercent>23.08</CasesAdmittedToIcuPercent>
      <CasesHospitalised>32</CasesHospitalised>
      <CasesHospitalisedPercent>10.53</CasesHospitalisedPercent>
      <Name>55To64</Name>
      <NumberOfCases>373</NumberOfCases>
    </HspcHospitalised>
    <HspcHospitalised>
      <CasesAdmittedToIcu>2</CasesAdmittedToIcu>
      <CasesAdmittedToIcuPercent>15.38</CasesAdmittedToIcuPercent>
      <CasesHospitalised>46</CasesHospitalised>
      <CasesHospitalisedPercent>15.13</CasesHospitalisedPercent>
      <Name>65To74</Name>
      <NumberOfCases>227</NumberOfCases>
    </HspcHospitalised>
    <HspcHospitalised>
      <CasesAdmittedToIcu>5</CasesAdmittedToIcu>
      <CasesAdmittedToIcuPercent>38.46</CasesAdmittedToIcuPercent>
      <CasesHospitalised>80</CasesHospitalised>
      <CasesHospitalisedPercent>26.32</CasesHospitalisedPercent>
      <Name>75To84</Name>
      <NumberOfCases>176</NumberOfCases>
    </HspcHospitalised>
    <HspcHospitalised>
      <CasesAdmittedToIcu>0</CasesAdmittedToIcu>
      <CasesAdmittedToIcuPercent>0</CasesAdmittedToIcuPercent>
      <CasesHospitalised>54</CasesHospitalised>
      <CasesHospitalisedPercent>17.76</CasesHospitalisedPercent>
      <Name>85Plus</Name>
      <NumberOfCases>124</NumberOfCases>
    </HspcHospitalised>
    <HspcHospitalised>
      <CasesAdmittedToIcu>0</CasesAdmittedToIcu>
      <CasesAdmittedToIcuPercent>0</CasesAdmittedToIcuPercent>
      <CasesHospitalised>0</CasesHospitalised>
      <CasesHospitalisedPercent>0</CasesHospitalisedPercent>
      <Name>Unknown</Name>
      <NumberOfCases>2</NumberOfCases>
    </HspcHospitalised>
  </Hospitalised>
  <PreparedDate>2020-11-28T00:00:00</PreparedDate>
  <SexCharacteristics>
    <Female>
      <Absolute>2315</Absolute>
      <Percent>51.86</Percent>
    </Female>
    <Male>
      <Absolute>2136</Absolute>
      <Percent>47.85</Percent>
    </Male>
    <MaleFemaleRatio>0.92</MaleFemaleRatio>
    <Unknown>
      <Absolute>13</Absolute>
      <Percent>0.29</Percent>
    </Unknown>
  </SexCharacteristics>
  <SourceFileName>COVID-19_14_day epidemiology report_Website_v2.0_28112020-Website.pdf</SourceFileName>
  <SymptomStatusAtTimeOfTestCharacteristics>
    <No i:nil="true" />
    <Unknown i:nil="true" />
    <Yes i:nil="true" />
  </SymptomStatusAtTimeOfTestCharacteristics>
  <ToDate>2020-11-27T00:00:00</ToDate>
  <TotalConfirmedCases>
    <Absolute>4464</Absolute>
    <Percent>100</Percent>
  </TotalConfirmedCases>
  <UnderlyingConditionsCharacteristics>
    <No>
      <Absolute>2803</Absolute>
      <Percent>62.79</Percent>
    </No>
    <Unknown>
      <Absolute>543</Absolute>
      <Percent>12.16</Percent>
    </Unknown>
    <Yes>
      <Absolute>1118</Absolute>
      <Percent>25.04</Percent>
    </Yes>
  </UnderlyingConditionsCharacteristics>
</HspcDailyEpidemiology>