﻿<?xml version="1.0" encoding="utf-8"?>
<HspcDailyEpidemiology xmlns:i="http://www.w3.org/2001/XMLSchema-instance" xmlns="http://schemas.datacontract.org/2004/07/CovidStats.DailyEpidemiology">
  <AgeCharacteristics>
    <Age0To4>
      <Absolute>72</Absolute>
      <Percent>3.81</Percent>
    </Age0To4>
    <Age13To18>
      <Absolute>0</Absolute>
      <Percent>0</Percent>
    </Age13To18>
    <Age19To24>
      <Absolute>0</Absolute>
      <Percent>0</Percent>
    </Age19To24>
    <Age25To34>
      <Absolute>366</Absolute>
      <Percent>19.39</Percent>
    </Age25To34>
    <Age35To44>
      <Absolute>310</Absolute>
      <Percent>16.42</Percent>
    </Age35To44>
    <Age45To54>
      <Absolute>242</Absolute>
      <Percent>12.82</Percent>
    </Age45To54>
    <Age55To64>
      <Absolute>157</Absolute>
      <Percent>8.32</Percent>
    </Age55To64>
    <Age5To12>
      <Absolute>0</Absolute>
      <Percent>0</Percent>
    </Age5To12>
    <Age65To74>
      <Absolute>73</Absolute>
      <Percent>3.87</Percent>
    </Age65To74>
    <Age75To84>
      <Absolute>55</Absolute>
      <Percent>2.91</Percent>
    </Age75To84>
    <Age85Plus>
      <Absolute>33</Absolute>
      <Percent>1.75</Percent>
    </Age85Plus>
    <AgeUnknown>
      <Absolute>3</Absolute>
      <Percent>0.16</Percent>
    </AgeUnknown>
    <MeanAge>35</MeanAge>
    <MedianAge>32</MedianAge>
  </AgeCharacteristics>
  <CCARates />
  <CHORates i:nil="true" />
  <CountyRates i:nil="true" />
  <FromDate>2020-08-25T00:00:00</FromDate>
  <Hospitalised i:nil="true" />
  <PreparedDate>2020-09-08T00:00:00</PreparedDate>
  <SexCharacteristics>
    <Female>
      <Absolute>939</Absolute>
      <Percent>49.74</Percent>
    </Female>
    <Male>
      <Absolute>944</Absolute>
      <Percent>50</Percent>
    </Male>
    <MaleFemaleRatio>1.01</MaleFemaleRatio>
    <Unknown>
      <Absolute>5</Absolute>
      <Percent>0.26</Percent>
    </Unknown>
  </SexCharacteristics>
  <SourceFileName>COVID-19_14_day_epidemiology_report_08092020_Website.pdf</SourceFileName>
  <SymptomStatusAtTimeOfTestCharacteristics>
    <No i:nil="true" />
    <Unknown i:nil="true" />
    <Yes i:nil="true" />
  </SymptomStatusAtTimeOfTestCharacteristics>
  <ToDate>2020-09-07T00:00:00</ToDate>
  <TotalConfirmedCases>
    <Absolute>1888</Absolute>
    <Percent>100</Percent>
  </TotalConfirmedCases>
  <UnderlyingConditionsCharacteristics>
    <No>
      <Absolute>1155</Absolute>
      <Percent>61.18</Percent>
    </No>
    <Unknown>
      <Absolute>231</Absolute>
      <Percent>12.24</Percent>
    </Unknown>
    <Yes>
      <Absolute>502</Absolute>
      <Percent>26.59</Percent>
    </Yes>
  </UnderlyingConditionsCharacteristics>
</HspcDailyEpidemiology>