﻿<?xml version="1.0" encoding="utf-8"?>
<HspcDailyEpidemiology xmlns:i="http://www.w3.org/2001/XMLSchema-instance" xmlns="http://schemas.datacontract.org/2004/07/CovidStats.DailyEpidemiology">
  <AgeCharacteristics>
    <Age0To4>
      <Absolute>534</Absolute>
      <Percent>3.65</Percent>
    </Age0To4>
    <Age13To18>
      <Absolute>0</Absolute>
      <Percent>0</Percent>
    </Age13To18>
    <Age19To24>
      <Absolute>0</Absolute>
      <Percent>0</Percent>
    </Age19To24>
    <Age25To34>
      <Absolute>2267</Absolute>
      <Percent>15.48</Percent>
    </Age25To34>
    <Age35To44>
      <Absolute>2027</Absolute>
      <Percent>13.84</Percent>
    </Age35To44>
    <Age45To54>
      <Absolute>1946</Absolute>
      <Percent>13.29</Percent>
    </Age45To54>
    <Age55To64>
      <Absolute>1525</Absolute>
      <Percent>10.41</Percent>
    </Age55To64>
    <Age5To12>
      <Absolute>0</Absolute>
      <Percent>0</Percent>
    </Age5To12>
    <Age65To74>
      <Absolute>726</Absolute>
      <Percent>4.96</Percent>
    </Age65To74>
    <Age75To84>
      <Absolute>364</Absolute>
      <Percent>2.48</Percent>
    </Age75To84>
    <Age85Plus>
      <Absolute>210</Absolute>
      <Percent>1.43</Percent>
    </Age85Plus>
    <AgeUnknown>
      <Absolute>3</Absolute>
      <Percent>0.02</Percent>
    </AgeUnknown>
    <MeanAge>35</MeanAge>
    <MedianAge>32</MedianAge>
  </AgeCharacteristics>
  <CCARates>
    <HspcIncidence>
      <ConfirmedCases>176</ConfirmedCases>
      <IncidencePer100k>129.3</IncidencePer100k>
      <Name>DublinSouth</Name>
    </HspcIncidence>
    <HspcIncidence>
      <ConfirmedCases>349</ConfirmedCases>
      <IncidencePer100k>282.1</IncidencePer100k>
      <Name>DublinSouthEast</Name>
    </HspcIncidence>
    <HspcIncidence>
      <ConfirmedCases>275</ConfirmedCases>
      <IncidencePer100k>183.4</IncidencePer100k>
      <Name>DublinSouthCity</Name>
    </HspcIncidence>
    <HspcIncidence>
      <ConfirmedCases>323</ConfirmedCases>
      <IncidencePer100k>200.7</IncidencePer100k>
      <Name>DublinSouthWest</Name>
    </HspcIncidence>
    <HspcIncidence>
      <ConfirmedCases>518</ConfirmedCases>
      <IncidencePer100k>333.5</IncidencePer100k>
      <Name>DublinWest</Name>
    </HspcIncidence>
    <HspcIncidence>
      <ConfirmedCases>818</ConfirmedCases>
      <IncidencePer100k>393.9</IncidencePer100k>
      <Name>DublinNorthWest</Name>
    </HspcIncidence>
    <HspcIncidence>
      <ConfirmedCases>466</ConfirmedCases>
      <IncidencePer100k>301.5</IncidencePer100k>
      <Name>DublinNorthCentral</Name>
    </HspcIncidence>
    <HspcIncidence>
      <ConfirmedCases>577</ConfirmedCases>
      <IncidencePer100k>222.6</IncidencePer100k>
      <Name>DublinNorth</Name>
    </HspcIncidence>
  </CCARates>
  <CHORates i:nil="true" />
  <CountyRates>
    <HspcIncidence>
      <ConfirmedCases>733</ConfirmedCases>
      <IncidencePer100k>962.2</IncidencePer100k>
      <Name>Cavan</Name>
    </HspcIncidence>
    <HspcIncidence>
      <ConfirmedCases>1293</ConfirmedCases>
      <IncidencePer100k>662.9</IncidencePer100k>
      <Name>Meath</Name>
    </HspcIncidence>
    <HspcIncidence>
      <ConfirmedCases>288</ConfirmedCases>
      <IncidencePer100k>439.5</IncidencePer100k>
      <Name>Sligo</Name>
    </HspcIncidence>
    <HspcIncidence>
      <ConfirmedCases>389</ConfirmedCases>
      <IncidencePer100k>438.2</IncidencePer100k>
      <Name>Westmeath</Name>
    </HspcIncidence>
    <HspcIncidence>
      <ConfirmedCases>995</ConfirmedCases>
      <IncidencePer100k>385.6</IncidencePer100k>
      <Name>Galway</Name>
    </HspcIncidence>
    <HspcIncidence>
      <ConfirmedCases>224</ConfirmedCases>
      <IncidencePer100k>364.9</IncidencePer100k>
      <Name>Monaghan</Name>
    </HspcIncidence>
    <HspcIncidence>
      <ConfirmedCases>1827</ConfirmedCases>
      <IncidencePer100k>336.5</IncidencePer100k>
      <Name>Cork</Name>
    </HspcIncidence>
    <HspcIncidence>
      <ConfirmedCases>508</ConfirmedCases>
      <IncidencePer100k>319.1</IncidencePer100k>
      <Name>Donegal</Name>
    </HspcIncidence>
    <HspcIncidence>
      <ConfirmedCases>401</ConfirmedCases>
      <IncidencePer100k>311.1</IncidencePer100k>
      <Name>Louth</Name>
    </HspcIncidence>
    <HspcIncidence>
      <ConfirmedCases>176</ConfirmedCases>
      <IncidencePer100k>309.1</IncidencePer100k>
      <Name>Carlow</Name>
    </HspcIncidence>
    <HspcIncidence>
      <ConfirmedCases>587</ConfirmedCases>
      <IncidencePer100k>301.2</IncidencePer100k>
      <Name>Limerick</Name>
    </HspcIncidence>
    <HspcIncidence>
      <ConfirmedCases>667</ConfirmedCases>
      <IncidencePer100k>299.8</IncidencePer100k>
      <Name>Kildare</Name>
    </HspcIncidence>
    <HspcIncidence>
      <ConfirmedCases>119</ConfirmedCases>
      <IncidencePer100k>291.1</IncidencePer100k>
      <Name>Longford</Name>
    </HspcIncidence>
    <HspcIncidence>
      <ConfirmedCases>414</ConfirmedCases>
      <IncidencePer100k>280.3</IncidencePer100k>
      <Name>Kerry</Name>
    </HspcIncidence>
    <HspcIncidence>
      <ConfirmedCases>403</ConfirmedCases>
      <IncidencePer100k>269.2</IncidencePer100k>
      <Name>Wexford</Name>
    </HspcIncidence>
    <HspcIncidence>
      <ConfirmedCases>346</ConfirmedCases>
      <IncidencePer100k>265.1</IncidencePer100k>
      <Name>Mayo</Name>
    </HspcIncidence>
    <HspcIncidence>
      <ConfirmedCases>171</ConfirmedCases>
      <IncidencePer100k>264.9</IncidencePer100k>
      <Name>Roscommon</Name>
    </HspcIncidence>
    <HspcIncidence>
      <ConfirmedCases>3503</ConfirmedCases>
      <IncidencePer100k>260.0</IncidencePer100k>
      <Name>Dublin</Name>
    </HspcIncidence>
    <HspcIncidence>
      <ConfirmedCases>213</ConfirmedCases>
      <IncidencePer100k>251.5</IncidencePer100k>
      <Name>Laois</Name>
    </HspcIncidence>
    <HspcIncidence>
      <ConfirmedCases>298</ConfirmedCases>
      <IncidencePer100k>250.8</IncidencePer100k>
      <Name>Clare</Name>
    </HspcIncidence>
    <HspcIncidence>
      <ConfirmedCases>263</ConfirmedCases>
      <IncidencePer100k>226.4</IncidencePer100k>
      <Name>Waterford</Name>
    </HspcIncidence>
    <HspcIncidence>
      <ConfirmedCases>174</ConfirmedCases>
      <IncidencePer100k>223.2</IncidencePer100k>
      <Name>Offaly</Name>
    </HspcIncidence>
    <HspcIncidence>
      <ConfirmedCases>66</ConfirmedCases>
      <IncidencePer100k>206.0</IncidencePer100k>
      <Name>Leitrim</Name>
    </HspcIncidence>
    <HspcIncidence>
      <ConfirmedCases>174</ConfirmedCases>
      <IncidencePer100k>175.3</IncidencePer100k>
      <Name>Kilkenny</Name>
    </HspcIncidence>
    <HspcIncidence>
      <ConfirmedCases>203</ConfirmedCases>
      <IncidencePer100k>142.5</IncidencePer100k>
      <Name>Wicklow</Name>
    </HspcIncidence>
    <HspcIncidence>
      <ConfirmedCases>213</ConfirmedCases>
      <IncidencePer100k>133.5</IncidencePer100k>
      <Name>Tipperary</Name>
    </HspcIncidence>
  </CountyRates>
  <FromDate>2020-10-13T00:00:00</FromDate>
  <Hospitalised>
    <HspcHospitalised>
      <CasesAdmittedToIcu>0</CasesAdmittedToIcu>
      <CasesAdmittedToIcuPercent>0</CasesAdmittedToIcuPercent>
      <CasesHospitalised>5</CasesHospitalised>
      <CasesHospitalisedPercent>1.45</CasesHospitalisedPercent>
      <Name>0To4</Name>
      <NumberOfCases>534</NumberOfCases>
    </HspcHospitalised>
    <HspcHospitalised>
      <CasesAdmittedToIcu>1</CasesAdmittedToIcu>
      <CasesAdmittedToIcuPercent>5.26</CasesAdmittedToIcuPercent>
      <CasesHospitalised>9</CasesHospitalised>
      <CasesHospitalisedPercent>2.6</CasesHospitalisedPercent>
      <Name>5To14</Name>
      <NumberOfCases>1384</NumberOfCases>
    </HspcHospitalised>
    <HspcHospitalised>
      <CasesAdmittedToIcu>0</CasesAdmittedToIcu>
      <CasesAdmittedToIcuPercent>0</CasesAdmittedToIcuPercent>
      <CasesHospitalised>14</CasesHospitalised>
      <CasesHospitalisedPercent>4.05</CasesHospitalisedPercent>
      <Name>15To24</Name>
      <NumberOfCases>3662</NumberOfCases>
    </HspcHospitalised>
    <HspcHospitalised>
      <CasesAdmittedToIcu>0</CasesAdmittedToIcu>
      <CasesAdmittedToIcuPercent>0</CasesAdmittedToIcuPercent>
      <CasesHospitalised>21</CasesHospitalised>
      <CasesHospitalisedPercent>6.07</CasesHospitalisedPercent>
      <Name>25To34</Name>
      <NumberOfCases>2267</NumberOfCases>
    </HspcHospitalised>
    <HspcHospitalised>
      <CasesAdmittedToIcu>1</CasesAdmittedToIcu>
      <CasesAdmittedToIcuPercent>5.26</CasesAdmittedToIcuPercent>
      <CasesHospitalised>27</CasesHospitalised>
      <CasesHospitalisedPercent>7.8</CasesHospitalisedPercent>
      <Name>35To44</Name>
      <NumberOfCases>2027</NumberOfCases>
    </HspcHospitalised>
    <HspcHospitalised>
      <CasesAdmittedToIcu>2</CasesAdmittedToIcu>
      <CasesAdmittedToIcuPercent>10.53</CasesAdmittedToIcuPercent>
      <CasesHospitalised>33</CasesHospitalised>
      <CasesHospitalisedPercent>9.54</CasesHospitalisedPercent>
      <Name>45To54</Name>
      <NumberOfCases>1946</NumberOfCases>
    </HspcHospitalised>
    <HspcHospitalised>
      <CasesAdmittedToIcu>3</CasesAdmittedToIcu>
      <CasesAdmittedToIcuPercent>15.79</CasesAdmittedToIcuPercent>
      <CasesHospitalised>45</CasesHospitalised>
      <CasesHospitalisedPercent>13.01</CasesHospitalisedPercent>
      <Name>55To64</Name>
      <NumberOfCases>1525</NumberOfCases>
    </HspcHospitalised>
    <HspcHospitalised>
      <CasesAdmittedToIcu>7</CasesAdmittedToIcu>
      <CasesAdmittedToIcuPercent>36.84</CasesAdmittedToIcuPercent>
      <CasesHospitalised>68</CasesHospitalised>
      <CasesHospitalisedPercent>19.65</CasesHospitalisedPercent>
      <Name>65To74</Name>
      <NumberOfCases>726</NumberOfCases>
    </HspcHospitalised>
    <HspcHospitalised>
      <CasesAdmittedToIcu>5</CasesAdmittedToIcu>
      <CasesAdmittedToIcuPercent>26.32</CasesAdmittedToIcuPercent>
      <CasesHospitalised>82</CasesHospitalised>
      <CasesHospitalisedPercent>23.7</CasesHospitalisedPercent>
      <Name>75To84</Name>
      <NumberOfCases>364</NumberOfCases>
    </HspcHospitalised>
    <HspcHospitalised>
      <CasesAdmittedToIcu>0</CasesAdmittedToIcu>
      <CasesAdmittedToIcuPercent>0</CasesAdmittedToIcuPercent>
      <CasesHospitalised>42</CasesHospitalised>
      <CasesHospitalisedPercent>12.14</CasesHospitalisedPercent>
      <Name>85Plus</Name>
      <NumberOfCases>210</NumberOfCases>
    </HspcHospitalised>
    <HspcHospitalised>
      <CasesAdmittedToIcu>0</CasesAdmittedToIcu>
      <CasesAdmittedToIcuPercent>0</CasesAdmittedToIcuPercent>
      <CasesHospitalised>0</CasesHospitalised>
      <CasesHospitalisedPercent>0</CasesHospitalisedPercent>
      <Name>Unknown</Name>
      <NumberOfCases>3</NumberOfCases>
    </HspcHospitalised>
  </Hospitalised>
  <PreparedDate>2020-10-27T00:00:00</PreparedDate>
  <SexCharacteristics>
    <Female>
      <Absolute>7416</Absolute>
      <Percent>50.63</Percent>
    </Female>
    <Male>
      <Absolute>7222</Absolute>
      <Percent>49.3</Percent>
    </Male>
    <MaleFemaleRatio>0.97</MaleFemaleRatio>
    <Unknown>
      <Absolute>10</Absolute>
      <Percent>0.07</Percent>
    </Unknown>
  </SexCharacteristics>
  <SourceFileName>COVID-19_14_day_epidemiology_report_20201027_website.pdf</SourceFileName>
  <SymptomStatusAtTimeOfTestCharacteristics>
    <No i:nil="true" />
    <Unknown i:nil="true" />
    <Yes i:nil="true" />
  </SymptomStatusAtTimeOfTestCharacteristics>
  <ToDate>2020-10-26T00:00:00</ToDate>
  <TotalConfirmedCases>
    <Absolute>14648</Absolute>
    <Percent>100</Percent>
  </TotalConfirmedCases>
  <UnderlyingConditionsCharacteristics>
    <No i:nil="true" />
    <Unknown i:nil="true" />
    <Yes i:nil="true" />
  </UnderlyingConditionsCharacteristics>
</HspcDailyEpidemiology>