﻿<?xml version="1.0" encoding="utf-8"?>
<HspcDailyEpidemiology xmlns:i="http://www.w3.org/2001/XMLSchema-instance" xmlns="http://schemas.datacontract.org/2004/07/CovidStats.DailyEpidemiology">
  <AgeCharacteristics>
    <Age0To4>
      <Absolute>1348</Absolute>
      <Percent>2.05</Percent>
    </Age0To4>
    <Age13To18>
      <Absolute>4046</Absolute>
      <Percent>6.16</Percent>
    </Age13To18>
    <Age19To24>
      <Absolute>9714</Absolute>
      <Percent>14.8</Percent>
    </Age19To24>
    <Age25To34>
      <Absolute>12933</Absolute>
      <Percent>19.7</Percent>
    </Age25To34>
    <Age35To44>
      <Absolute>10430</Absolute>
      <Percent>15.89</Percent>
    </Age35To44>
    <Age45To54>
      <Absolute>9840</Absolute>
      <Percent>14.99</Percent>
    </Age45To54>
    <Age55To64>
      <Absolute>8151</Absolute>
      <Percent>12.42</Percent>
    </Age55To64>
    <Age5To12>
      <Absolute>2477</Absolute>
      <Percent>3.77</Percent>
    </Age5To12>
    <Age65To74>
      <Absolute>3689</Absolute>
      <Percent>5.62</Percent>
    </Age65To74>
    <Age75To84>
      <Absolute>1883</Absolute>
      <Percent>2.87</Percent>
    </Age75To84>
    <Age85Plus>
      <Absolute>1130</Absolute>
      <Percent>1.72</Percent>
    </Age85Plus>
    <AgeUnknown>
      <Absolute>9</Absolute>
      <Percent>0.01</Percent>
    </AgeUnknown>
    <MeanAge>39</MeanAge>
    <MedianAge>37</MedianAge>
  </AgeCharacteristics>
  <CCARates>
    <HspcIncidence>
      <ConfirmedCases>1438</ConfirmedCases>
      <IncidencePer100k>1056.8</IncidencePer100k>
      <Name>DublinSouth</Name>
    </HspcIncidence>
    <HspcIncidence>
      <ConfirmedCases>2870</ConfirmedCases>
      <IncidencePer100k>2320.1</IncidencePer100k>
      <Name>DublinSouthEast</Name>
    </HspcIncidence>
    <HspcIncidence>
      <ConfirmedCases>1825</ConfirmedCases>
      <IncidencePer100k>1217.2</IncidencePer100k>
      <Name>DublinSouthCity</Name>
    </HspcIncidence>
    <HspcIncidence>
      <ConfirmedCases>2338</ConfirmedCases>
      <IncidencePer100k>1453.1</IncidencePer100k>
      <Name>DublinSouthWest</Name>
    </HspcIncidence>
    <HspcIncidence>
      <ConfirmedCases>2290</ConfirmedCases>
      <IncidencePer100k>1474.2</IncidencePer100k>
      <Name>DublinWest</Name>
    </HspcIncidence>
    <HspcIncidence>
      <ConfirmedCases>3947</ConfirmedCases>
      <IncidencePer100k>1900.6</IncidencePer100k>
      <Name>DublinNorthWest</Name>
    </HspcIncidence>
    <HspcIncidence>
      <ConfirmedCases>3040</ConfirmedCases>
      <IncidencePer100k>1966.6</IncidencePer100k>
      <Name>DublinNorthCentral</Name>
    </HspcIncidence>
    <HspcIncidence>
      <ConfirmedCases>3352</ConfirmedCases>
      <IncidencePer100k>1293.4</IncidencePer100k>
      <Name>DublinNorth</Name>
    </HspcIncidence>
  </CCARates>
  <CHORates>
    <HspcIncidence>
      <ConfirmedCases>6137</ConfirmedCases>
      <IncidencePer100k>1568.4</IncidencePer100k>
      <Name>CHO1</Name>
    </HspcIncidence>
    <HspcIncidence>
      <ConfirmedCases>4336</ConfirmedCases>
      <IncidencePer100k>956.9</IncidencePer100k>
      <Name>CHO2</Name>
    </HspcIncidence>
    <HspcIncidence>
      <ConfirmedCases>6253</ConfirmedCases>
      <IncidencePer100k>1624.2</IncidencePer100k>
      <Name>CHO3</Name>
    </HspcIncidence>
    <HspcIncidence>
      <ConfirmedCases>9528</ConfirmedCases>
      <IncidencePer100k>1379.7</IncidencePer100k>
      <Name>CHO4</Name>
    </HspcIncidence>
    <HspcIncidence>
      <ConfirmedCases>7134</ConfirmedCases>
      <IncidencePer100k>1397.9</IncidencePer100k>
      <Name>CHO5</Name>
    </HspcIncidence>
    <HspcIncidence>
      <ConfirmedCases>5238</ConfirmedCases>
      <IncidencePer100k>1367.0</IncidencePer100k>
      <Name>CHO6</Name>
    </HspcIncidence>
    <HspcIncidence>
      <ConfirmedCases>8771</ConfirmedCases>
      <IncidencePer100k>1239.3</IncidencePer100k>
      <Name>CHO7</Name>
    </HspcIncidence>
    <HspcIncidence>
      <ConfirmedCases>7854</ConfirmedCases>
      <IncidencePer100k>1268.2</IncidencePer100k>
      <Name>CHO8</Name>
    </HspcIncidence>
    <HspcIncidence>
      <ConfirmedCases>10339</ConfirmedCases>
      <IncidencePer100k>1663.8</IncidencePer100k>
      <Name>CHO9</Name>
    </HspcIncidence>
  </CHORates>
  <CountyRates>
    <HspcIncidence>
      <ConfirmedCases>1650</ConfirmedCases>
      <IncidencePer100k>2687.9</IncidencePer100k>
      <Name>Monaghan</Name>
    </HspcIncidence>
    <HspcIncidence>
      <ConfirmedCases>2990</ConfirmedCases>
      <IncidencePer100k>2319.9</IncidencePer100k>
      <Name>Louth</Name>
    </HspcIncidence>
    <HspcIncidence>
      <ConfirmedCases>3961</ConfirmedCases>
      <IncidencePer100k>2032.3</IncidencePer100k>
      <Name>Limerick</Name>
    </HspcIncidence>
    <HspcIncidence>
      <ConfirmedCases>1937</ConfirmedCases>
      <IncidencePer100k>1667.3</IncidencePer100k>
      <Name>Waterford</Name>
    </HspcIncidence>
    <HspcIncidence>
      <ConfirmedCases>2457</ConfirmedCases>
      <IncidencePer100k>1641.0</IncidencePer100k>
      <Name>Wexford</Name>
    </HspcIncidence>
    <HspcIncidence>
      <ConfirmedCases>21127</ConfirmedCases>
      <IncidencePer100k>1568.0</IncidencePer100k>
      <Name>Dublin</Name>
    </HspcIncidence>
    <HspcIncidence>
      <ConfirmedCases>1139</ConfirmedCases>
      <IncidencePer100k>1495.2</IncidencePer100k>
      <Name>Cavan</Name>
    </HspcIncidence>
    <HspcIncidence>
      <ConfirmedCases>2378</ConfirmedCases>
      <IncidencePer100k>1493.8</IncidencePer100k>
      <Name>Donegal</Name>
    </HspcIncidence>
    <HspcIncidence>
      <ConfirmedCases>839</ConfirmedCases>
      <IncidencePer100k>1473.7</IncidencePer100k>
      <Name>Carlow</Name>
    </HspcIncidence>
    <HspcIncidence>
      <ConfirmedCases>7911</ConfirmedCases>
      <IncidencePer100k>1457.3</IncidencePer100k>
      <Name>Cork</Name>
    </HspcIncidence>
    <HspcIncidence>
      <ConfirmedCases>1696</ConfirmedCases>
      <IncidencePer100k>1427.4</IncidencePer100k>
      <Name>Clare</Name>
    </HspcIncidence>
    <HspcIncidence>
      <ConfirmedCases>1701</ConfirmedCases>
      <IncidencePer100k>1303.4</IncidencePer100k>
      <Name>Mayo</Name>
    </HspcIncidence>
    <HspcIncidence>
      <ConfirmedCases>1185</ConfirmedCases>
      <IncidencePer100k>1194.2</IncidencePer100k>
      <Name>Kilkenny</Name>
    </HspcIncidence>
    <HspcIncidence>
      <ConfirmedCases>2300</ConfirmedCases>
      <IncidencePer100k>1179.2</IncidencePer100k>
      <Name>Meath</Name>
    </HspcIncidence>
    <HspcIncidence>
      <ConfirmedCases>752</ConfirmedCases>
      <IncidencePer100k>1147.5</IncidencePer100k>
      <Name>Sligo</Name>
    </HspcIncidence>
    <HspcIncidence>
      <ConfirmedCases>1618</ConfirmedCases>
      <IncidencePer100k>1095.4</IncidencePer100k>
      <Name>Kerry</Name>
    </HspcIncidence>
    <HspcIncidence>
      <ConfirmedCases>2290</ConfirmedCases>
      <IncidencePer100k>1029.2</IncidencePer100k>
      <Name>Kildare</Name>
    </HspcIncidence>
    <HspcIncidence>
      <ConfirmedCases>728</ConfirmedCases>
      <IncidencePer100k>933.8</IncidencePer100k>
      <Name>Offaly</Name>
    </HspcIncidence>
    <HspcIncidence>
      <ConfirmedCases>375</ConfirmedCases>
      <IncidencePer100k>917.5</IncidencePer100k>
      <Name>Longford</Name>
    </HspcIncidence>
    <HspcIncidence>
      <ConfirmedCases>772</ConfirmedCases>
      <IncidencePer100k>911.5</IncidencePer100k>
      <Name>Laois</Name>
    </HspcIncidence>
    <HspcIncidence>
      <ConfirmedCases>1373</ConfirmedCases>
      <IncidencePer100k>860.5</IncidencePer100k>
      <Name>Tipperary</Name>
    </HspcIncidence>
    <HspcIncidence>
      <ConfirmedCases>530</ConfirmedCases>
      <IncidencePer100k>821.1</IncidencePer100k>
      <Name>Roscommon</Name>
    </HspcIncidence>
    <HspcIncidence>
      <ConfirmedCases>2105</ConfirmedCases>
      <IncidencePer100k>815.7</IncidencePer100k>
      <Name>Galway</Name>
    </HspcIncidence>
    <HspcIncidence>
      <ConfirmedCases>650</ConfirmedCases>
      <IncidencePer100k>732.2</IncidencePer100k>
      <Name>Westmeath</Name>
    </HspcIncidence>
    <HspcIncidence>
      <ConfirmedCases>227</ConfirmedCases>
      <IncidencePer100k>708.4</IncidencePer100k>
      <Name>Leitrim</Name>
    </HspcIncidence>
    <HspcIncidence>
      <ConfirmedCases>959</ConfirmedCases>
      <IncidencePer100k>673.3</IncidencePer100k>
      <Name>Wicklow</Name>
    </HspcIncidence>
  </CountyRates>
  <FromDate>2020-12-28T00:00:00</FromDate>
  <Hospitalised>
    <HspcHospitalised>
      <CasesAdmittedToIcu>1</CasesAdmittedToIcu>
      <CasesAdmittedToIcuPercent>1.5</CasesAdmittedToIcuPercent>
      <CasesHospitalised>21</CasesHospitalised>
      <CasesHospitalisedPercent>1.4</CasesHospitalisedPercent>
      <Name>0To4</Name>
      <NumberOfCases>1348</NumberOfCases>
    </HspcHospitalised>
    <HspcHospitalised>
      <CasesAdmittedToIcu>0</CasesAdmittedToIcu>
      <CasesAdmittedToIcuPercent>0</CasesAdmittedToIcuPercent>
      <CasesHospitalised>5</CasesHospitalised>
      <CasesHospitalisedPercent>0.3</CasesHospitalisedPercent>
      <Name>5To12</Name>
      <NumberOfCases>2477</NumberOfCases>
    </HspcHospitalised>
    <HspcHospitalised>
      <CasesAdmittedToIcu>1</CasesAdmittedToIcu>
      <CasesAdmittedToIcuPercent>1.5</CasesAdmittedToIcuPercent>
      <CasesHospitalised>24</CasesHospitalised>
      <CasesHospitalisedPercent>1.6</CasesHospitalisedPercent>
      <Name>13To18</Name>
      <NumberOfCases>4046</NumberOfCases>
    </HspcHospitalised>
    <HspcHospitalised>
      <CasesAdmittedToIcu>0</CasesAdmittedToIcu>
      <CasesAdmittedToIcuPercent>0</CasesAdmittedToIcuPercent>
      <CasesHospitalised>55</CasesHospitalised>
      <CasesHospitalisedPercent>3.8</CasesHospitalisedPercent>
      <Name>19To24</Name>
      <NumberOfCases>9714</NumberOfCases>
    </HspcHospitalised>
    <HspcHospitalised>
      <CasesAdmittedToIcu>3</CasesAdmittedToIcu>
      <CasesAdmittedToIcuPercent>4.5</CasesAdmittedToIcuPercent>
      <CasesHospitalised>118</CasesHospitalised>
      <CasesHospitalisedPercent>8.1</CasesHospitalisedPercent>
      <Name>25To34</Name>
      <NumberOfCases>12933</NumberOfCases>
    </HspcHospitalised>
    <HspcHospitalised>
      <CasesAdmittedToIcu>2</CasesAdmittedToIcu>
      <CasesAdmittedToIcuPercent>3.0</CasesAdmittedToIcuPercent>
      <CasesHospitalised>122</CasesHospitalised>
      <CasesHospitalisedPercent>8.4</CasesHospitalisedPercent>
      <Name>35To44</Name>
      <NumberOfCases>10430</NumberOfCases>
    </HspcHospitalised>
    <HspcHospitalised>
      <CasesAdmittedToIcu>9</CasesAdmittedToIcu>
      <CasesAdmittedToIcuPercent>13.4</CasesAdmittedToIcuPercent>
      <CasesHospitalised>159</CasesHospitalised>
      <CasesHospitalisedPercent>10.9</CasesHospitalisedPercent>
      <Name>45To54</Name>
      <NumberOfCases>9840</NumberOfCases>
    </HspcHospitalised>
    <HspcHospitalised>
      <CasesAdmittedToIcu>18</CasesAdmittedToIcu>
      <CasesAdmittedToIcuPercent>26.9</CasesAdmittedToIcuPercent>
      <CasesHospitalised>178</CasesHospitalised>
      <CasesHospitalisedPercent>12.2</CasesHospitalisedPercent>
      <Name>55To64</Name>
      <NumberOfCases>8151</NumberOfCases>
    </HspcHospitalised>
    <HspcHospitalised>
      <CasesAdmittedToIcu>22</CasesAdmittedToIcu>
      <CasesAdmittedToIcuPercent>32.8</CasesAdmittedToIcuPercent>
      <CasesHospitalised>263</CasesHospitalised>
      <CasesHospitalisedPercent>18.1</CasesHospitalisedPercent>
      <Name>65To74</Name>
      <NumberOfCases>3689</NumberOfCases>
    </HspcHospitalised>
    <HspcHospitalised>
      <CasesAdmittedToIcu>10</CasesAdmittedToIcu>
      <CasesAdmittedToIcuPercent>14.9</CasesAdmittedToIcuPercent>
      <CasesHospitalised>291</CasesHospitalised>
      <CasesHospitalisedPercent>20.0</CasesHospitalisedPercent>
      <Name>75To84</Name>
      <NumberOfCases>1883</NumberOfCases>
    </HspcHospitalised>
    <HspcHospitalised>
      <CasesAdmittedToIcu>1</CasesAdmittedToIcu>
      <CasesAdmittedToIcuPercent>1.5</CasesAdmittedToIcuPercent>
      <CasesHospitalised>220</CasesHospitalised>
      <CasesHospitalisedPercent>15.1</CasesHospitalisedPercent>
      <Name>85Plus</Name>
      <NumberOfCases>1130</NumberOfCases>
    </HspcHospitalised>
    <HspcHospitalised>
      <CasesAdmittedToIcu>0</CasesAdmittedToIcu>
      <CasesAdmittedToIcuPercent>0</CasesAdmittedToIcuPercent>
      <CasesHospitalised>0</CasesHospitalised>
      <CasesHospitalisedPercent>0</CasesHospitalisedPercent>
      <Name>Unknown</Name>
      <NumberOfCases>9</NumberOfCases>
    </HspcHospitalised>
  </Hospitalised>
  <PreparedDate>2021-01-11T00:00:00</PreparedDate>
  <SexCharacteristics>
    <Female>
      <Absolute>34265</Absolute>
      <Percent>52.19</Percent>
    </Female>
    <Male>
      <Absolute>31179</Absolute>
      <Percent>47.49</Percent>
    </Male>
    <MaleFemaleRatio>0.91</MaleFemaleRatio>
    <Unknown>
      <Absolute>206</Absolute>
      <Percent>0.31</Percent>
    </Unknown>
  </SexCharacteristics>
  <SourceFileName>COVID-19_14_day_epidemiology_Webite report_20210111_v1.pdf</SourceFileName>
  <SymptomStatusAtTimeOfTestCharacteristics>
    <No i:nil="true" />
    <Unknown i:nil="true" />
    <Yes i:nil="true" />
  </SymptomStatusAtTimeOfTestCharacteristics>
  <ToDate>2021-01-10T00:00:00</ToDate>
  <TotalConfirmedCases>
    <Absolute>65650</Absolute>
    <Percent>100</Percent>
  </TotalConfirmedCases>
  <UnderlyingConditionsCharacteristics>
    <No i:nil="true" />
    <Unknown i:nil="true" />
    <Yes i:nil="true" />
  </UnderlyingConditionsCharacteristics>
</HspcDailyEpidemiology>