﻿<?xml version="1.0" encoding="utf-8"?>
<HspcDailyEpidemiology xmlns:i="http://www.w3.org/2001/XMLSchema-instance" xmlns="http://schemas.datacontract.org/2004/07/CovidStats.DailyEpidemiology">
  <AgeCharacteristics>
    <Age0To4>
      <Absolute>161</Absolute>
      <Percent>3.99</Percent>
    </Age0To4>
    <Age13To18>
      <Absolute>319</Absolute>
      <Percent>7.91</Percent>
    </Age13To18>
    <Age19To24>
      <Absolute>373</Absolute>
      <Percent>9.25</Percent>
    </Age19To24>
    <Age25To34>
      <Absolute>655</Absolute>
      <Percent>16.25</Percent>
    </Age25To34>
    <Age35To44>
      <Absolute>622</Absolute>
      <Percent>15.43</Percent>
    </Age35To44>
    <Age45To54>
      <Absolute>577</Absolute>
      <Percent>14.31</Percent>
    </Age45To54>
    <Age55To64>
      <Absolute>387</Absolute>
      <Percent>9.6</Percent>
    </Age55To64>
    <Age5To12>
      <Absolute>435</Absolute>
      <Percent>10.79</Percent>
    </Age5To12>
    <Age65To74>
      <Absolute>207</Absolute>
      <Percent>5.13</Percent>
    </Age65To74>
    <Age75To84>
      <Absolute>167</Absolute>
      <Percent>4.14</Percent>
    </Age75To84>
    <Age85Plus>
      <Absolute>129</Absolute>
      <Percent>3.2</Percent>
    </Age85Plus>
    <AgeUnknown>
      <Absolute>0</Absolute>
      <Percent>0</Percent>
    </AgeUnknown>
    <MeanAge>38</MeanAge>
    <MedianAge>36</MedianAge>
  </AgeCharacteristics>
  <CCARates>
    <HspcIncidence>
      <ConfirmedCases>100</ConfirmedCases>
      <IncidencePer100k>73.5</IncidencePer100k>
      <Name>DublinSouth</Name>
    </HspcIncidence>
    <HspcIncidence>
      <ConfirmedCases>192</ConfirmedCases>
      <IncidencePer100k>155.2</IncidencePer100k>
      <Name>DublinSouthEast</Name>
    </HspcIncidence>
    <HspcIncidence>
      <ConfirmedCases>93</ConfirmedCases>
      <IncidencePer100k>62.0</IncidencePer100k>
      <Name>DublinSouthCity</Name>
    </HspcIncidence>
    <HspcIncidence>
      <ConfirmedCases>93</ConfirmedCases>
      <IncidencePer100k>57.8</IncidencePer100k>
      <Name>DublinSouthWest</Name>
    </HspcIncidence>
    <HspcIncidence>
      <ConfirmedCases>124</ConfirmedCases>
      <IncidencePer100k>79.8</IncidencePer100k>
      <Name>DublinWest</Name>
    </HspcIncidence>
    <HspcIncidence>
      <ConfirmedCases>207</ConfirmedCases>
      <IncidencePer100k>99.7</IncidencePer100k>
      <Name>DublinNorthWest</Name>
    </HspcIncidence>
    <HspcIncidence>
      <ConfirmedCases>206</ConfirmedCases>
      <IncidencePer100k>133.3</IncidencePer100k>
      <Name>DublinNorthCentral</Name>
    </HspcIncidence>
    <HspcIncidence>
      <ConfirmedCases>234</ConfirmedCases>
      <IncidencePer100k>90.3</IncidencePer100k>
      <Name>DublinNorth</Name>
    </HspcIncidence>
  </CCARates>
  <CHORates>
    <HspcIncidence>
      <ConfirmedCases>587</ConfirmedCases>
      <IncidencePer100k>150.0</IncidencePer100k>
      <Name>CHO1</Name>
    </HspcIncidence>
    <HspcIncidence>
      <ConfirmedCases>294</ConfirmedCases>
      <IncidencePer100k>64.9</IncidencePer100k>
      <Name>CHO2</Name>
    </HspcIncidence>
    <HspcIncidence>
      <ConfirmedCases>318</ConfirmedCases>
      <IncidencePer100k>82.6</IncidencePer100k>
      <Name>CHO3</Name>
    </HspcIncidence>
    <HspcIncidence>
      <ConfirmedCases>185</ConfirmedCases>
      <IncidencePer100k>26.8</IncidencePer100k>
      <Name>CHO4</Name>
    </HspcIncidence>
    <HspcIncidence>
      <ConfirmedCases>521</ConfirmedCases>
      <IncidencePer100k>102.1</IncidencePer100k>
      <Name>CHO5</Name>
    </HspcIncidence>
    <HspcIncidence>
      <ConfirmedCases>429</ConfirmedCases>
      <IncidencePer100k>112.0</IncidencePer100k>
      <Name>CHO6</Name>
    </HspcIncidence>
    <HspcIncidence>
      <ConfirmedCases>455</ConfirmedCases>
      <IncidencePer100k>64.3</IncidencePer100k>
      <Name>CHO7</Name>
    </HspcIncidence>
    <HspcIncidence>
      <ConfirmedCases>596</ConfirmedCases>
      <IncidencePer100k>96.2</IncidencePer100k>
      <Name>CHO8</Name>
    </HspcIncidence>
    <HspcIncidence>
      <ConfirmedCases>647</ConfirmedCases>
      <IncidencePer100k>104.1</IncidencePer100k>
      <Name>CHO9</Name>
    </HspcIncidence>
  </CHORates>
  <CountyRates>
    <HspcIncidence>
      <ConfirmedCases>377</ConfirmedCases>
      <IncidencePer100k>236.8</IncidencePer100k>
      <Name>Donegal</Name>
    </HspcIncidence>
    <HspcIncidence>
      <ConfirmedCases>248</ConfirmedCases>
      <IncidencePer100k>192.4</IncidencePer100k>
      <Name>Louth</Name>
    </HspcIncidence>
    <HspcIncidence>
      <ConfirmedCases>190</ConfirmedCases>
      <IncidencePer100k>191.5</IncidencePer100k>
      <Name>Kilkenny</Name>
    </HspcIncidence>
    <HspcIncidence>
      <ConfirmedCases>94</ConfirmedCases>
      <IncidencePer100k>165.1</IncidencePer100k>
      <Name>Carlow</Name>
    </HspcIncidence>
    <HspcIncidence>
      <ConfirmedCases>54</ConfirmedCases>
      <IncidencePer100k>132.1</IncidencePer100k>
      <Name>Longford</Name>
    </HspcIncidence>
    <HspcIncidence>
      <ConfirmedCases>251</ConfirmedCases>
      <IncidencePer100k>128.8</IncidencePer100k>
      <Name>Limerick</Name>
    </HspcIncidence>
    <HspcIncidence>
      <ConfirmedCases>79</ConfirmedCases>
      <IncidencePer100k>128.7</IncidencePer100k>
      <Name>Monaghan</Name>
    </HspcIncidence>
    <HspcIncidence>
      <ConfirmedCases>91</ConfirmedCases>
      <IncidencePer100k>119.5</IncidencePer100k>
      <Name>Cavan</Name>
    </HspcIncidence>
    <HspcIncidence>
      <ConfirmedCases>141</ConfirmedCases>
      <IncidencePer100k>108.0</IncidencePer100k>
      <Name>Mayo</Name>
    </HspcIncidence>
    <HspcIncidence>
      <ConfirmedCases>85</ConfirmedCases>
      <IncidencePer100k>100.4</IncidencePer100k>
      <Name>Laois</Name>
    </HspcIncidence>
    <HspcIncidence>
      <ConfirmedCases>139</ConfirmedCases>
      <IncidencePer100k>97.6</IncidencePer100k>
      <Name>Wicklow</Name>
    </HspcIncidence>
    <HspcIncidence>
      <ConfirmedCases>1249</ConfirmedCases>
      <IncidencePer100k>92.7</IncidencePer100k>
      <Name>Dublin</Name>
    </HspcIncidence>
    <HspcIncidence>
      <ConfirmedCases>91</ConfirmedCases>
      <IncidencePer100k>78.3</IncidencePer100k>
      <Name>Waterford</Name>
    </HspcIncidence>
    <HspcIncidence>
      <ConfirmedCases>55</ConfirmedCases>
      <IncidencePer100k>70.5</IncidencePer100k>
      <Name>Offaly</Name>
    </HspcIncidence>
    <HspcIncidence>
      <ConfirmedCases>112</ConfirmedCases>
      <IncidencePer100k>70.2</IncidencePer100k>
      <Name>Tipperary</Name>
    </HspcIncidence>
    <HspcIncidence>
      <ConfirmedCases>143</ConfirmedCases>
      <IncidencePer100k>64.3</IncidencePer100k>
      <Name>Kildare</Name>
    </HspcIncidence>
    <HspcIncidence>
      <ConfirmedCases>122</ConfirmedCases>
      <IncidencePer100k>62.5</IncidencePer100k>
      <Name>Meath</Name>
    </HspcIncidence>
    <HspcIncidence>
      <ConfirmedCases>32</ConfirmedCases>
      <IncidencePer100k>48.8</IncidencePer100k>
      <Name>Sligo</Name>
    </HspcIncidence>
    <HspcIncidence>
      <ConfirmedCases>73</ConfirmedCases>
      <IncidencePer100k>48.8</IncidencePer100k>
      <Name>Wexford</Name>
    </HspcIncidence>
    <HspcIncidence>
      <ConfirmedCases>125</ConfirmedCases>
      <IncidencePer100k>48.4</IncidencePer100k>
      <Name>Galway</Name>
    </HspcIncidence>
    <HspcIncidence>
      <ConfirmedCases>28</ConfirmedCases>
      <IncidencePer100k>43.4</IncidencePer100k>
      <Name>Roscommon</Name>
    </HspcIncidence>
    <HspcIncidence>
      <ConfirmedCases>32</ConfirmedCases>
      <IncidencePer100k>36.0</IncidencePer100k>
      <Name>Westmeath</Name>
    </HspcIncidence>
    <HspcIncidence>
      <ConfirmedCases>48</ConfirmedCases>
      <IncidencePer100k>32.5</IncidencePer100k>
      <Name>Kerry</Name>
    </HspcIncidence>
    <HspcIncidence>
      <ConfirmedCases>137</ConfirmedCases>
      <IncidencePer100k>25.2</IncidencePer100k>
      <Name>Cork</Name>
    </HspcIncidence>
    <HspcIncidence>
      <ConfirmedCases>8</ConfirmedCases>
      <IncidencePer100k>25.0</IncidencePer100k>
      <Name>Leitrim</Name>
    </HspcIncidence>
    <HspcIncidence>
      <ConfirmedCases>28</ConfirmedCases>
      <IncidencePer100k>23.6</IncidencePer100k>
      <Name>Clare</Name>
    </HspcIncidence>
  </CountyRates>
  <FromDate>2020-12-01T00:00:00</FromDate>
  <Hospitalised>
    <HspcHospitalised>
      <CasesAdmittedToIcu>0</CasesAdmittedToIcu>
      <CasesAdmittedToIcuPercent>0</CasesAdmittedToIcuPercent>
      <CasesHospitalised>2</CasesHospitalised>
      <CasesHospitalisedPercent>0.87</CasesHospitalisedPercent>
      <Name>0To4</Name>
      <NumberOfCases>161</NumberOfCases>
    </HspcHospitalised>
    <HspcHospitalised>
      <CasesAdmittedToIcu>0</CasesAdmittedToIcu>
      <CasesAdmittedToIcuPercent>0</CasesAdmittedToIcuPercent>
      <CasesHospitalised>2</CasesHospitalised>
      <CasesHospitalisedPercent>0.87</CasesHospitalisedPercent>
      <Name>5To12</Name>
      <NumberOfCases>435</NumberOfCases>
    </HspcHospitalised>
    <HspcHospitalised>
      <CasesAdmittedToIcu>0</CasesAdmittedToIcu>
      <CasesAdmittedToIcuPercent>0</CasesAdmittedToIcuPercent>
      <CasesHospitalised>7</CasesHospitalised>
      <CasesHospitalisedPercent>3.03</CasesHospitalisedPercent>
      <Name>13To18</Name>
      <NumberOfCases>319</NumberOfCases>
    </HspcHospitalised>
    <HspcHospitalised>
      <CasesAdmittedToIcu>0</CasesAdmittedToIcu>
      <CasesAdmittedToIcuPercent>0</CasesAdmittedToIcuPercent>
      <CasesHospitalised>5</CasesHospitalised>
      <CasesHospitalisedPercent>2.16</CasesHospitalisedPercent>
      <Name>19To24</Name>
      <NumberOfCases>373</NumberOfCases>
    </HspcHospitalised>
    <HspcHospitalised>
      <CasesAdmittedToIcu>1</CasesAdmittedToIcu>
      <CasesAdmittedToIcuPercent>5.88</CasesAdmittedToIcuPercent>
      <CasesHospitalised>14</CasesHospitalised>
      <CasesHospitalisedPercent>6.06</CasesHospitalisedPercent>
      <Name>25To34</Name>
      <NumberOfCases>655</NumberOfCases>
    </HspcHospitalised>
    <HspcHospitalised>
      <CasesAdmittedToIcu>2</CasesAdmittedToIcu>
      <CasesAdmittedToIcuPercent>11.76</CasesAdmittedToIcuPercent>
      <CasesHospitalised>14</CasesHospitalised>
      <CasesHospitalisedPercent>6.06</CasesHospitalisedPercent>
      <Name>35To44</Name>
      <NumberOfCases>622</NumberOfCases>
    </HspcHospitalised>
    <HspcHospitalised>
      <CasesAdmittedToIcu>4</CasesAdmittedToIcu>
      <CasesAdmittedToIcuPercent>23.53</CasesAdmittedToIcuPercent>
      <CasesHospitalised>21</CasesHospitalised>
      <CasesHospitalisedPercent>9.09</CasesHospitalisedPercent>
      <Name>45To54</Name>
      <NumberOfCases>577</NumberOfCases>
    </HspcHospitalised>
    <HspcHospitalised>
      <CasesAdmittedToIcu>3</CasesAdmittedToIcu>
      <CasesAdmittedToIcuPercent>17.65</CasesAdmittedToIcuPercent>
      <CasesHospitalised>38</CasesHospitalised>
      <CasesHospitalisedPercent>16.45</CasesHospitalisedPercent>
      <Name>55To64</Name>
      <NumberOfCases>387</NumberOfCases>
    </HspcHospitalised>
    <HspcHospitalised>
      <CasesAdmittedToIcu>2</CasesAdmittedToIcu>
      <CasesAdmittedToIcuPercent>11.76</CasesAdmittedToIcuPercent>
      <CasesHospitalised>51</CasesHospitalised>
      <CasesHospitalisedPercent>22.08</CasesHospitalisedPercent>
      <Name>65To74</Name>
      <NumberOfCases>207</NumberOfCases>
    </HspcHospitalised>
    <HspcHospitalised>
      <CasesAdmittedToIcu>4</CasesAdmittedToIcu>
      <CasesAdmittedToIcuPercent>23.53</CasesAdmittedToIcuPercent>
      <CasesHospitalised>47</CasesHospitalised>
      <CasesHospitalisedPercent>20.35</CasesHospitalisedPercent>
      <Name>75To84</Name>
      <NumberOfCases>167</NumberOfCases>
    </HspcHospitalised>
    <HspcHospitalised>
      <CasesAdmittedToIcu>1</CasesAdmittedToIcu>
      <CasesAdmittedToIcuPercent>5.88</CasesAdmittedToIcuPercent>
      <CasesHospitalised>30</CasesHospitalised>
      <CasesHospitalisedPercent>12.99</CasesHospitalisedPercent>
      <Name>85Plus</Name>
      <NumberOfCases>129</NumberOfCases>
    </HspcHospitalised>
  </Hospitalised>
  <PreparedDate>2020-12-15T00:00:00</PreparedDate>
  <SexCharacteristics>
    <Female>
      <Absolute>2097</Absolute>
      <Percent>52.01</Percent>
    </Female>
    <Male>
      <Absolute>1928</Absolute>
      <Percent>47.82</Percent>
    </Male>
    <MaleFemaleRatio>0.92</MaleFemaleRatio>
    <Unknown>
      <Absolute>7</Absolute>
      <Percent>0.17</Percent>
    </Unknown>
  </SexCharacteristics>
  <SourceFileName>COVID-19_14_day_epidemiology_report_20201215 -Website.pdf</SourceFileName>
  <SymptomStatusAtTimeOfTestCharacteristics>
    <No>
      <Absolute>982</Absolute>
      <Percent>24.36</Percent>
    </No>
    <Unknown>
      <Absolute>615</Absolute>
      <Percent>15.25</Percent>
    </Unknown>
    <Yes>
      <Absolute>2435</Absolute>
      <Percent>60.39</Percent>
    </Yes>
  </SymptomStatusAtTimeOfTestCharacteristics>
  <ToDate>2020-12-14T00:00:00</ToDate>
  <TotalConfirmedCases>
    <Absolute>4032</Absolute>
    <Percent>100</Percent>
  </TotalConfirmedCases>
  <UnderlyingConditionsCharacteristics>
    <No>
      <Absolute>2284</Absolute>
      <Percent>56.65</Percent>
    </No>
    <Unknown>
      <Absolute>532</Absolute>
      <Percent>13.19</Percent>
    </Unknown>
    <Yes>
      <Absolute>1216</Absolute>
      <Percent>30.16</Percent>
    </Yes>
  </UnderlyingConditionsCharacteristics>
</HspcDailyEpidemiology>