﻿<?xml version="1.0" encoding="utf-8"?>
<HspcDailyEpidemiology xmlns:i="http://www.w3.org/2001/XMLSchema-instance" xmlns="http://schemas.datacontract.org/2004/07/CovidStats.DailyEpidemiology">
  <AgeCharacteristics>
    <Age0To4>
      <Absolute>169</Absolute>
      <Percent>4.04</Percent>
    </Age0To4>
    <Age13To18>
      <Absolute>334</Absolute>
      <Percent>7.98</Percent>
    </Age13To18>
    <Age19To24>
      <Absolute>384</Absolute>
      <Percent>9.18</Percent>
    </Age19To24>
    <Age25To34>
      <Absolute>687</Absolute>
      <Percent>16.42</Percent>
    </Age25To34>
    <Age35To44>
      <Absolute>651</Absolute>
      <Percent>15.56</Percent>
    </Age35To44>
    <Age45To54>
      <Absolute>604</Absolute>
      <Percent>14.43</Percent>
    </Age45To54>
    <Age55To64>
      <Absolute>407</Absolute>
      <Percent>9.73</Percent>
    </Age55To64>
    <Age5To12>
      <Absolute>453</Absolute>
      <Percent>10.82</Percent>
    </Age5To12>
    <Age65To74>
      <Absolute>207</Absolute>
      <Percent>4.95</Percent>
    </Age65To74>
    <Age75To84>
      <Absolute>163</Absolute>
      <Percent>3.89</Percent>
    </Age75To84>
    <Age85Plus>
      <Absolute>126</Absolute>
      <Percent>3.01</Percent>
    </Age85Plus>
    <AgeUnknown>
      <Absolute>0</Absolute>
      <Percent>0</Percent>
    </AgeUnknown>
    <MeanAge>37</MeanAge>
    <MedianAge>36</MedianAge>
  </AgeCharacteristics>
  <CCARates>
    <HspcIncidence>
      <ConfirmedCases>93</ConfirmedCases>
      <IncidencePer100k>68.3</IncidencePer100k>
      <Name>DublinSouth</Name>
    </HspcIncidence>
    <HspcIncidence>
      <ConfirmedCases>202</ConfirmedCases>
      <IncidencePer100k>163.3</IncidencePer100k>
      <Name>DublinSouthEast</Name>
    </HspcIncidence>
    <HspcIncidence>
      <ConfirmedCases>86</ConfirmedCases>
      <IncidencePer100k>57.4</IncidencePer100k>
      <Name>DublinSouthCity</Name>
    </HspcIncidence>
    <HspcIncidence>
      <ConfirmedCases>94</ConfirmedCases>
      <IncidencePer100k>58.4</IncidencePer100k>
      <Name>DublinSouthWest</Name>
    </HspcIncidence>
    <HspcIncidence>
      <ConfirmedCases>130</ConfirmedCases>
      <IncidencePer100k>83.7</IncidencePer100k>
      <Name>DublinWest</Name>
    </HspcIncidence>
    <HspcIncidence>
      <ConfirmedCases>231</ConfirmedCases>
      <IncidencePer100k>111.2</IncidencePer100k>
      <Name>DublinNorthWest</Name>
    </HspcIncidence>
    <HspcIncidence>
      <ConfirmedCases>227</ConfirmedCases>
      <IncidencePer100k>146.8</IncidencePer100k>
      <Name>DublinNorthCentral</Name>
    </HspcIncidence>
    <HspcIncidence>
      <ConfirmedCases>253</ConfirmedCases>
      <IncidencePer100k>97.6</IncidencePer100k>
      <Name>DublinNorth</Name>
    </HspcIncidence>
  </CCARates>
  <CHORates>
    <HspcIncidence>
      <ConfirmedCases>629</ConfirmedCases>
      <IncidencePer100k>160.8</IncidencePer100k>
      <Name>CHO1</Name>
    </HspcIncidence>
    <HspcIncidence>
      <ConfirmedCases>291</ConfirmedCases>
      <IncidencePer100k>64.2</IncidencePer100k>
      <Name>CHO2</Name>
    </HspcIncidence>
    <HspcIncidence>
      <ConfirmedCases>305</ConfirmedCases>
      <IncidencePer100k>79.2</IncidencePer100k>
      <Name>CHO3</Name>
    </HspcIncidence>
    <HspcIncidence>
      <ConfirmedCases>212</ConfirmedCases>
      <IncidencePer100k>30.7</IncidencePer100k>
      <Name>CHO4</Name>
    </HspcIncidence>
    <HspcIncidence>
      <ConfirmedCases>532</ConfirmedCases>
      <IncidencePer100k>104.2</IncidencePer100k>
      <Name>CHO5</Name>
    </HspcIncidence>
    <HspcIncidence>
      <ConfirmedCases>411</ConfirmedCases>
      <IncidencePer100k>107.3</IncidencePer100k>
      <Name>CHO6</Name>
    </HspcIncidence>
    <HspcIncidence>
      <ConfirmedCases>462</ConfirmedCases>
      <IncidencePer100k>65.3</IncidencePer100k>
      <Name>CHO7</Name>
    </HspcIncidence>
    <HspcIncidence>
      <ConfirmedCases>632</ConfirmedCases>
      <IncidencePer100k>102.1</IncidencePer100k>
      <Name>CHO8</Name>
    </HspcIncidence>
    <HspcIncidence>
      <ConfirmedCases>711</ConfirmedCases>
      <IncidencePer100k>114.4</IncidencePer100k>
      <Name>CHO9</Name>
    </HspcIncidence>
  </CHORates>
  <CountyRates>
    <HspcIncidence>
      <ConfirmedCases>391</ConfirmedCases>
      <IncidencePer100k>245.6</IncidencePer100k>
      <Name>Donegal</Name>
    </HspcIncidence>
    <HspcIncidence>
      <ConfirmedCases>260</ConfirmedCases>
      <IncidencePer100k>201.7</IncidencePer100k>
      <Name>Louth</Name>
    </HspcIncidence>
    <HspcIncidence>
      <ConfirmedCases>196</ConfirmedCases>
      <IncidencePer100k>197.5</IncidencePer100k>
      <Name>Kilkenny</Name>
    </HspcIncidence>
    <HspcIncidence>
      <ConfirmedCases>89</ConfirmedCases>
      <IncidencePer100k>156.3</IncidencePer100k>
      <Name>Carlow</Name>
    </HspcIncidence>
    <HspcIncidence>
      <ConfirmedCases>112</ConfirmedCases>
      <IncidencePer100k>147.0</IncidencePer100k>
      <Name>Cavan</Name>
    </HspcIncidence>
    <HspcIncidence>
      <ConfirmedCases>56</ConfirmedCases>
      <IncidencePer100k>137.0</IncidencePer100k>
      <Name>Longford</Name>
    </HspcIncidence>
    <HspcIncidence>
      <ConfirmedCases>84</ConfirmedCases>
      <IncidencePer100k>136.8</IncidencePer100k>
      <Name>Monaghan</Name>
    </HspcIncidence>
    <HspcIncidence>
      <ConfirmedCases>239</ConfirmedCases>
      <IncidencePer100k>122.6</IncidencePer100k>
      <Name>Limerick</Name>
    </HspcIncidence>
    <HspcIncidence>
      <ConfirmedCases>96</ConfirmedCases>
      <IncidencePer100k>113.3</IncidencePer100k>
      <Name>Laois</Name>
    </HspcIncidence>
    <HspcIncidence>
      <ConfirmedCases>137</ConfirmedCases>
      <IncidencePer100k>105.0</IncidencePer100k>
      <Name>Mayo</Name>
    </HspcIncidence>
    <HspcIncidence>
      <ConfirmedCases>1316</ConfirmedCases>
      <IncidencePer100k>97.7</IncidencePer100k>
      <Name>Dublin</Name>
    </HspcIncidence>
    <HspcIncidence>
      <ConfirmedCases>117</ConfirmedCases>
      <IncidencePer100k>82.1</IncidencePer100k>
      <Name>Wicklow</Name>
    </HspcIncidence>
    <HspcIncidence>
      <ConfirmedCases>92</ConfirmedCases>
      <IncidencePer100k>79.2</IncidencePer100k>
      <Name>Waterford</Name>
    </HspcIncidence>
    <HspcIncidence>
      <ConfirmedCases>61</ConfirmedCases>
      <IncidencePer100k>78.2</IncidencePer100k>
      <Name>Offaly</Name>
    </HspcIncidence>
    <HspcIncidence>
      <ConfirmedCases>151</ConfirmedCases>
      <IncidencePer100k>67.9</IncidencePer100k>
      <Name>Kildare</Name>
    </HspcIncidence>
    <HspcIncidence>
      <ConfirmedCases>108</ConfirmedCases>
      <IncidencePer100k>67.7</IncidencePer100k>
      <Name>Tipperary</Name>
    </HspcIncidence>
    <HspcIncidence>
      <ConfirmedCases>128</ConfirmedCases>
      <IncidencePer100k>65.6</IncidencePer100k>
      <Name>Meath</Name>
    </HspcIncidence>
    <HspcIncidence>
      <ConfirmedCases>85</ConfirmedCases>
      <IncidencePer100k>56.8</IncidencePer100k>
      <Name>Wexford</Name>
    </HspcIncidence>
    <HspcIncidence>
      <ConfirmedCases>33</ConfirmedCases>
      <IncidencePer100k>50.4</IncidencePer100k>
      <Name>Sligo</Name>
    </HspcIncidence>
    <HspcIncidence>
      <ConfirmedCases>129</ConfirmedCases>
      <IncidencePer100k>50.0</IncidencePer100k>
      <Name>Galway</Name>
    </HspcIncidence>
    <HspcIncidence>
      <ConfirmedCases>62</ConfirmedCases>
      <IncidencePer100k>42.0</IncidencePer100k>
      <Name>Kerry</Name>
    </HspcIncidence>
    <HspcIncidence>
      <ConfirmedCases>25</ConfirmedCases>
      <IncidencePer100k>38.7</IncidencePer100k>
      <Name>Roscommon</Name>
    </HspcIncidence>
    <HspcIncidence>
      <ConfirmedCases>31</ConfirmedCases>
      <IncidencePer100k>34.9</IncidencePer100k>
      <Name>Westmeath</Name>
    </HspcIncidence>
    <HspcIncidence>
      <ConfirmedCases>9</ConfirmedCases>
      <IncidencePer100k>28.1</IncidencePer100k>
      <Name>Leitrim</Name>
    </HspcIncidence>
    <HspcIncidence>
      <ConfirmedCases>150</ConfirmedCases>
      <IncidencePer100k>27.6</IncidencePer100k>
      <Name>Cork</Name>
    </HspcIncidence>
    <HspcIncidence>
      <ConfirmedCases>28</ConfirmedCases>
      <IncidencePer100k>23.6</IncidencePer100k>
      <Name>Clare</Name>
    </HspcIncidence>
  </CountyRates>
  <FromDate>2020-12-02T00:00:00</FromDate>
  <Hospitalised>
    <HspcHospitalised>
      <CasesAdmittedToIcu>0</CasesAdmittedToIcu>
      <CasesAdmittedToIcuPercent>0</CasesAdmittedToIcuPercent>
      <CasesHospitalised>2</CasesHospitalised>
      <CasesHospitalisedPercent>0.896860987</CasesHospitalisedPercent>
      <Name>0To4</Name>
      <NumberOfCases>169</NumberOfCases>
    </HspcHospitalised>
    <HspcHospitalised>
      <CasesAdmittedToIcu>0</CasesAdmittedToIcu>
      <CasesAdmittedToIcuPercent>0</CasesAdmittedToIcuPercent>
      <CasesHospitalised>2</CasesHospitalised>
      <CasesHospitalisedPercent>0.896860987</CasesHospitalisedPercent>
      <Name>5To12</Name>
      <NumberOfCases>453</NumberOfCases>
    </HspcHospitalised>
    <HspcHospitalised>
      <CasesAdmittedToIcu>0</CasesAdmittedToIcu>
      <CasesAdmittedToIcuPercent>0</CasesAdmittedToIcuPercent>
      <CasesHospitalised>6</CasesHospitalised>
      <CasesHospitalisedPercent>2.69058296</CasesHospitalisedPercent>
      <Name>13To18</Name>
      <NumberOfCases>334</NumberOfCases>
    </HspcHospitalised>
    <HspcHospitalised>
      <CasesAdmittedToIcu>0</CasesAdmittedToIcu>
      <CasesAdmittedToIcuPercent>0</CasesAdmittedToIcuPercent>
      <CasesHospitalised>5</CasesHospitalised>
      <CasesHospitalisedPercent>2.242152466</CasesHospitalisedPercent>
      <Name>19To24</Name>
      <NumberOfCases>384</NumberOfCases>
    </HspcHospitalised>
    <HspcHospitalised>
      <CasesAdmittedToIcu>1</CasesAdmittedToIcu>
      <CasesAdmittedToIcuPercent>7.142857143</CasesAdmittedToIcuPercent>
      <CasesHospitalised>13</CasesHospitalised>
      <CasesHospitalisedPercent>5.829596413</CasesHospitalisedPercent>
      <Name>25To34</Name>
      <NumberOfCases>687</NumberOfCases>
    </HspcHospitalised>
    <HspcHospitalised>
      <CasesAdmittedToIcu>2</CasesAdmittedToIcu>
      <CasesAdmittedToIcuPercent>14.28571429</CasesAdmittedToIcuPercent>
      <CasesHospitalised>13</CasesHospitalised>
      <CasesHospitalisedPercent>5.829596413</CasesHospitalisedPercent>
      <Name>35To44</Name>
      <NumberOfCases>651</NumberOfCases>
    </HspcHospitalised>
    <HspcHospitalised>
      <CasesAdmittedToIcu>3</CasesAdmittedToIcu>
      <CasesAdmittedToIcuPercent>21.42857143</CasesAdmittedToIcuPercent>
      <CasesHospitalised>20</CasesHospitalised>
      <CasesHospitalisedPercent>8.968609865</CasesHospitalisedPercent>
      <Name>45To54</Name>
      <NumberOfCases>604</NumberOfCases>
    </HspcHospitalised>
    <HspcHospitalised>
      <CasesAdmittedToIcu>2</CasesAdmittedToIcu>
      <CasesAdmittedToIcuPercent>14.28571429</CasesAdmittedToIcuPercent>
      <CasesHospitalised>36</CasesHospitalised>
      <CasesHospitalisedPercent>16.14349776</CasesHospitalisedPercent>
      <Name>55To64</Name>
      <NumberOfCases>407</NumberOfCases>
    </HspcHospitalised>
    <HspcHospitalised>
      <CasesAdmittedToIcu>2</CasesAdmittedToIcu>
      <CasesAdmittedToIcuPercent>14.28571429</CasesAdmittedToIcuPercent>
      <CasesHospitalised>53</CasesHospitalised>
      <CasesHospitalisedPercent>23.76681614</CasesHospitalisedPercent>
      <Name>65To74</Name>
      <NumberOfCases>207</NumberOfCases>
    </HspcHospitalised>
    <HspcHospitalised>
      <CasesAdmittedToIcu>3</CasesAdmittedToIcu>
      <CasesAdmittedToIcuPercent>21.42857143</CasesAdmittedToIcuPercent>
      <CasesHospitalised>45</CasesHospitalised>
      <CasesHospitalisedPercent>20.1793722</CasesHospitalisedPercent>
      <Name>75To84</Name>
      <NumberOfCases>163</NumberOfCases>
    </HspcHospitalised>
    <HspcHospitalised>
      <CasesAdmittedToIcu>1</CasesAdmittedToIcu>
      <CasesAdmittedToIcuPercent>7.142857143</CasesAdmittedToIcuPercent>
      <CasesHospitalised>28</CasesHospitalised>
      <CasesHospitalisedPercent>12.55605381</CasesHospitalisedPercent>
      <Name>85Plus</Name>
      <NumberOfCases>126</NumberOfCases>
    </HspcHospitalised>
  </Hospitalised>
  <PreparedDate>2020-12-16T00:00:00</PreparedDate>
  <SexCharacteristics>
    <Female>
      <Absolute>2206</Absolute>
      <Percent>52.71</Percent>
    </Female>
    <Male>
      <Absolute>1970</Absolute>
      <Percent>47.07</Percent>
    </Male>
    <MaleFemaleRatio>0.89</MaleFemaleRatio>
    <Unknown>
      <Absolute>9</Absolute>
      <Percent>0.22</Percent>
    </Unknown>
  </SexCharacteristics>
  <SourceFileName>COVID-19_14_day_epidemiology_report_20201216 - website.pdf</SourceFileName>
  <SymptomStatusAtTimeOfTestCharacteristics>
    <No>
      <Absolute>1042</Absolute>
      <Percent>24.9</Percent>
    </No>
    <Unknown>
      <Absolute>645</Absolute>
      <Percent>15.41</Percent>
    </Unknown>
    <Yes>
      <Absolute>2498</Absolute>
      <Percent>59.69</Percent>
    </Yes>
  </SymptomStatusAtTimeOfTestCharacteristics>
  <ToDate>2020-12-15T00:00:00</ToDate>
  <TotalConfirmedCases>
    <Absolute>4185</Absolute>
    <Percent>100</Percent>
  </TotalConfirmedCases>
  <UnderlyingConditionsCharacteristics>
    <No>
      <Absolute>2391</Absolute>
      <Percent>57.13</Percent>
    </No>
    <Unknown>
      <Absolute>563</Absolute>
      <Percent>13.45</Percent>
    </Unknown>
    <Yes>
      <Absolute>1231</Absolute>
      <Percent>29.41</Percent>
    </Yes>
  </UnderlyingConditionsCharacteristics>
</HspcDailyEpidemiology>