﻿<?xml version="1.0" encoding="utf-8"?>
<HspcDailyEpidemiology xmlns:i="http://www.w3.org/2001/XMLSchema-instance" xmlns="http://schemas.datacontract.org/2004/07/CovidStats.DailyEpidemiology">
  <AgeCharacteristics>
    <Age0To4>
      <Absolute>1367</Absolute>
      <Percent>2.04</Percent>
    </Age0To4>
    <Age13To18>
      <Absolute>4121</Absolute>
      <Percent>6.14</Percent>
    </Age13To18>
    <Age19To24>
      <Absolute>9792</Absolute>
      <Percent>14.58</Percent>
    </Age19To24>
    <Age25To34>
      <Absolute>13145</Absolute>
      <Percent>19.57</Percent>
    </Age25To34>
    <Age35To44>
      <Absolute>10713</Absolute>
      <Percent>15.95</Percent>
    </Age35To44>
    <Age45To54>
      <Absolute>10063</Absolute>
      <Percent>14.98</Percent>
    </Age45To54>
    <Age55To64>
      <Absolute>8398</Absolute>
      <Percent>12.51</Percent>
    </Age55To64>
    <Age5To12>
      <Absolute>2451</Absolute>
      <Percent>3.65</Percent>
    </Age5To12>
    <Age65To74>
      <Absolute>3815</Absolute>
      <Percent>5.68</Percent>
    </Age65To74>
    <Age75To84>
      <Absolute>2035</Absolute>
      <Percent>3.03</Percent>
    </Age75To84>
    <Age85Plus>
      <Absolute>1247</Absolute>
      <Percent>1.86</Percent>
    </Age85Plus>
    <AgeUnknown>
      <Absolute>10</Absolute>
      <Percent>0.01</Percent>
    </AgeUnknown>
    <MeanAge>39</MeanAge>
    <MedianAge>37</MedianAge>
  </AgeCharacteristics>
  <CCARates>
    <HspcIncidence>
      <ConfirmedCases>1448</ConfirmedCases>
      <IncidencePer100k>1064.1</IncidencePer100k>
      <Name>DublinSouth</Name>
    </HspcIncidence>
    <HspcIncidence>
      <ConfirmedCases>2869</ConfirmedCases>
      <IncidencePer100k>2319.2</IncidencePer100k>
      <Name>DublinSouthEast</Name>
    </HspcIncidence>
    <HspcIncidence>
      <ConfirmedCases>1852</ConfirmedCases>
      <IncidencePer100k>1235.2</IncidencePer100k>
      <Name>DublinSouthCity</Name>
    </HspcIncidence>
    <HspcIncidence>
      <ConfirmedCases>2384</ConfirmedCases>
      <IncidencePer100k>1481.7</IncidencePer100k>
      <Name>DublinSouthWest</Name>
    </HspcIncidence>
    <HspcIncidence>
      <ConfirmedCases>2330</ConfirmedCases>
      <IncidencePer100k>1499.9</IncidencePer100k>
      <Name>DublinWest</Name>
    </HspcIncidence>
    <HspcIncidence>
      <ConfirmedCases>3949</ConfirmedCases>
      <IncidencePer100k>1901.6</IncidencePer100k>
      <Name>DublinNorthWest</Name>
    </HspcIncidence>
    <HspcIncidence>
      <ConfirmedCases>3036</ConfirmedCases>
      <IncidencePer100k>1964.0</IncidencePer100k>
      <Name>DublinNorthCentral</Name>
    </HspcIncidence>
    <HspcIncidence>
      <ConfirmedCases>3363</ConfirmedCases>
      <IncidencePer100k>1297.7</IncidencePer100k>
      <Name>DublinNorth</Name>
    </HspcIncidence>
  </CCARates>
  <CHORates>
    <HspcIncidence>
      <ConfirmedCases>6107</ConfirmedCases>
      <IncidencePer100k>1560.8</IncidencePer100k>
      <Name>CHO1</Name>
    </HspcIncidence>
    <HspcIncidence>
      <ConfirmedCases>5398</ConfirmedCases>
      <IncidencePer100k>1191.3</IncidencePer100k>
      <Name>CHO2</Name>
    </HspcIncidence>
    <HspcIncidence>
      <ConfirmedCases>6389</ConfirmedCases>
      <IncidencePer100k>1659.5</IncidencePer100k>
      <Name>CHO3</Name>
    </HspcIncidence>
    <HspcIncidence>
      <ConfirmedCases>9484</ConfirmedCases>
      <IncidencePer100k>1373.3</IncidencePer100k>
      <Name>CHO4</Name>
    </HspcIncidence>
    <HspcIncidence>
      <ConfirmedCases>7358</ConfirmedCases>
      <IncidencePer100k>1441.8</IncidencePer100k>
      <Name>CHO5</Name>
    </HspcIncidence>
    <HspcIncidence>
      <ConfirmedCases>5251</ConfirmedCases>
      <IncidencePer100k>1370.4</IncidencePer100k>
      <Name>CHO6</Name>
    </HspcIncidence>
    <HspcIncidence>
      <ConfirmedCases>8892</ConfirmedCases>
      <IncidencePer100k>1256.4</IncidencePer100k>
      <Name>CHO7</Name>
    </HspcIncidence>
    <HspcIncidence>
      <ConfirmedCases>7886</ConfirmedCases>
      <IncidencePer100k>1273.4</IncidencePer100k>
      <Name>CHO8</Name>
    </HspcIncidence>
    <HspcIncidence>
      <ConfirmedCases>10348</ConfirmedCases>
      <IncidencePer100k>1665.3</IncidencePer100k>
      <Name>CHO9</Name>
    </HspcIncidence>
  </CHORates>
  <CountyRates>
    <HspcIncidence>
      <ConfirmedCases>1627</ConfirmedCases>
      <IncidencePer100k>2650.4</IncidencePer100k>
      <Name>Monaghan</Name>
    </HspcIncidence>
    <HspcIncidence>
      <ConfirmedCases>2967</ConfirmedCases>
      <IncidencePer100k>2302.1</IncidencePer100k>
      <Name>Louth</Name>
    </HspcIncidence>
    <HspcIncidence>
      <ConfirmedCases>3955</ConfirmedCases>
      <IncidencePer100k>2029.3</IncidencePer100k>
      <Name>Limerick</Name>
    </HspcIncidence>
    <HspcIncidence>
      <ConfirmedCases>2030</ConfirmedCases>
      <IncidencePer100k>1747.3</IncidencePer100k>
      <Name>Waterford</Name>
    </HspcIncidence>
    <HspcIncidence>
      <ConfirmedCases>2536</ConfirmedCases>
      <IncidencePer100k>1693.8</IncidencePer100k>
      <Name>Wexford</Name>
    </HspcIncidence>
    <HspcIncidence>
      <ConfirmedCases>2095</ConfirmedCases>
      <IncidencePer100k>1605.3</IncidencePer100k>
      <Name>Mayo</Name>
    </HspcIncidence>
    <HspcIncidence>
      <ConfirmedCases>21257</ConfirmedCases>
      <IncidencePer100k>1577.7</IncidencePer100k>
      <Name>Dublin</Name>
    </HspcIncidence>
    <HspcIncidence>
      <ConfirmedCases>860</ConfirmedCases>
      <IncidencePer100k>1510.6</IncidencePer100k>
      <Name>Carlow</Name>
    </HspcIncidence>
    <HspcIncidence>
      <ConfirmedCases>1142</ConfirmedCases>
      <IncidencePer100k>1499.2</IncidencePer100k>
      <Name>Cavan</Name>
    </HspcIncidence>
    <HspcIncidence>
      <ConfirmedCases>1780</ConfirmedCases>
      <IncidencePer100k>1498.1</IncidencePer100k>
      <Name>Clare</Name>
    </HspcIncidence>
    <HspcIncidence>
      <ConfirmedCases>2373</ConfirmedCases>
      <IncidencePer100k>1490.7</IncidencePer100k>
      <Name>Donegal</Name>
    </HspcIncidence>
    <HspcIncidence>
      <ConfirmedCases>7877</ConfirmedCases>
      <IncidencePer100k>1451.0</IncidencePer100k>
      <Name>Cork</Name>
    </HspcIncidence>
    <HspcIncidence>
      <ConfirmedCases>2337</ConfirmedCases>
      <IncidencePer100k>1198.2</IncidencePer100k>
      <Name>Meath</Name>
    </HspcIncidence>
    <HspcIncidence>
      <ConfirmedCases>1187</ConfirmedCases>
      <IncidencePer100k>1196.2</IncidencePer100k>
      <Name>Kilkenny</Name>
    </HspcIncidence>
    <HspcIncidence>
      <ConfirmedCases>747</ConfirmedCases>
      <IncidencePer100k>1139.8</IncidencePer100k>
      <Name>Sligo</Name>
    </HspcIncidence>
    <HspcIncidence>
      <ConfirmedCases>1607</ConfirmedCases>
      <IncidencePer100k>1088.0</IncidencePer100k>
      <Name>Kerry</Name>
    </HspcIncidence>
    <HspcIncidence>
      <ConfirmedCases>2668</ConfirmedCases>
      <IncidencePer100k>1033.9</IncidencePer100k>
      <Name>Galway</Name>
    </HspcIncidence>
    <HspcIncidence>
      <ConfirmedCases>2298</ConfirmedCases>
      <IncidencePer100k>1032.8</IncidencePer100k>
      <Name>Kildare</Name>
    </HspcIncidence>
    <HspcIncidence>
      <ConfirmedCases>635</ConfirmedCases>
      <IncidencePer100k>983.8</IncidencePer100k>
      <Name>Roscommon</Name>
    </HspcIncidence>
    <HspcIncidence>
      <ConfirmedCases>744</ConfirmedCases>
      <IncidencePer100k>954.3</IncidencePer100k>
      <Name>Offaly</Name>
    </HspcIncidence>
    <HspcIncidence>
      <ConfirmedCases>375</ConfirmedCases>
      <IncidencePer100k>917.5</IncidencePer100k>
      <Name>Longford</Name>
    </HspcIncidence>
    <HspcIncidence>
      <ConfirmedCases>774</ConfirmedCases>
      <IncidencePer100k>913.8</IncidencePer100k>
      <Name>Laois</Name>
    </HspcIncidence>
    <HspcIncidence>
      <ConfirmedCases>1446</ConfirmedCases>
      <IncidencePer100k>906.3</IncidencePer100k>
      <Name>Tipperary</Name>
    </HspcIncidence>
    <HspcIncidence>
      <ConfirmedCases>650</ConfirmedCases>
      <IncidencePer100k>732.2</IncidencePer100k>
      <Name>Westmeath</Name>
    </HspcIncidence>
    <HspcIncidence>
      <ConfirmedCases>227</ConfirmedCases>
      <IncidencePer100k>708.4</IncidencePer100k>
      <Name>Leitrim</Name>
    </HspcIncidence>
    <HspcIncidence>
      <ConfirmedCases>963</ConfirmedCases>
      <IncidencePer100k>676.1</IncidencePer100k>
      <Name>Wicklow</Name>
    </HspcIncidence>
  </CountyRates>
  <FromDate>2020-12-29T00:00:00</FromDate>
  <Hospitalised>
    <HspcHospitalised>
      <CasesAdmittedToIcu>1</CasesAdmittedToIcu>
      <CasesAdmittedToIcuPercent>1.05</CasesAdmittedToIcuPercent>
      <CasesHospitalised>23</CasesHospitalised>
      <CasesHospitalisedPercent>1.35</CasesHospitalisedPercent>
      <Name>0To4</Name>
      <NumberOfCases>1367</NumberOfCases>
    </HspcHospitalised>
    <HspcHospitalised>
      <CasesAdmittedToIcu>1</CasesAdmittedToIcu>
      <CasesAdmittedToIcuPercent>1.05</CasesAdmittedToIcuPercent>
      <CasesHospitalised>5</CasesHospitalised>
      <CasesHospitalisedPercent>0.29</CasesHospitalisedPercent>
      <Name>5To12</Name>
      <NumberOfCases>2451</NumberOfCases>
    </HspcHospitalised>
    <HspcHospitalised>
      <CasesAdmittedToIcu>1</CasesAdmittedToIcu>
      <CasesAdmittedToIcuPercent>1.05</CasesAdmittedToIcuPercent>
      <CasesHospitalised>23</CasesHospitalised>
      <CasesHospitalisedPercent>1.35</CasesHospitalisedPercent>
      <Name>13To18</Name>
      <NumberOfCases>4121</NumberOfCases>
    </HspcHospitalised>
    <HspcHospitalised>
      <CasesAdmittedToIcu>0</CasesAdmittedToIcu>
      <CasesAdmittedToIcuPercent>0</CasesAdmittedToIcuPercent>
      <CasesHospitalised>62</CasesHospitalised>
      <CasesHospitalisedPercent>3.65</CasesHospitalisedPercent>
      <Name>19To24</Name>
      <NumberOfCases>9792</NumberOfCases>
    </HspcHospitalised>
    <HspcHospitalised>
      <CasesAdmittedToIcu>3</CasesAdmittedToIcu>
      <CasesAdmittedToIcuPercent>3.16</CasesAdmittedToIcuPercent>
      <CasesHospitalised>134</CasesHospitalised>
      <CasesHospitalisedPercent>7.89</CasesHospitalisedPercent>
      <Name>25To34</Name>
      <NumberOfCases>13145</NumberOfCases>
    </HspcHospitalised>
    <HspcHospitalised>
      <CasesAdmittedToIcu>4</CasesAdmittedToIcu>
      <CasesAdmittedToIcuPercent>4.21</CasesAdmittedToIcuPercent>
      <CasesHospitalised>139</CasesHospitalised>
      <CasesHospitalisedPercent>8.18</CasesHospitalisedPercent>
      <Name>35To44</Name>
      <NumberOfCases>10713</NumberOfCases>
    </HspcHospitalised>
    <HspcHospitalised>
      <CasesAdmittedToIcu>14</CasesAdmittedToIcu>
      <CasesAdmittedToIcuPercent>14.74</CasesAdmittedToIcuPercent>
      <CasesHospitalised>168</CasesHospitalised>
      <CasesHospitalisedPercent>9.89</CasesHospitalisedPercent>
      <Name>45To54</Name>
      <NumberOfCases>10063</NumberOfCases>
    </HspcHospitalised>
    <HspcHospitalised>
      <CasesAdmittedToIcu>27</CasesAdmittedToIcu>
      <CasesAdmittedToIcuPercent>28.42</CasesAdmittedToIcuPercent>
      <CasesHospitalised>212</CasesHospitalised>
      <CasesHospitalisedPercent>12.48</CasesHospitalisedPercent>
      <Name>55To64</Name>
      <NumberOfCases>8398</NumberOfCases>
    </HspcHospitalised>
    <HspcHospitalised>
      <CasesAdmittedToIcu>28</CasesAdmittedToIcu>
      <CasesAdmittedToIcuPercent>29.47</CasesAdmittedToIcuPercent>
      <CasesHospitalised>310</CasesHospitalised>
      <CasesHospitalisedPercent>18.25</CasesHospitalisedPercent>
      <Name>65To74</Name>
      <NumberOfCases>3815</NumberOfCases>
    </HspcHospitalised>
    <HspcHospitalised>
      <CasesAdmittedToIcu>15</CasesAdmittedToIcu>
      <CasesAdmittedToIcuPercent>15.79</CasesAdmittedToIcuPercent>
      <CasesHospitalised>370</CasesHospitalised>
      <CasesHospitalisedPercent>21.78</CasesHospitalisedPercent>
      <Name>75To84</Name>
      <NumberOfCases>2035</NumberOfCases>
    </HspcHospitalised>
    <HspcHospitalised>
      <CasesAdmittedToIcu>1</CasesAdmittedToIcu>
      <CasesAdmittedToIcuPercent>1.05</CasesAdmittedToIcuPercent>
      <CasesHospitalised>253</CasesHospitalised>
      <CasesHospitalisedPercent>14.89</CasesHospitalisedPercent>
      <Name>85Plus</Name>
      <NumberOfCases>1247</NumberOfCases>
    </HspcHospitalised>
    <HspcHospitalised>
      <CasesAdmittedToIcu>0</CasesAdmittedToIcu>
      <CasesAdmittedToIcuPercent>0</CasesAdmittedToIcuPercent>
      <CasesHospitalised>0</CasesHospitalised>
      <CasesHospitalisedPercent>0</CasesHospitalisedPercent>
      <Name>Unknown</Name>
      <NumberOfCases>10</NumberOfCases>
    </HspcHospitalised>
  </Hospitalised>
  <PreparedDate>2021-01-12T00:00:00</PreparedDate>
  <SexCharacteristics>
    <Female>
      <Absolute>35118</Absolute>
      <Percent>52.29</Percent>
    </Female>
    <Male>
      <Absolute>31858</Absolute>
      <Percent>47.44</Percent>
    </Male>
    <MaleFemaleRatio>0.91</MaleFemaleRatio>
    <Unknown>
      <Absolute>181</Absolute>
      <Percent>0.27</Percent>
    </Unknown>
  </SexCharacteristics>
  <SourceFileName>COVID-19_14_day_epidemiology_WEB report_20210112_v1.pdf</SourceFileName>
  <SymptomStatusAtTimeOfTestCharacteristics>
    <No i:nil="true" />
    <Unknown i:nil="true" />
    <Yes i:nil="true" />
  </SymptomStatusAtTimeOfTestCharacteristics>
  <ToDate>2021-01-11T00:00:00</ToDate>
  <TotalConfirmedCases>
    <Absolute>67157</Absolute>
    <Percent>100</Percent>
  </TotalConfirmedCases>
  <UnderlyingConditionsCharacteristics>
    <No i:nil="true" />
    <Unknown i:nil="true" />
    <Yes i:nil="true" />
  </UnderlyingConditionsCharacteristics>
</HspcDailyEpidemiology>