﻿<?xml version="1.0" encoding="utf-8"?>
<HspcDailyEpidemiology xmlns:i="http://www.w3.org/2001/XMLSchema-instance" xmlns="http://schemas.datacontract.org/2004/07/CovidStats.DailyEpidemiology">
  <AgeCharacteristics>
    <Age0To4>
      <Absolute>927</Absolute>
      <Percent>2.38</Percent>
    </Age0To4>
    <Age13To18>
      <Absolute>2375</Absolute>
      <Percent>6.09</Percent>
    </Age13To18>
    <Age19To24>
      <Absolute>6106</Absolute>
      <Percent>15.65</Percent>
    </Age19To24>
    <Age25To34>
      <Absolute>7913</Absolute>
      <Percent>20.29</Percent>
    </Age25To34>
    <Age35To44>
      <Absolute>5997</Absolute>
      <Percent>15.37</Percent>
    </Age35To44>
    <Age45To54>
      <Absolute>5583</Absolute>
      <Percent>14.31</Percent>
    </Age45To54>
    <Age55To64>
      <Absolute>4690</Absolute>
      <Percent>12.02</Percent>
    </Age55To64>
    <Age5To12>
      <Absolute>1698</Absolute>
      <Percent>4.35</Percent>
    </Age5To12>
    <Age65To74>
      <Absolute>2076</Absolute>
      <Percent>5.32</Percent>
    </Age65To74>
    <Age75To84>
      <Absolute>1046</Absolute>
      <Percent>2.68</Percent>
    </Age75To84>
    <Age85Plus>
      <Absolute>590</Absolute>
      <Percent>1.51</Percent>
    </Age85Plus>
    <AgeUnknown>
      <Absolute>4</Absolute>
      <Percent>0.01</Percent>
    </AgeUnknown>
    <MeanAge>38</MeanAge>
    <MedianAge>35</MedianAge>
  </AgeCharacteristics>
  <CCARates>
    <HspcIncidence>
      <ConfirmedCases>916</ConfirmedCases>
      <IncidencePer100k>673.2</IncidencePer100k>
      <Name>DublinSouth</Name>
    </HspcIncidence>
    <HspcIncidence>
      <ConfirmedCases>1949</ConfirmedCases>
      <IncidencePer100k>1575.5</IncidencePer100k>
      <Name>DublinSouthEast</Name>
    </HspcIncidence>
    <HspcIncidence>
      <ConfirmedCases>1190</ConfirmedCases>
      <IncidencePer100k>793.7</IncidencePer100k>
      <Name>DublinSouthCity</Name>
    </HspcIncidence>
    <HspcIncidence>
      <ConfirmedCases>1428</ConfirmedCases>
      <IncidencePer100k>887.5</IncidencePer100k>
      <Name>DublinSouthWest</Name>
    </HspcIncidence>
    <HspcIncidence>
      <ConfirmedCases>1265</ConfirmedCases>
      <IncidencePer100k>814.3</IncidencePer100k>
      <Name>DublinWest</Name>
    </HspcIncidence>
    <HspcIncidence>
      <ConfirmedCases>2211</ConfirmedCases>
      <IncidencePer100k>1064.7</IncidencePer100k>
      <Name>DublinNorthWest</Name>
    </HspcIncidence>
    <HspcIncidence>
      <ConfirmedCases>1954</ConfirmedCases>
      <IncidencePer100k>1264.0</IncidencePer100k>
      <Name>DublinNorthCentral</Name>
    </HspcIncidence>
    <HspcIncidence>
      <ConfirmedCases>1953</ConfirmedCases>
      <IncidencePer100k>753.6</IncidencePer100k>
      <Name>DublinNorth</Name>
    </HspcIncidence>
  </CCARates>
  <CHORates>
    <HspcIncidence>
      <ConfirmedCases>4173</ConfirmedCases>
      <IncidencePer100k>1066.5</IncidencePer100k>
      <Name>CHO1</Name>
    </HspcIncidence>
    <HspcIncidence>
      <ConfirmedCases>2680</ConfirmedCases>
      <IncidencePer100k>591.5</IncidencePer100k>
      <Name>CHO2</Name>
    </HspcIncidence>
    <HspcIncidence>
      <ConfirmedCases>3591</ConfirmedCases>
      <IncidencePer100k>932.7</IncidencePer100k>
      <Name>CHO3</Name>
    </HspcIncidence>
    <HspcIncidence>
      <ConfirmedCases>5494</ConfirmedCases>
      <IncidencePer100k>795.6</IncidencePer100k>
      <Name>CHO4</Name>
    </HspcIncidence>
    <HspcIncidence>
      <ConfirmedCases>3009</ConfirmedCases>
      <IncidencePer100k>589.6</IncidencePer100k>
      <Name>CHO5</Name>
    </HspcIncidence>
    <HspcIncidence>
      <ConfirmedCases>3392</ConfirmedCases>
      <IncidencePer100k>885.2</IncidencePer100k>
      <Name>CHO6</Name>
    </HspcIncidence>
    <HspcIncidence>
      <ConfirmedCases>5323</ConfirmedCases>
      <IncidencePer100k>752.1</IncidencePer100k>
      <Name>CHO7</Name>
    </HspcIncidence>
    <HspcIncidence>
      <ConfirmedCases>5200</ConfirmedCases>
      <IncidencePer100k>839.7</IncidencePer100k>
      <Name>CHO8</Name>
    </HspcIncidence>
    <HspcIncidence>
      <ConfirmedCases>6118</ConfirmedCases>
      <IncidencePer100k>984.5</IncidencePer100k>
      <Name>CHO9</Name>
    </HspcIncidence>
  </CHORates>
  <CountyRates>
    <HspcIncidence>
      <ConfirmedCases>1006</ConfirmedCases>
      <IncidencePer100k>1638.8</IncidencePer100k>
      <Name>Monaghan</Name>
    </HspcIncidence>
    <HspcIncidence>
      <ConfirmedCases>1970</ConfirmedCases>
      <IncidencePer100k>1528.5</IncidencePer100k>
      <Name>Louth</Name>
    </HspcIncidence>
    <HspcIncidence>
      <ConfirmedCases>2441</ConfirmedCases>
      <IncidencePer100k>1252.4</IncidencePer100k>
      <Name>Limerick</Name>
    </HspcIncidence>
    <HspcIncidence>
      <ConfirmedCases>1676</ConfirmedCases>
      <IncidencePer100k>1052.8</IncidencePer100k>
      <Name>Donegal</Name>
    </HspcIncidence>
    <HspcIncidence>
      <ConfirmedCases>772</ConfirmedCases>
      <IncidencePer100k>1013.4</IncidencePer100k>
      <Name>Cavan</Name>
    </HspcIncidence>
    <HspcIncidence>
      <ConfirmedCases>12870</ConfirmedCases>
      <IncidencePer100k>955.2</IncidencePer100k>
      <Name>Dublin</Name>
    </HspcIncidence>
    <HspcIncidence>
      <ConfirmedCases>568</ConfirmedCases>
      <IncidencePer100k>866.7</IncidencePer100k>
      <Name>Sligo</Name>
    </HspcIncidence>
    <HspcIncidence>
      <ConfirmedCases>4429</ConfirmedCases>
      <IncidencePer100k>815.9</IncidencePer100k>
      <Name>Cork</Name>
    </HspcIncidence>
    <HspcIncidence>
      <ConfirmedCases>1055</ConfirmedCases>
      <IncidencePer100k>808.4</IncidencePer100k>
      <Name>Mayo</Name>
    </HspcIncidence>
    <HspcIncidence>
      <ConfirmedCases>1482</ConfirmedCases>
      <IncidencePer100k>759.8</IncidencePer100k>
      <Name>Meath</Name>
    </HspcIncidence>
    <HspcIncidence>
      <ConfirmedCases>1066</ConfirmedCases>
      <IncidencePer100k>721.7</IncidencePer100k>
      <Name>Kerry</Name>
    </HspcIncidence>
    <HspcIncidence>
      <ConfirmedCases>1030</ConfirmedCases>
      <IncidencePer100k>687.9</IncidencePer100k>
      <Name>Wexford</Name>
    </HspcIncidence>
    <HspcIncidence>
      <ConfirmedCases>810</ConfirmedCases>
      <IncidencePer100k>681.7</IncidencePer100k>
      <Name>Clare</Name>
    </HspcIncidence>
    <HspcIncidence>
      <ConfirmedCases>379</ConfirmedCases>
      <IncidencePer100k>665.7</IncidencePer100k>
      <Name>Carlow</Name>
    </HspcIncidence>
    <HspcIncidence>
      <ConfirmedCases>266</ConfirmedCases>
      <IncidencePer100k>650.8</IncidencePer100k>
      <Name>Longford</Name>
    </HspcIncidence>
    <HspcIncidence>
      <ConfirmedCases>1425</ConfirmedCases>
      <IncidencePer100k>640.4</IncidencePer100k>
      <Name>Kildare</Name>
    </HspcIncidence>
    <HspcIncidence>
      <ConfirmedCases>629</ConfirmedCases>
      <IncidencePer100k>633.9</IncidencePer100k>
      <Name>Kilkenny</Name>
    </HspcIncidence>
    <HspcIncidence>
      <ConfirmedCases>734</ConfirmedCases>
      <IncidencePer100k>631.8</IncidencePer100k>
      <Name>Waterford</Name>
    </HspcIncidence>
    <HspcIncidence>
      <ConfirmedCases>490</ConfirmedCases>
      <IncidencePer100k>628.5</IncidencePer100k>
      <Name>Offaly</Name>
    </HspcIncidence>
    <HspcIncidence>
      <ConfirmedCases>514</ConfirmedCases>
      <IncidencePer100k>606.9</IncidencePer100k>
      <Name>Laois</Name>
    </HspcIncidence>
    <HspcIncidence>
      <ConfirmedCases>1315</ConfirmedCases>
      <IncidencePer100k>509.6</IncidencePer100k>
      <Name>Galway</Name>
    </HspcIncidence>
    <HspcIncidence>
      <ConfirmedCases>447</ConfirmedCases>
      <IncidencePer100k>503.5</IncidencePer100k>
      <Name>Westmeath</Name>
    </HspcIncidence>
    <HspcIncidence>
      <ConfirmedCases>310</ConfirmedCases>
      <IncidencePer100k>480.3</IncidencePer100k>
      <Name>Roscommon</Name>
    </HspcIncidence>
    <HspcIncidence>
      <ConfirmedCases>153</ConfirmedCases>
      <IncidencePer100k>477.5</IncidencePer100k>
      <Name>Leitrim</Name>
    </HspcIncidence>
    <HspcIncidence>
      <ConfirmedCases>625</ConfirmedCases>
      <IncidencePer100k>391.7</IncidencePer100k>
      <Name>Tipperary</Name>
    </HspcIncidence>
    <HspcIncidence>
      <ConfirmedCases>543</ConfirmedCases>
      <IncidencePer100k>381.3</IncidencePer100k>
      <Name>Wicklow</Name>
    </HspcIncidence>
  </CountyRates>
  <FromDate>2020-12-23T00:00:00</FromDate>
  <Hospitalised>
    <HspcHospitalised>
      <CasesAdmittedToIcu>0</CasesAdmittedToIcu>
      <CasesAdmittedToIcuPercent>0</CasesAdmittedToIcuPercent>
      <CasesHospitalised>8</CasesHospitalised>
      <CasesHospitalisedPercent>0.99</CasesHospitalisedPercent>
      <Name>0To4</Name>
      <NumberOfCases>927</NumberOfCases>
    </HspcHospitalised>
    <HspcHospitalised>
      <CasesAdmittedToIcu>0</CasesAdmittedToIcu>
      <CasesAdmittedToIcuPercent>0</CasesAdmittedToIcuPercent>
      <CasesHospitalised>7</CasesHospitalised>
      <CasesHospitalisedPercent>0.87</CasesHospitalisedPercent>
      <Name>5To12</Name>
      <NumberOfCases>1698</NumberOfCases>
    </HspcHospitalised>
    <HspcHospitalised>
      <CasesAdmittedToIcu>1</CasesAdmittedToIcu>
      <CasesAdmittedToIcuPercent>3.45</CasesAdmittedToIcuPercent>
      <CasesHospitalised>16</CasesHospitalised>
      <CasesHospitalisedPercent>1.98</CasesHospitalisedPercent>
      <Name>13To18</Name>
      <NumberOfCases>2375</NumberOfCases>
    </HspcHospitalised>
    <HspcHospitalised>
      <CasesAdmittedToIcu>0</CasesAdmittedToIcu>
      <CasesAdmittedToIcuPercent>0</CasesAdmittedToIcuPercent>
      <CasesHospitalised>39</CasesHospitalised>
      <CasesHospitalisedPercent>4.83</CasesHospitalisedPercent>
      <Name>19To24</Name>
      <NumberOfCases>6106</NumberOfCases>
    </HspcHospitalised>
    <HspcHospitalised>
      <CasesAdmittedToIcu>3</CasesAdmittedToIcu>
      <CasesAdmittedToIcuPercent>10.34</CasesAdmittedToIcuPercent>
      <CasesHospitalised>85</CasesHospitalised>
      <CasesHospitalisedPercent>10.52</CasesHospitalisedPercent>
      <Name>25To34</Name>
      <NumberOfCases>7913</NumberOfCases>
    </HspcHospitalised>
    <HspcHospitalised>
      <CasesAdmittedToIcu>0</CasesAdmittedToIcu>
      <CasesAdmittedToIcuPercent>0</CasesAdmittedToIcuPercent>
      <CasesHospitalised>68</CasesHospitalised>
      <CasesHospitalisedPercent>8.42</CasesHospitalisedPercent>
      <Name>35To44</Name>
      <NumberOfCases>5997</NumberOfCases>
    </HspcHospitalised>
    <HspcHospitalised>
      <CasesAdmittedToIcu>2</CasesAdmittedToIcu>
      <CasesAdmittedToIcuPercent>6.90</CasesAdmittedToIcuPercent>
      <CasesHospitalised>86</CasesHospitalised>
      <CasesHospitalisedPercent>10.64</CasesHospitalisedPercent>
      <Name>45To54</Name>
      <NumberOfCases>5583</NumberOfCases>
    </HspcHospitalised>
    <HspcHospitalised>
      <CasesAdmittedToIcu>7</CasesAdmittedToIcu>
      <CasesAdmittedToIcuPercent>24.14</CasesAdmittedToIcuPercent>
      <CasesHospitalised>85</CasesHospitalised>
      <CasesHospitalisedPercent>10.52</CasesHospitalisedPercent>
      <Name>55To64</Name>
      <NumberOfCases>4690</NumberOfCases>
    </HspcHospitalised>
    <HspcHospitalised>
      <CasesAdmittedToIcu>10</CasesAdmittedToIcu>
      <CasesAdmittedToIcuPercent>34.48</CasesAdmittedToIcuPercent>
      <CasesHospitalised>130</CasesHospitalised>
      <CasesHospitalisedPercent>16.09</CasesHospitalisedPercent>
      <Name>65To74</Name>
      <NumberOfCases>2076</NumberOfCases>
    </HspcHospitalised>
    <HspcHospitalised>
      <CasesAdmittedToIcu>6</CasesAdmittedToIcu>
      <CasesAdmittedToIcuPercent>20.69</CasesAdmittedToIcuPercent>
      <CasesHospitalised>165</CasesHospitalised>
      <CasesHospitalisedPercent>20.42</CasesHospitalisedPercent>
      <Name>75To84</Name>
      <NumberOfCases>1046</NumberOfCases>
    </HspcHospitalised>
    <HspcHospitalised>
      <CasesAdmittedToIcu>0</CasesAdmittedToIcu>
      <CasesAdmittedToIcuPercent>0</CasesAdmittedToIcuPercent>
      <CasesHospitalised>119</CasesHospitalised>
      <CasesHospitalisedPercent>14.73</CasesHospitalisedPercent>
      <Name>85Plus</Name>
      <NumberOfCases>590</NumberOfCases>
    </HspcHospitalised>
    <HspcHospitalised>
      <CasesAdmittedToIcu>0</CasesAdmittedToIcu>
      <CasesAdmittedToIcuPercent>0</CasesAdmittedToIcuPercent>
      <CasesHospitalised>0</CasesHospitalised>
      <CasesHospitalisedPercent>0</CasesHospitalisedPercent>
      <Name>Unknown</Name>
      <NumberOfCases>4</NumberOfCases>
    </HspcHospitalised>
  </Hospitalised>
  <PreparedDate>2021-01-06T00:00:00</PreparedDate>
  <SexCharacteristics>
    <Female>
      <Absolute>20041</Absolute>
      <Percent>51.38</Percent>
    </Female>
    <Male>
      <Absolute>18881</Absolute>
      <Percent>48.41</Percent>
    </Male>
    <MaleFemaleRatio>0.94</MaleFemaleRatio>
    <Unknown>
      <Absolute>83</Absolute>
      <Percent>0.21</Percent>
    </Unknown>
  </SexCharacteristics>
  <SourceFileName>COVID-19_14_day_epidemiology_report_20210106_website.pdf</SourceFileName>
  <SymptomStatusAtTimeOfTestCharacteristics>
    <No>
      <Absolute>584</Absolute>
      <Percent>1.5</Percent>
    </No>
    <Unknown>
      <Absolute>36511</Absolute>
      <Percent>93.61</Percent>
    </Unknown>
    <Yes>
      <Absolute>1910</Absolute>
      <Percent>4.9</Percent>
    </Yes>
  </SymptomStatusAtTimeOfTestCharacteristics>
  <ToDate>2021-01-05T00:00:00</ToDate>
  <TotalConfirmedCases>
    <Absolute>39005</Absolute>
    <Percent>100</Percent>
  </TotalConfirmedCases>
  <UnderlyingConditionsCharacteristics>
    <No>
      <Absolute>2012</Absolute>
      <Percent>5.16</Percent>
    </No>
    <Unknown>
      <Absolute>36477</Absolute>
      <Percent>93.52</Percent>
    </Unknown>
    <Yes>
      <Absolute>516</Absolute>
      <Percent>1.32</Percent>
    </Yes>
  </UnderlyingConditionsCharacteristics>
</HspcDailyEpidemiology>