SourceFileName,FromDate,ToDate,PreparedDate,TotalConfirmedCasesAbs,TotalConfirmedCasesPcnt,SexMaleFemaleRatio,SexMaleAbs,SexMalePcnt,SexFemaleAbs,SexFemalePcnt,SexUnknownAbs,SexUnknownPcnt,AgeMedian,AgeMean,Age0To4Abs,Age0To4Pcnt,Age5To12Abs,Age5To12Pcnt,Age13To18Abs,Age13To18Pcnt,Age19To24Abs,Age19To24Pcnt,Age25To34Abs,Age25To34Pcnt,Age35To44Abs,Age35To44Pcnt,Age45To54Abs,Age45To54Pcnt,Age55To64Abs,Age55To64Pcnt,Age65To74Abs,Age65To74Pcnt,Age75To84Abs,Age75To84Pcnt,Age85PlusAbs,Age85PlusPcnt,AgeUnknownAbs,AgeUnknownPcnt,CHO1Abs,CHO1Rate,CHO2Abs,CHO2Rate,CHO3Abs,CHO3Rate,CHO4Abs,CHO4Rate,CHO5Abs,CHO5Rate,CHO6Abs,CHO6Rate,CHO7Abs,CHO7Rate,CHO8Abs,CHO8Rate,CHO9Abs,CHO9Rate,CarlowAbs,CarlowRate,CavanAbs,CavanRate,ClareAbs,ClareRate,CorkAbs,CorkRate,DonegalAbs,DonegalRate,DublinAbs,DublinRate,GalwayAbs,GalwayRate,KerryAbs,KerryRate,KildareAbs,KildareRate,KilkennyAbs,KilkennyRate,LaoisAbs,LaoisRate,LeitrimAbs,LeitrimRate,LimerickAbs,LimerickRate,LongfordAbs,LongfordRate,LouthAbs,LouthRate,MayoAbs,MayoRate,MeathAbs,MeathRate,MonaghanAbs,MonaghanRate,OffalyAbs,OffalyRate,RoscommonAbs,RoscommonRate,SligoAbs,SligoRate,TipperaryAbs,TipperaryRate,WaterfordAbs,WaterfordRate,WestmeathAbs,WestmeathRate,WexfordAbs,WexfordRate,WicklowAbs,WicklowRate,DublinNorthAbs,DublinNorthRate,DublinNorthCentralAbs,DublinNorthCentralRate,DublinNorthWestAbs,DublinNorthWestRate,DublinSouthAbs,DublinSouthRate,DublinSouthCityAbs,DublinSouthCityRate,DublinSouthEastAbs,DublinSouthEastRate,DublinSouthWestAbs,DublinSouthWestRate,DublinWestAbs,DublinWestRate,Cases0To4,CasesHospitalised0To4,CasesHospitalisedPcnt0To4,CasesAdmittedToIcu0To4,Cases13To18,CasesHospitalised13To18,CasesHospitalisedPcnt13To18,CasesAdmittedToIcu13To18,Cases15To24,CasesHospitalised15To24,CasesHospitalisedPcnt15To24,CasesAdmittedToIcu15To24,Cases19To24,CasesHospitalised19To24,CasesHospitalisedPcnt19To24,CasesAdmittedToIcu19To24,Cases25To34,CasesHospitalised25To34,CasesHospitalisedPcnt25To34,CasesAdmittedToIcu25To34,Cases35To44,CasesHospitalised35To44,CasesHospitalisedPcnt35To44,CasesAdmittedToIcu35To44,Cases45To54,CasesHospitalised45To54,CasesHospitalisedPcnt45To54,CasesAdmittedToIcu45To54,Cases55To64,CasesHospitalised55To64,CasesHospitalisedPcnt55To64,CasesAdmittedToIcu55To64,Cases5To12,CasesHospitalised5To12,CasesHospitalisedPcnt5To12,CasesAdmittedToIcu5To12,Cases5To14,CasesHospitalised5To14,CasesHospitalisedPcnt5To14,CasesAdmittedToIcu5To14,Cases65To74,CasesHospitalised65To74,CasesHospitalisedPcnt65To74,CasesAdmittedToIcu65To74,Cases75To84,CasesHospitalised75To84,CasesHospitalisedPcnt75To84,CasesAdmittedToIcu75To84,Cases85Plus,CasesHospitalised85Plus,CasesHospitalisedPcnt85Plus,CasesAdmittedToIcu85Plus,CasesUnknown,CasesHospitalisedUnknown,CasesHospitalisedPcntUnknown,CasesAdmittedToIcuUnknown
COVID-19_14_day_epidemiology_report_04092020_Website v3.pdf,21/08/2020,03/09/2020,04/09/2020,1558,100,1.07,805,51.67,751,48.2,2,0.13,32,35,55,3.53,0,0,0,0,0,0,297,19.06,232,14.89,212,13.61,129,8.28,51,3.27,51,3.27,25,1.6,3,0.19,69,17.6,25,5.5,152,39.5,55,8.0,210,41.1,144,37.6,452,63.9,150,24.2,301,48.4,36,63.233330991358111431181060000,12,15.752993068683049779458100000,36,30.298694631239637425620910000,40,7.3682736871578357906526100000,29,18.216995828936127443590130000,700,52.029058972708528752001260000,10,3.8750978462206170705810300000,15,10.155239765210856628324990000,169,75.953690720166828461510800000,27,27.208964850048371493066750000,23,27.155625346824562853465880000,0,0,103,52.847885314958003889193890000,12,29.359234702615418491424660000,23,17.845504484652866143198540000,0,0,39,19.995488197534915198621850000,25,40.725898413318997817091850000,28,35.915393594233013942868870000,13,20.141298958849776896380760000,0,0,100,62.675098556592480241675180000,29,24.962126428866547307533400000,12,13.518080432578573842514360000,44,29.387798720294946634429140000,28,19.659469896436721081270840000,103,39.7,89,57.6,109,52.5,55,40.4,81,54.0,63,50.9,86,53.5,114,73.4,,,,,,,,,,,,,,,,,,,,,,,,,,,,,,,,,,,,,,,,,,,,,,,,,,,,,,,,
COVID-19_14_day_epidemiology_report_v0.1_05.09.2020_website v3.pdf,22/08/2020,04/09/2020,05/09/2020,1639,100,1.07,844,51.49,791,48.26,4,0.24,32,35,51,3.11,0,0,0,0,0,0,312,19.04,250,15.25,220,13.42,134,8.18,60,3.66,53,3.23,28,1.71,4,0.24,82,21.0,31,6.8,151,39.2,60,8.7,189,37.0,160,41.8,475,67.1,158,25.5,331,53.4,32,56.207405325651654605494270000,17,22.316740180634320520898970000,35,29.457064224816314163798110000,44,8.105101055873619369717870000,33,20.729684908789386401326700000,782,58.123891595225813548664270000,16,6.2001565539529873129296500000,16,10.832255749558247070213330000,152,68.313378635889691870707940000,21,21.162528216704288939051920000,22,25.974945983919147077228240000,0,0,108,55.413316640926839029446020000,12,29.359234702615418491424660000,24,18.621395983985599453772380000,0,0,42,21.533602674268370213900450000,26,42.354934349851757729775520000,34,43.611549364425802644912200000,11,17.042637580565195835399110000,0,0,90,56.407588700933232217507660000,28,24.101363448560804296928800000,11,12.391573729863692688971500000,40,26.716180654813587849481040000,33,23.170089520800421274354920000,,,,,,,,,,,,,,,,,,,,,,,,,,,,,,,,,,,,,,,,,,,,,,,,,,,,,,,,,,,,,,,,,,,,,,,,
COVID-19_14_day_epidemiology_report_06.09.2020_website V2.pdf,23/08/2020,05/09/2020,06/09/2020,1717,100,1.04,873,50.84,840,48.92,4,0.23,32,36,57,3.32,0,0,0,0,0,0,328,19.1,269,15.67,227,13.22,139,8.1,73,4.25,54,3.15,29,1.69,3,0.17,85,21.7,42,9.3,165,42.9,63,9.1,202,39.6,177,46.2,476,67.3,164,26.5,343,55.4,31,54.450923909225040399072580000,17,22.316740180634320520898970000,36,30.298694631239637425620910000,47,8.657721582410457054016810000,35,21.986029448716015880194980000,811,60.279381181238024025532890000,25,9.687744615551542676452580000,16,10.832255749558247070213330000,148,66.515658145471542084636680000,24,24.185746533376330216059340000,25,29.516984072635394405941180000,5,15.603545125452502808638120000,120,61.570351823252043366051130000,12,29.359234702615418491424660000,24,18.621395983985599453772380000,5,3.8312121188901744733998900000,43,22.046307499846188552326650000,26,42.354934349851757729775520000,37,47.459627249522196995933860000,12,18.591968269707486365889940000,0,0,92,57.661090672065081822341170000,30,25.82288940917229031813800000,12,13.518080432578573842514360000,45,30.055703236665286330666170000,37,25.978585220291381428822190000,,,,,,,,,,,,,,,,,,,,,,,,,,,,,,,,,,,,,,,,,,,,,,,,,,,,,,,,,,,,,,,,,,,,,,,,
COVID-19_14_day_epidemiology_report_07092020 - website v3.pdf,24/08/2020,06/09/2020,07/09/2020,1672,100,1.01,837,50.06,831,49.7,4,0.24,33,36,59,3.53,0,0,0,0,0,0,318,19.02,271,16.21,224,13.4,132,7.89,67,4.01,53,3.17,29,1.73,3,0.18,92,23.5,48,10.6,157,40.8,64,9.3,203,39.8,162,42.3,447,63.2,157,25.4,342,55.0,30,52.694442492798426192650880000,18,23.629489603024574669187150000,33,27.773803411969667640152500000,46,8.473514740231511159250500000,31,19.473340368862756922458410000,791,58.792836639160637489761420000,30,11.625293538661851211743100000,18,12.186287718253027953989990000,131,58.875346061194405493833820000,24,24.185746533376330216059340000,21,24.794266621013731300990590000,16,49.931344401448008987641990000,116,59.518006762476975253849430000,16,39.145646270153891321899540000,25,19.397287483318332764346230000,6,4.5974545426682093680798700000,42,21.533602674268370213900450000,25,40.725898413318997817091850000,29,37.198086222598478726542760000,12,18.591968269707486365889940000,0,0,92,57.661090672065081822341170000,30,25.82288940917229031813800000,14,15.771093838008336149600090000,45,30.055703236665286330666170000,29,20.361593821309461119887660000,,,,,,,,,,,,,,,,,,,,,,,,,,,,,,,,,,,,,,,,,,,,,,,,,,,,,,,,,,,,,,,,,,,,,,,,
COVID-19_14_day_epidemiology_report_08092020_Website.pdf,25/08/2020,07/09/2020,08/09/2020,1888,100,1.01,944,50,939,49.74,5,0.26,32,35,72,3.81,0,0,0,0,0,0,366,19.39,310,16.42,242,12.82,157,8.32,73,3.87,55,2.91,33,1.75,3,0.16,,,,,,,,,,,,,,,,,,,,,,,,,,,,,,,,,,,,,,,,,,,,,,,,,,,,,,,,,,,,,,,,,,,,,,,,,,,,,,,,,,,,,,,,,,,,,,,,,,,,,,,,,,,,,,,,,,,,,,,,,,,,,,,,,,,,,,,,,,,,,,
COVID-19_14_day_epidemiology_report_09092020_Website.pdf,26/08/2020,08/09/2020,09/09/2020,1810,100,0.98,895,49.45,911,50.33,4,0.22,32,35,77,4.25,0,0,0,0,0,0,345,19.06,302,16.69,222,12.27,148,8.18,74,4.09,54,2.98,35,1.93,2,0.11,,,,,,,,,,,,,,,,,,,,,,,,,,,,,,,,,,,,,,,,,,,,,,,,,,,,,,,,,,,,,,,,,,,,,,,,,,,,,,,,,,,,,,,,,,,,,,,,,,,,,,,,,,,,,,,,,,,,,,,,,,,,,,,,,,,,,,,,,,,,,,
COVID-19_14_day_epidemiology_report_10092020_Website.pdf,27/08/2020,09/09/2020,10/09/2020,1913,100,0.98,946,49.45,961,50.24,6,0.31,33,36,76,3.97,0,0,0,0,0,0,369,19.29,308,16.1,241,12.6,155,8.1,85,4.44,59,3.08,41,2.14,2,0.1,,,,,,,,,,,,,,,,,,,,,,,,,,,,,,,,,,,,,,,,,,,,,,,,,,,,,,,,,,,,,,,,,,,,,,,,,,,,,,,,,,,,,,,,,,,,,,,,,,,,,,,,,,,,,,,,,,,,,,,,,,,,,,,,,,,,,,,,,,,,,,
COVID-19_14_day_epidemiology_report_20200911_Website.pdf,28/08/2020,10/09/2020,11/09/2020,1997,100,0.96,977,48.92,1013,50.73,7,0.35,33,36,85,4.26,0,0,0,0,0,0,387,19.38,318,15.92,249,12.47,169,8.46,95,4.76,58,2.9,42,2.1,1,0.05,,,,,,,,,,,,,,,,,,,11,19.321295580692756270638660000,11,14.440243646292795631169920000,35,29.457064224816314163798110000,42,7.7366873715157275801852400000,37,23.242373988642645359063270000,1055,78.415224594582139761944760000,44,17.050430523370715110556540000,18,12.186287718253027953989990000,139,62.470787042030705065976340000,31,31.239922605611093195743310000,26,30.697663435540810182178830000,18,56.172762451629010111097240000,135,69.266645801158548786807530000,20,48.932057837692364152374430000,54,41.898140963967598770987870000,11,8.428666661558383841479770000,43,22.046307499846188552326650000,16,26.064574984524158602938780000,38,48.742319877887661779607750000,8,12.394645513138324243926620000,0,0,49,30.710798292730315318420840000,38,32.708993251618234402974800000,25,28.162667567872028838571590000,41,27.384085171183927545718060000,49,34.404072318764261892223980000,,,,,,,,,,,,,,,,,,,,,,,,,,,,,,,,,,,,,,,,,,,,,,,,,,,,,,,,,,,,,,,,,,,,,,,,
COVID-19_14_day_epidemiology_report_20200912_Website.pdf,29/08/2020,11/09/2020,12/09/2020,2016,100,0.94,974,48.31,1035,51.34,7,0.35,33,36,89,4.41,0,0,0,0,0,0,386,19.15,315,15.63,254,12.6,179,8.88,96,4.76,55,2.73,42,2.08,1,0.05,,,,,,,,,,,,,,,,,,,11,19.321295580692756270638660000,12,15.752993068683049779458100000,33,27.773803411969667640152500000,44,8.105101055873619369717870000,29,18.216995828936127443590130000,1068,79.38147854693244101019621000,47,18.212959877236900231730850000,20,13.540319686947808837766660000,127,57.077625570776255707762560000,30,30.232183166720412770074170000,30,35.420380887162473287129410000,21,65.534889526900511796280110000,125,64.135783149220878506303260000,24,58.718469405230836982849310000,64,49.657055957294931876726360000,12,9.194909085336418736159750000,47,24.097126802157461906031460000,16,26.064574984524158602938780000,42,53.873090391349520914303310000,12,18.591968269707486365889940000,0,0,42,26.323541393768841701503580000,42,36.152045172841206445393200000,27,30.415680973301791145657320000,38,25.380371622072908457006990000,50,35.106196243637001930840790000,,,,,,,,,,,,,,,,,,,,,,,,,,,,,,,,,,,,,,,,,,,,,,,,,,,,,,,,,,,,,,,,,,,,,,,,
COVID-19_14_day_epidemiology_report_20200913_Website.pdf,30/08/2020,12/09/2020,13/09/2020,2230,100,0.95,1084,48.61,1136,50.94,10,0.45,33,36,96,4.3,0,0,0,0,0,0,426,19.1,345,15.47,271,12.15,201,9.01,120,5.38,57,2.56,46,2.06,1,0.04,,,,,,,,,,,,,,,,,,,,,,,,,,,,,,,,,,,,,,,,,,,,,,,,,,,,,,,,,,,,,,,,,,,,,,,,,,,,,,,,,,,,,,,,,,,,,,,,,,,,,,,,,,,,,,,,,,,,,,,,,,,,,,,,,,,,,,,,,,,,,,
COVID-19_14_day_epidemiology_report_20200914_Website.pdf,31/08/2020,13/09/2020,14/09/2020,2383,100,0.95,1155,48.47,1221,51.24,7,0.29,33,36,97,4.07,0,0,0,0,0,0,438,18.38,362,15.19,305,12.8,219,9.19,129,5.41,61,2.56,47,1.97,1,0.04,,,,,,,,,,,,,,,,,,,,,,,,,,,,,,,,,,,,,,,,,,,,,,,,,,,,,,,,,,,,,,,,,,,,,,,,,,,,,,,,,,,,,,,,,,,,,,,,,,,,,,,,,,,,,,,,,,,,,,,,,,,,,,,,,,,,,,,,,,,,,,
COVID-19_14_day_epidemiology_report_20200915_Website.pdf,01/09/2020,14/09/2020,15/09/2020,2524,100,0.96,1236,48.97,1282,50.79,6,0.24,33,36,102,4.04,0,0,0,0,0,0,445,17.63,367,14.54,326,12.92,243,9.63,153,6.06,63,2.5,41,1.62,1,0.04,,,,,,,,,,,,,,,,,,,,,,,,,,,,,,,,,,,,,,,,,,,,,,,,,,,,,,,,,,,,,,,,,,,,,,,,,,,,,,,,,,,,,,,,,,,,,,,,,,,,,,,,,,,,,,,,,,,,,,,,,,,,,,,,,,,,,,,,,,,,,,
COVID-19_14_day_epidemiology_report_website__20200916.pdf,02/09/2020,15/09/2020,16/09/2020,2679,100,0.96,1311,48.94,1362,50.84,6,0.22,33,36,110,4.11,0,0,0,0,0,0,475,17.73,388,14.48,354,13.21,263,9.82,165,6.16,63,2.35,37,1.38,1,0.04,135,34.5,102,22.5,142,36.9,94,13.6,209,41.0,306,79.9,618,87.3,324,52.3,749,120.5,21,36.886109744958898334855620000,14,18.378491913463558076034450000,34,28.615433818392990901975310000,61,11.236617372915699580745230000,73,45.856575707321975978692400000,1477,109.78131443241499566672266000,57,22.088057723457517302311880000,33,22.341527483463884582314990000,122,54.830474957753568475173480000,31,31.239922605611093195743310000,38,44.865815790405799497030590000,26,81.13843465235301460491824000,102,52.334799049764236861143460000,21,51.378660729576982359993150000,114,88.45163092393159740541883000,26,19.922303018228907261679450000,58,29.736879883513463628719670000,17,27.693610921056918515622450000,49,62.851938789907774400020520000,19,29.437283093703520079325730000,5,7.6295109483482108796826100000,30,18.802529566977744072502550000,83,71.443327365376669880181790000,43,48.439788216739889602343130000,51,34.063130334887324508088320000,74,51.957170440582762857644370000,248,95.7,165,106.7,336,161.8,68,50.0,142,94.7,166,134.2,185,115.0,167,107.5,,,,,,,,,,,,,,,,,,,,,,,,,,,,,,,,,,,,,,,,,,,,,,,,,,,,,,,,
COVID-19_14_day_epidemiology_report_20201917_Website_.pdf,03/09/2020,16/09/2020,17/09/2020,2816,100,0.96,1375,48.83,1435,50.96,6,0.21,33,36,121,4.3,0,0,0,0,0,0,501,17.79,407,14.45,381,13.53,280,9.94,174,6.18,68,2.41,41,1.46,0,0,,,,,,,,,,,,,,,,,,,,,,,,,,,,,,,,,,,,,,,,,,,,,,,,,,,,,,,,,,,,,,,,,,,,,,,,,,,,,,,,,,,,,,,,,,,,,,,,,,,,,,,,,,,,,,,,,,,,,,,,,,,,,,,,,,,,,,,,,,,,,,
COVID-19_14_day_epidemiology_report_20201918_Website.pdf,04/09/2020,17/09/2020,18/09/2020,2970,100,0.98,1469,49.46,1493,50.27,8,0.27,33,36,120,4.04,0,0,0,0,0,0,523,17.61,442,14.88,402,13.54,286,9.63,192,6.46,71,2.39,34,1.14,0,0,,,,,,,,,,,,,,,,,,,,,,,,,,,,,,,,,,,,,,,,,,,,,,,,,,,,,,,,,,,,,,,,,,,,,,,,,,,,,,,,,,,,,,,,,,,,,,,,,,,,,,,,,,,,,,,,,,,,,,,,,,,,,,,,,,,,,,,,,,,,,,
COVID-19_14_day_epidemiology_report_20200919_Website_v2.0.pdf,05/09/2020,18/09/2020,19/09/2020,3010,100,0.99,1495,49.67,1507,50.07,8,0.27,33,36,122,4.05,0,0,0,0,0,0,512,17.01,444,14.75,410,13.62,304,10.1,191,6.35,71,2.36,34,1.13,0,0,175,44.7,126,27.8,153,39.7,119,17.2,218,42.7,354,92.4,690,97.5,326,52.6,849,136.6,21,36.886109744958898334855620000,15,19.691241335853812224322620000,43,36.190107476202900258380530000,92,16.94702948046302231850100000,116,72.867983315744509774360520000,1665,123.75483312794242910297443000,70,27.125684923544319494067230000,27,18.279431577379541930984990000,130,58.42591593858986804731600000,25,25.193485972267010641728470000,37,43.685136427500383720792940000,22,68.655598551991012358007740000,100,51.308626519376702805042610000,20,48.932057837692364152374430000,124,96.21054591725893051115732000,35,26.818484832231221313799260000,53,27.173355755624371936588670000,15,24.435539047991398690255110000,47,60.286553533176844832672750000,21,32.535944471988101140307390000,7,10.681315327687495231555660000,29,18.175778581411819270085800000,99,85.21553505026855804985539000,44,49.56629491945477075588600000,55,36.734748400368683293036430000,98,68.808144637528523784447960000,269,103.8,191,123.6,389,187.3,76,55.9,152,101.4,183,147.9,202,125.5,203,130.7,,,,,,,,,,,,,,,,,,,,,,,,,,,,,,,,,,,,,,,,,,,,,,,,,,,,,,,,
COVID-19 14 day epidemiology report_20200920_Website.pdf,06/09/2020,19/09/2020,20/09/2020,3267,100,0.97,1609,49.25,1653,50.6,5,0.15,33,36,129,3.95,0,0,0,0,0,0,563,17.23,489,14.97,445,13.62,315,9.64,205,6.27,76,2.33,41,1.25,0,0,207,52.9,128,28.2,151,39.2,151,21.9,215,42.1,359,93.7,750,106.0,347,56.0,959,154.3,21,36.886109744958898334855620000,17,22.316740180634320520898970000,48,40.398259508319516567494550000,123,22.657441588010345056256770000,133,83.54691190512086034474094000,1838,136.61344341691182263739760000,73,28.288214277410504615241530000,28,18.956447561726932372873320000,132,59.324776183798942940351630000,23,23.178007094485649790390200000,37,43.685136427500383720792940000,22,68.655598551991012358007740000,92,47.203936397826566580639200000,19,46.485454945807745944755710000,131,101.64178641258806368517427000,34,26.052242408453186419119280000,63,32.300404011402555320850680000,24,39.096862476786237904408170000,50,64.134631418273239183694410000,21,32.535944471988101140307390000,11,16.784924086366063935301750000,28,17.549027595845894467669050000,103,88.65858697149153009227379000,46,51.819308324884533062971720000,52,34.731034851257664204325350000,98,68.808144637528523784447960000,306,118.1,228,147.5,425,204.7,83,61.0,177,118.1,180,145.5,223,138.6,216,139.0,,,,,,,,,,,,,,,,,,,,,,,,,,,,,,,,,,,,,,,,,,,,,,,,,,,,,,,,
COVID-19_14_day_epidemiology_report_20200921_Website.pdf,07/09/2020,20/09/2020,21/09/2020,3353,100,0.98,1659,49.48,1688,50.34,6,0.18,33,36,128,3.82,0,0,0,0,0,0,596,17.78,494,14.73,459,13.69,319,9.51,213,6.35,77,2.3,42,1.25,0,0,,,,,,,,,,,,,,,,,,,,,,,,,,,,,,,,,,,,,,,,,,,,,,,,,,,,,,,,,,,,,,,,,,,,,,,,,,,,,,,,,,,,,,,,,,,,,,,,,,,,,,,,,,,,,,,,,,,,,,,,,,,,,,,,,,,,,,,,,,,,,,
COVID-19_14_day_epidemiology_report_20200922_Website.pdf,08/09/2020,21/09/2020,22/09/2020,3369,100,0.96,1652,49.04,1714,50.88,3,0.09,33,36,123,3.65,0,0,0,0,0,0,583,17.3,494,14.66,460,13.65,318,9.44,215,6.38,83,2.46,43,1.28,0,0,,,,,,,,,,,,,,,,,,,,,,,,,,,,,,,,,,,,,,,,,,,,,,,,,,,,,,,,,,,,,,,,,,,,,,,,,,,,,,,,,,,,,,,,,,,,,,,,,,,,,,,,,,,,,,,,,,,,,,,,,,,,,,,,,,,,,,,,,,,,,,
COVID-19_14_day_epidemiology_report_Website_20200923 (1).pdf,09/09/2020,22/09/2020,23/09/2020,3517,100,0.97,1734,49.3,1780,50.61,3,0.09,33,36,115,3.27,0,0,0,0,0,0,603,17.15,513,14.59,478,13.59,340,9.67,222,6.31,84,2.39,41,1.17,1,0.03,,,,,,,,,,,,,,,,,,,,,,,,,,,,,,,,,,,,,,,,,,,,,,,,,,,,,,,,,,,,,,,,,,,,,,,,,,,,,,,,,,,,,,,,,,,,,,,,,,,,,,,,,,,,,,,,,,,,,,,,,,,,,,,,,,,,,,,,,,,,,,
MISSING,10/09/2020,24/09/2020,,,,,,,,,,,,,,,,,,,,,,,,,,,,,,,,,,,,,,,,,,,,,,,,,,,,,,,,,,,,,,,,,,,,,,,,,,,,,,,,,,,,,,,,,,,,,,,,,,,,,,,,,,,,,,,,,,,,,,,,,,,,,,,,,,,,,,,,,,,,,,,,,,,,,,,,,,,,,,,,,,,,,,,,,,,,,,,,,,
COVID-19_14_day_epidemiology_report_20200925 - Website.pdf,11/09/2020,24/09/2020,25/09/2020,3757,100,0.98,1859,49.48,1897,50.49,1,0.03,33,36,114,3.03,0,0,0,0,0,0,641,17.06,549,14.61,519,13.81,368,9.8,224,5.96,99,2.64,39,1.04,2,0.05,,,,,,,,,,,,,,,,,,,,,,,,,,,,,,,,,,,,,,,,,,,,,,,,,,,,,,,,,,,,,,,,,,,,,,,,,,,,,,,,,,,,,,,,,,,,,,,,,,,,,,,,,,,,,,,,,,,,,,,,,,,,,,,,,,,,,,,,,,,,,,
COVID-19_14_day_epidemiology_report_Website_26092020.pdf,12/09/2020,25/09/2020,26/09/2020,3845,100,1,1921,49.96,1922,49.99,2,0.05,33,36,115,2.99,0,0,0,0,0,0,662,17.22,551,14.33,527,13.71,370,9.62,237,6.16,101,2.63,38,0.99,2,0.05,,,,,,,,,,,,,,,,,,,,,,,,,,,,,,,,,,,,,,,,,,,,,,,,,,,,,,,,,,,,,,,,,,,,,,,,,,,,,,,,,,,,,,,115,2,1.71,0,,,,,926,7,5.98,0,,,,,662,6,5.13,0,551,10,8.55,4,527,17,14.53,2,370,22,18.8,5,,,,,316,1,0.85,0,237,26,22.22,2,101,17,14.53,0,38,9,7.69,0,2,0,0,0
COVID-19 14 day epidemiology report_Website_v0.2.pdf,13/09/2020,26/09/2020,27/09/2020,4022,100,1,2012,50.02,2009,49.95,1,0.02,32,36,114,2.83,0,0,0,0,0,0,708,17.6,576,14.32,552,13.72,375,9.32,236,5.87,106,2.64,44,1.09,2,0.05,,,,,,,,,,,,,,,,,,,23,40.399072577812126747699010000,36,47.258979206049149338374290000,56,47.131302759706102662076980000,337,62.077705814304766536248220000,295,185.31081963917784813307201000,2060,153.11408783397081318446085000,140,54.251369847088638988134450000,35,23.695559452158665466091650000,170,76.403120842771365908028620000,27,27.208964850048371493066750000,27,31.878342798446225958416470000,10,31.207090250905005617276250000,65,33.350607237594856823277700000,16,39.145646270153891321899540000,134,103.96946091058626361689581000,42,32.182181798677465576559110000,93,47.681548778737105473636720000,57,92.85504838236731502296941000,44,56.438475648080450481651080000,49,75.917203767972235994050570000,17,25.940337224383916990920880000,33,20.682782523675518479752810000,78,67.139512463847954827158790000,47,52.945815027599414216514590000,39,26.048276138443248153244010000,92,64.595401088292083552747060000,,,,,,,,,,,,,,,,,,,,,,,,,,,,,,,,,,,,,,,,,,,,,,,,,,,,,,,,,,,,,,,,,,,,,,,,
MISSING,14/09/2020,28/09/2020,,,,,,,,,,,,,,,,,,,,,,,,,,,,,,,,,,,,,,,,,,,,,,,,,,,,,,,,,,,,,,,,,,,,,,,,,,,,,,,,,,,,,,,,,,,,,,,,,,,,,,,,,,,,,,,,,,,,,,,,,,,,,,,,,,,,,,,,,,,,,,,,,,,,,,,,,,,,,,,,,,,,,,,,,,,,,,,,,,
COVID-19_14_day_epidemiology_report_20200929_Website.pdf,15/09/2020,28/09/2020,29/09/2020,4213,100,0.98,2088,49.56,2122,50.37,3,0.07,33,36,115,2.73,0,0,0,0,0,0,765,18.16,616,14.62,580,13.77,391,9.28,240,5.7,114,2.71,48,1.14,1,0.02,,,,,,,,,,,,,,,,,,,,,,,,,,,,,,,,,,,,,,,,,,,,,,,,,,,,,,,,,,,,,,,,,,,,,,,,,,,,,,,,,,,,,,,,,,,,,,,,,,,,,,,,,,,,,,,,,,,,,,,,,,,,,,,,,,,,,,,,,,,,,,
COVID-19_14_day_epidemiology_report_20200930 - website.pdf,16/09/2020,29/09/2020,30/09/2020,4384,100,0.98,2170,49.5,2211,50.43,3,0.07,33,36,121,2.76,0,0,0,0,0,0,790,18.02,644,14.69,602,13.73,409,9.33,245,5.59,123,2.81,55,1.25,0,0,,,,,,,,,,,,,,,,,,,,,,,,,,,,,,,,,,,,,,,,,,,,,,,,,,,,,,,,,,,,,,,,,,,,,,,,,,,,,,,,,,,,,,,121,3,2.24,0,,,,,1077,8,5.97,0,,,,,790,6,4.48,1,644,14,10.45,3,602,17,12.69,1,409,27,20.15,1,,,,,318,5,3.73,0,245,26,19.4,3,123,17,12.69,1,55,11,8.21,0,,,,
COVID-19_14_day_epidemiology_report_20201001 - website.pdf,17/09/2020,30/09/2020,01/10/2020,4585,100,0.99,2274,49.6,2308,50.34,3,0.07,33,36,114,2.49,0,0,0,0,0,0,836,18.23,689,15.03,621,13.54,432,9.42,250,5.45,127,2.77,53,1.16,0,0,,,,,,,,,,,,,,,,,,,,,,,,,,,,,,,,,,,,,,,,,,,,,,,,,,,,,,,,,,,,,,,,,,,,,,,,,,,,,,,,,,,,,,,114,3,2.24,0,,,,,1140,10,7.46,0,,,,,836,6,4.48,1,689,12,8.96,3,621,19,14.18,1,432,23,17.16,0,,,,,323,6,4.48,0,250,28,20.9,5,127,19,14.18,1,53,8,5.97,0,,,,
COVID-19_14_day_epidemiology_report_20201002 - website.pdf,18/09/2020,01/10/2020,02/10/2020,4805,100,0.97,2358,49.07,2441,50.8,6,0.12,33,36,120,2.5,0,0,0,0,0,0,877,18.25,724,15.07,661,13.76,459,9.55,254,5.29,129,2.68,56,1.17,0,0,,,,,,,,,,,,,,,,,,,,,,,,,,,,,,,,,,,,,,,,,,,,,,,,,,,,,,,,,,,,,,,,,,,,,,,,,,,,,,,,,,,,,,,120,3,2.16,0,,,,,1193,12,8.63,0,,,,,877,8,5.76,1,724,11,7.91,2,661,20,14.39,1,459,20,14.39,0,,,,,332,8,5.76,0,254,29,20.86,5,129,19,13.67,1,56,9,6.47,0,,,,
COVID-19_14_day_epidemiology_report_20201003_Website.pdf,19/09/2020,02/10/2020,03/10/2020,5142,100,0.97,2531,49.22,2602,50.6,9,0.18,33,36,130,2.53,0,0,0,0,0,0,938,18.24,779,15.15,704,13.69,491,9.55,268,5.21,130,2.53,66,1.28,0,0,,,,,,,,,,,,,,,,,,,,,,,,,,,,,,,,,,,,,,,,,,,,,,,,,,,,,,,,,,,,,,,,,,,,,,,,,,,,,,,,,,,,,,,,,,,,,,,,,,,,,,,,,,,,,,,,,,,,,,,,,,,,,,,,,,,,,,,,,,,,,,
COVID-19_14_day_epidemiology_report_20201004_Website.pdf,20/09/2020,03/10/2020,04/10/2020,5114,100,1,2557,50,2547,49.8,10,0.2,33,36,129,2.52,0,0,0,0,0,0,951,18.6,763,14.92,690,13.49,505,9.87,253,4.95,129,2.52,60,1.17,0,0,,,,,,,,,,,,,,,,,,,25,43.912035410665355160542400000,67,87.95421130014702793530771000,116,97.62912714510549837144516000,572,105.36631372635705180633229000,422,265.08869792451882004120810000,2191,162.85095458457769499376395000,230,89.12725046307419262336374000,68,46.037086935622550048406640000,208,93.48146550174378887570561000,45,45.348274750080619155111250000,64,75.563479225946609679209420000,10,31.207090250905005617276250000,133,68.240473270771014730706670000,54,132.11655616176938321141096000,98,76.037366934607864436237240000,40,30.649696951121395787199150000,130,66.651627325116383995406160000,109,177.56491708207083048252044000,60,76.961557701927887020433290000,103,159.58106098165592464055528000,36,54.932478828107118333714810000,64,40.112063076219187354672120000,40,34.43051921222972042418400000,59,66.463895460177988059028950000,61,40.742175498590721470458580000,109,76.531507811128664209232930000,,,,,,,,,,,,,,,,,,,,,,,,,,,,,,,,,,,,,,,,,,,,,,,,,,,,,,,,,,,,,,,,,,,,,,,,
COVID-19_14_day_epidemiology_report_20201005_Website.pdf,21/09/2020,04/10/2020,05/10/2020,5441,100,1,2709,49.79,2722,50.03,10,0.18,33,36,139,2.55,0,0,0,0,0,0,984,18.08,826,15.18,741,13.62,535,9.83,267,4.91,140,2.57,62,1.14,0,0,,,,,,,,,,,,,,,,,,,,,,,,,,,,,,,,,,,,,,,,,,,,,,,,,,,,,,,,,,,,,,,,,,,,,,,,,,,,,,,,,,,,,,,,,,,,,,,,,,,,,,,,,,,,,,,,,,,,,,,,,,,,,,,,,,,,,,,,,,,,,,
COVID-19_14_day_epidemiology_report_20201006_Website.pdf,22/09/2020,05/10/2020,06/10/2020,5543,100,1,2773,50.03,2761,49.81,9,0.16,33,36,136,2.45,0,0,0,0,0,0,989,17.84,830,14.97,768,13.86,564,10.17,269,4.85,146,2.63,68,1.23,0,0,,,,,,,,,,,,,,,,,,,,,,,,,,,,,,,,,,,,,,,,,,,,,,,,,,,,,,,,,,,,,,,,,,,,,,,,,,,,,,,,,,,,,,,,,,,,,,,,,,,,,,,,,,,,,,,,,,,,,,,,,,,,,,,,,,,,,,,,,,,,,,
COVID-19_14_day_epidemiology_report_20201007 - website.pdf,23/09/2020,06/10/2020,07/10/2020,5925,100,1.01,2964,50.03,2949,49.77,12,0.2,33,37,154,2.6,0,0,0,0,0,0,1044,17.62,860,14.51,811,13.69,617,10.41,292,4.93,173,2.92,100,1.69,0,0,,,,,,,,,,,,,,,,,,,,,,,,,,,,,,,,,,,,,,,,,,,,,,,,,,,,,,,,,,,,,,,,,,,,,,,,,,,,,,,,,,,,,,,,,,,,,,,,,,,,,,,,,,,,,,,,,,,,,,,,,,,,,,,,,,,,,,,,,,,,,,
COVID-19_14_day_epidemiology_report_20201008 - website.pdf,24/09/2020,07/10/2020,08/10/2020,6107,100,0.99,3036,49.71,3059,50.09,12,0.2,33,37,157,2.57,0,0,0,0,0,0,1067,17.47,866,14.18,828,13.56,635,10.4,314,5.14,173,2.83,105,1.72,0,0,,,,,,,,,,,,,,,,,,,,,,,,,,,,,,,,,,,,,,,,,,,,,,,,,,,,,,,,,,,,,,,,,,,,,,,,,,,,,,,,,,,,,,,157,6,3.11,0,,,,,1564,16,8.29,0,,,,,1067,17,8.81,0,866,15,7.77,2,828,17,8.81,0,635,37,19.17,3,,,,,398,11,5.7,0,314,29,15.03,3,173,34,17.62,1,105,11,5.7,0,,,,
COVID-19_14_day_epidemiology_report_20201009 - website.pdf,25/09/2020,08/10/2020,09/10/2020,6400,100,0.99,3185,49.77,3203,50.05,12,0.19,33,36,170,2.66,0,0,0,0,0,0,1109,17.33,915,14.3,863,13.48,652,10.19,317,4.95,179,2.8,108,1.69,0,0,,,,,,,,,,,,,,,,,,,,,,,,,,,,,,,,,,,,,,,,,,,,,,,,,,,,,,,,,,,,,,,,,,,,,,,,,,,,,,,,,,,,,,,,,,,,,,,,,,,,,,,,,,,,,,,,,,,,,,,,,,,,,,,,,,,,,,,,,,,,,,
COVID-19_14_day_epidemiology_report_Website -10102020.pdf,26/09/2020,09/10/2020,10/10/2020,7163,100,0.99,3565,49.77,3584,50.03,14,0.2,32,36,193,2.69,0,0,0,0,0,0,1267,17.69,1013,14.14,970,13.54,716,10,341,4.76,185,2.58,114,1.59,1,0.01,,,,,,,,,,,,,,,,,,,,,,,,,,,,,,,,,,,,,,,,,,,,,,,,,,,,,,,,,,,,,,,,,,,,,,,,,,,,,,,,,,,,,,,,,,,,,,,,,,,,,,,,,,,,,,,,,,,,,,,,,,,,,,,,,,,,,,,,,,,,,,
MISSING,27/09/2020,11/10/2020,,,,,,,,,,,,,,,,,,,,,,,,,,,,,,,,,,,,,,,,,,,,,,,,,,,,,,,,,,,,,,,,,,,,,,,,,,,,,,,,,,,,,,,,,,,,,,,,,,,,,,,,,,,,,,,,,,,,,,,,,,,,,,,,,,,,,,,,,,,,,,,,,,,,,,,,,,,,,,,,,,,,,,,,,,,,,,,,,,
MISSING,28/09/2020,12/10/2020,,,,,,,,,,,,,,,,,,,,,,,,,,,,,,,,,,,,,,,,,,,,,,,,,,,,,,,,,,,,,,,,,,,,,,,,,,,,,,,,,,,,,,,,,,,,,,,,,,,,,,,,,,,,,,,,,,,,,,,,,,,,,,,,,,,,,,,,,,,,,,,,,,,,,,,,,,,,,,,,,,,,,,,,,,,,,,,,,,
COVID-19_14_day_epidemiology_report_Website_20201013.pdf,29/09/2020,12/10/2020,13/10/2020,8442,100,1.03,4270,50.58,4157,49.24,15,0.18,32,36,232,2.75,0,0,0,0,0,0,1507,17.85,1167,13.82,1110,13.15,835,9.89,388,4.6,219,2.59,138,1.63,5,0.06,,,,,,,,,,,,,,,,,,,43,75.528700906344410876132930000,314,412.20331863053980256248687000,360,302.98694631239637425620913000,1081,199.12759639544051224238673000,565,354.91733252927282778029047000,2438,181.20977967923341871054153000,427,165.46667803362034891381007000,214,144.88142065034155456410326000,374,168.08686585409700499766296000,97,97.75072557239600128990648000,118,139.32016482283906159604236000,44,137.31119710398202471601548000,357,183.17179667417482901400212000,80,195.72823135076945660949771000,148,114.83194190124452996492970000,105,80.45545449669366394139778000,417,213.79791226595024712372593000,192,312.77489981428990323526537000,114,146.22695963366298533882326000,118,182.82102131879028259791770000,123,187.68596932936598764019226000,124,77.717122210174675499677220000,77,66.278749483542211816554190000,141,158.83744508279824264954376000,240,160.29708392888152709688623000,131,91.97823415832894505880288000,374,144.3,385,249.1,514,247.5,118,86.7,183,122.1,265,214.2,235,146.1,364,234.3,232,8,3.27,0,,,,,2277,17,6.94,0,,,,,1507,26,10.61,0,1167,16,6.53,3,1110,16,6.53,0,835,35,14.29,6,,,,,564,10,4.08,0,388,36,14.69,9,219,51,20.82,4,138,29,11.84,0,5,0,0,1
COVID-19_14_day_epidemiology_report_20201014 - website.pdf,30/09/2020,13/10/2020,14/10/2020,9079,100,1.03,4590,50.56,4473,49.27,16,0.18,32,36,240,2.64,0,0,0,0,0,0,1620,17.84,1263,13.91,1176,12.95,892,9.82,423,4.66,233,2.57,141,1.55,5,0.06,,,,,,,,,,,,,,,,,,,,,,,,,,,,,,,,,,,,,,,,,,,,,,,,,,,,,,,,,,,,,,,,,,,,,,,,,,,,,,,,,,,,,,,240,9,3.47,0,,,,,2480,19,7.34,0,,,,,1620,27,10.42,0,1263,19,7.34,3,1176,14,5.41,0,892,40,15.44,5,,,,,606,7,2.7,0,423,34,13.13,8,233,57,22.01,4,141,32,12.36,0,5,0,0,1
COVID-19_14_day_epidemiology_report_20201015_Website.pdf,01/10/2020,14/10/2020,15/10/2020,9843,100,1.03,4983,50.62,4843,49.2,17,0.17,32,35,269,2.73,0,0,0,0,0,0,1743,17.71,1360,13.82,1284,13.04,949,9.64,453,4.6,240,2.44,145,1.47,4,0.04,,,,,,,,,,,,,,,,,,,,,,,,,,,,,,,,,,,,,,,,,,,,,,,,,,,,,,,,,,,,,,,,,,,,,,,,,,,,,,,,,,,,,,,269,9,3.26,0,,,,,2722,21,7.61,1,,,,,1743,29,10.51,0,1360,19,6.88,3,1284,20,7.25,0,949,44,15.94,6,,,,,674,6,2.17,0,453,33,11.96,7,240,58,21.01,4,145,36,13.04,0,4,0,0,1
COVID-19_14_day_epidemiology_report_20201016_Website.pdf,02/10/2020,15/10/2020,16/10/2020,10377,100,1.02,5237,50.47,5125,49.39,15,0.14,31,35,297,2.86,0,0,0,0,0,0,1823,17.57,1436,13.84,1336,12.87,1009,9.72,475,4.58,245,2.36,147,1.42,4,0.04,,,,,,,,,,,,,,,,,,,,,,,,,,,,,,,,,,,,,,,,,,,,,,,,,,,,,,,,,,,,,,,,,,,,,,,,,,,,,,,,,,,,,,,297,9,3.08,0,,,,,2871,22,7.53,1,,,,,1823,32,10.96,0,1436,21,7.19,3,1336,25,8.56,0,1009,48,16.44,7,,,,,734,4,1.37,0,475,36,12.33,9,245,58,19.86,3,147,36,12.33,0,4,0,0,1
COVID-19_14_day_epidemiology_report_20201017_Website.pdf,03/10/2020,16/10/2020,17/10/2020,11028,100,1.02,5560,50.42,5456,49.47,12,0.11,31,35,308,2.79,0,0,0,0,0,0,1923,17.44,1516,13.75,1433,12.99,1074,9.74,497,4.51,257,2.33,147,1.33,2,0.02,,,,,,,,,,,,,,,,,,,66,115.92777348415653762383194000,578,758.76916614156689771056501000,381,320.66118484728616275448799000,1390,256.04751062873479372517813000,567,356.17367706919945725915875000,2719,202.09573049542069953813061000,678,262.73163397375783738539398000,293,198.36568341378539947328156000,462,207.63671664329630029123072000,141,142.09126088358594001934860000,128,151.12695845189321935841883000,70,218.44963175633503932093372000,452,231.91499186758269667879261000,87,212.85445159396178406282876000,239,185.4380683405232612271500000,171,131.02745446604396699027638000,878,450.15483685732450113820471000,215,350.24272635454338122698987000,139,178.29427534279960493067046000,129,199.86365889935547843331681000,199,303.65453574425879301136797000,149,93.38589684932279556009602000,152,130.83597300647293761189919000,224,252.33750140813337839360144000,375,250.46419363887738608888473000,146,102.51009303142004563805512000,,,,,,,,,,,,,,,,,308,8,2.68,0,,,,,3085,20,6.69,1,,,,,1923,31,10.37,0,1516,24,8.03,3,1433,21,7.02,0,1074,47,15.72,7,,,,,786,6,2.01,1,497,41,13.71,9,257,61,20.4,4,147,39,13.04,0,2,0,0,1
MISSING,04/10/2020,18/10/2020,,,,,,,,,,,,,,,,,,,,,,,,,,,,,,,,,,,,,,,,,,,,,,,,,,,,,,,,,,,,,,,,,,,,,,,,,,,,,,,,,,,,,,,,,,,,,,,,,,,,,,,,,,,,,,,,,,,,,,,,,,,,,,,,,,,,,,,,,,,,,,,,,,,,,,,,,,,,,,,,,,,,,,,,,,,,,,,,,,
COVID-19_14_day_epidemiology_report_20201019_Website.pdf,05/10/2020,18/10/2020,19/10/2020,12464,100,1.01,6256,50.19,6194,49.7,14,0.11,31,35,365,2.93,0,0,0,0,0,0,2126,17.06,1695,13.6,1609,12.91,1230,9.87,567,4.55,285,2.29,173,1.39,4,0.03,,,,,,,,,,,,,,,,,,,,,,,,,,,,,,,,,,,,,,,,,,,,,,,,,,,,,,,,,,,,,,,,,,,,,,,,,,,,,,,,,,,,,,,365,7,2.3,0,,,,,3438,18,5.92,1,,,,,2126,31,10.2,0,1695,20,6.58,2,1609,22,7.24,0,1230,48,15.79,6,,,,,972,5,1.64,1,567,45,14.8,11,285,63,20.72,3,173,44,14.47,0,4,0,0,1
COVID-19_14_day_epidemiology_report_20201020 - website.pdf,06/10/2020,19/10/2020,20/10/2020,13299,100,1,6647,49.98,6638,49.91,14,0.11,31,35,407,3.06,0,0,0,0,0,0,2225,16.73,1798,13.52,1719,12.93,1343,10.1,617,4.64,310,2.33,183,1.38,5,0.04,1775,453.6,1198,264.4,1000,259.7,2112,305.8,997,195.4,621,162.1,1692,239.1,2199,355.1,1700,273.6,111,194.96943722335417691280826000,693,909.7353497164461247637051000,382,321.50281525370948601631080000,1748,321.99356012879742405151897000,523,328.53409719081360872405649000,3222,239.48232572866697091278295000,810,313.88292554386998271706361000,366,247.78785027114490173112987000,616,276.84895552439506705497429000,166,167.28474685585295066107707000,169,199.53481233101526618416237000,81,252.77743103233054549993759000,543,278.60584200021549623138138000,114,278.91272967484647566853424000,285,221.12907730982899351354707000,240,183.89818170672837472319492000,1152,590.63595906564672586698386000,247,402.37187632359169843286743000,168,215.49236156539808365721322000,148,229.30094199305899851264254000,233,355.53521019302662699320974000,183,114.69543035856423884226558000,180,154.93733645503374190882799000,299,336.82550411174946490931621000,444,296.54960526843082512923952000,176,123.57381077760224679655959000,505,194.9,457,295.6,738,355.4,136,99.9,238,158.7,316,255.4,307,190.8,524,337.3,407,8,2.54,0,,,,,3639,19,6.03,1,,,,,2225,31,9.84,0,1798,20,6.35,2,1719,26,8.25,1,1343,43,13.65,3,,,,,1053,7,2.22,1,617,48,15.24,11,310,66,20.95,4,183,45,14.29,0,5,0,0,2
COVID-19_14_day_epidemiology_report_20201021_Website.pdf,07/10/2020,20/10/2020,21/10/2020,13858,100,0.99,6885,49.68,6960,50.22,13,0.09,31,35,432,3.12,0,0,0,0,0,0,2307,16.65,1887,13.62,1810,13.06,1382,9.97,641,4.63,316,2.28,190,1.37,6,0.04,,,,,,,,,,,,,,,,,,,,,,,,,,,,,,,,,,,,,,,,,,,,,,,,,,,,,,,,,,,,,,,,,,,,,,,,,,,,,,,,,,,,,,,432,7,2.08,0,,,,,3768,18,5.34,1,,,,,2307,33,9.79,0,1887,22,6.53,3,1810,28,8.31,1,1382,47,13.95,3,,,,,1119,10,2.97,1,641,53,15.73,10,316,68,20.18,3,190,49,14.54,1,6,0,0,2
COVID-19_14_day_epidemiology_report_20201022 - website.pdf,08/10/2020,21/10/2020,22/10/2020,14404,100,0.99,7172,49.79,7218,50.11,14,0.1,31,35,474,3.29,0,0,0,0,0,0,2400,16.66,1969,13.67,1873,13,1426,9.9,670,4.65,334,2.32,209,1.45,5,0.03,1909,487.9,1381,304.8,1012,262.9,2240,324.4,1063,208.3,657,171.5,1803,254.8,2522,407.2,1810,291.3,138,242.4,804,1055.5,359,302.1,1844,339.7,511,321.0,3413,253.3,917,355.3,398,269.5,681,306.1,176,177.4,188,222.0,87,271.5,571,293.0,116,283.8,373,289.4,297,227.6,1287,659.9,248,404.0,173,221.9,167,258.7,260,396.7,192,120.3,201,173.0,371,417.9,451,301.2,181,127.1,533,205.7,475,307.3,802,386.2,150,110.2,246,164.1,334,270.0,335,208.2,533,343.1,474,7,1.93,0,,,,,3844,21,5.79,1,,,,,2400,35,9.64,0,1969,28,7.71,3,1873,38,10.47,2,1426,51,14.05,3,,,,,1200,8,2.2,1,670,57,15.7,10,334,70,19.28,4,209,47,12.95,0,5,0,0,1
MISSING,09/10/2020,23/10/2020,,,,,,,,,,,,,,,,,,,,,,,,,,,,,,,,,,,,,,,,,,,,,,,,,,,,,,,,,,,,,,,,,,,,,,,,,,,,,,,,,,,,,,,,,,,,,,,,,,,,,,,,,,,,,,,,,,,,,,,,,,,,,,,,,,,,,,,,,,,,,,,,,,,,,,,,,,,,,,,,,,,,,,,,,,,,,,,,,,
MISSING,10/10/2020,24/10/2020,,,,,,,,,,,,,,,,,,,,,,,,,,,,,,,,,,,,,,,,,,,,,,,,,,,,,,,,,,,,,,,,,,,,,,,,,,,,,,,,,,,,,,,,,,,,,,,,,,,,,,,,,,,,,,,,,,,,,,,,,,,,,,,,,,,,,,,,,,,,,,,,,,,,,,,,,,,,,,,,,,,,,,,,,,,,,,,,,,
COVID-19_14_day_epidemiology_report_20201025_Website.pdf,11/10/2020,24/10/2020,25/10/2020,14644,100,0.99,7285,49.75,7338,50.11,21,0.14,32,35,514,3.51,0,0,0,0,0,0,2335,15.95,2008,13.71,1919,13.1,1512,10.33,711,4.86,355,2.42,209,1.43,3,0.02,1836,469.2,1462,322.7,1003,260.5,2317,335.5,1131,221.6,687,179.3,1797,253.9,2550,411.8,1856,298.7,166,291.6,736,966.2,314,264.3,1887,347.6,513,322.3,3461,256.9,964,373.6,431,291.8,675,303.4,174,175.3,197,232.6,78,243.4,575,295.0,115,281.4,368,285.5,321,246.0,1282,657.3,230,374.7,175,224.5,177,274.2,280,427.3,215,134.8,238,204.9,395,445.0,469,313.2,208,146.0,561,216.5,469,303.4,826,397.7,155,113.9,253,168.7,330,266.8,333,207.0,530,341.2,514,5,1.45,0,,,,,3764,17,4.93,1,,,,,2335,25,7.25,0,2008,26,7.54,3,1919,37,10.72,2,1512,48,13.91,2,,,,,1314,7,2.03,1,711,61,17.68,8,355,78,22.61,4,209,41,11.88,0,3,0,0,0
COVID-19_14_day_epidemiology_report_20201026_Website_updated 27102020.pdf,12/10/2020,25/10/2020,26/10/2020,14758,100,0.98,7298,49.45,7441,50.42,19,0.13,32,35,524,3.55,0,0,0,0,0,0,2303,15.61,2028,13.74,1931,13.08,1531,10.37,729,4.94,368,2.49,214,1.45,3,0.02,1835,469.0,1490,328.8,1058,274.8,2277,329.7,1130,221.4,710,185.3,1836,259.4,2591,418.4,1826,293.9,174,305.6,737,967.5,335,281.9,1838,338.6,525,329.8,3477,258.1,987,382.5,443,299.9,688,309.2,175,176.4,205,242.0,70,218.4,603,309.4,118,288.7,386,299.5,332,254.4,1301,667.0,214,348.6,169,216.8,171,264.9,290,442.5,222,139.1,250,215.2,389,438.2,451,301.2,208,146.0,564,217.6,460,297.6,802,386.2,164,120.5,273,182.1,343,277.3,330,205.1,540,347.6,524,5,1.42,0,,,,,3751,15,4.27,0,,,,,2303,24,6.84,0,2028,28,7.98,2,1931,35,9.97,2,1531,48,13.68,2,,,,,1376,9,2.56,1,729,64,18.23,6,368,83,23.65,4,214,40,11.4,0,3,0,0,0
COVID-19_14_day_epidemiology_report_20201027_website.pdf,13/10/2020,26/10/2020,27/10/2020,14648,100,0.97,7222,49.3,7416,50.63,10,0.07,32,35,534,3.65,0,0,0,0,0,0,2267,15.48,2027,13.84,1946,13.29,1525,10.41,726,4.96,364,2.48,210,1.43,3,0.02,,,,,,,,,,,,,,,,,,,176,309.1,733,962.2,298,250.8,1827,336.5,508,319.1,3503,260.0,995,385.6,414,280.3,667,299.8,174,175.3,213,251.5,66,206.0,587,301.2,119,291.1,401,311.1,346,265.1,1293,662.9,224,364.9,174,223.2,171,264.9,288,439.5,213,133.5,263,226.4,389,438.2,403,269.2,203,142.5,577,222.6,466,301.5,818,393.9,176,129.3,275,183.4,349,282.1,323,200.7,518,333.5,534,5,1.45,0,,,,,3662,14,4.05,0,,,,,2267,21,6.07,0,2027,27,7.8,1,1946,33,9.54,2,1525,45,13.01,3,,,,,1384,9,2.6,1,726,68,19.65,7,364,82,23.7,5,210,42,12.14,0,3,0,0,0
COVID-19_14_day_epidemiology_report_20201028 - website.pdf,14/10/2020,27/10/2020,28/10/2020,14239,100,0.97,7002,49.17,7232,50.79,5,0.04,32,35,545,3.83,0,0,0,0,0,0,2172,15.25,1981,13.91,1916,13.46,1488,10.45,695,4.88,360,2.53,217,1.52,3,0.02,,,,,,,,,,,,,,,,,,,184,323.2,618,811.3,296,249.1,1808,333.0,498,312.8,3461,256.9,957,370.8,418,283.0,645,289.9,172,173.3,216,255.0,63,196.6,605,310.4,126,308.3,371,287.9,336,257.5,1166,597.8,198,322.5,178,228.3,167,258.7,279,425.7,222,139.1,261,224.7,402,452.9,385,257.1,207,145.3,591,228.1,449,290.5,795,382.8,173,127.1,268,178.7,344,278.1,333,207.0,507,326.4,545,3,0.85,0,,,,,3478,15,4.23,0,,,,,2172,20,5.63,0,1981,31,8.73,1,1916,36,10.14,3,1488,50,14.08,4,,,,,1384,12,3.38,1,695,65,18.31,9,360,77,21.69,5,217,46,12.96,0,3,0,0,0
COVID-19_14_day_epidemiology_report_20201029 - website.pdf,15/10/2020,28/10/2020,29/10/2020,13907,100,0.96,6821,49.05,7081,50.92,5,0.04,32,36,534,3.84,0,0,0,0,0,0,2093,15.05,1927,13.86,1879,13.51,1462,10.51,696,5,365,2.62,236,1.7,4,0.03,1587,405.6,1387,306.1,1039,269.9,2199,318.4,1073,210.3,711,185.6,1747,246.9,2349,379.3,1814,291.9,184,323.2,574,753.5,303,255.0,1799,331.4,505,317.2,3415,253.5,915,354.6,400,270.8,647,290.8,169,170.3,195,230.2,56,174.8,599,307.3,115,281.4,381,295.6,322,246.7,1096,561.9,190,309.5,175,224.5,150,232.4,263,401.3,232,145.4,265,228.1,359,404.4,387,258.5,211,148.1,596,230.0,448,289.8,770,370.8,179,131.5,258,172.1,327,264.3,342,212.6,494,318.0,534,4,1.08,0,,,,,3314,18,4.88,0,,,,,2093,23,6.23,0,1927,33,8.94,1,1879,37,10.03,2,1462,49,13.28,4,,,,,1397,8,2.17,1,696,67,18.16,10,365,80,21.68,4,236,50,13.55,0,4,0,0,0
MISSING,16/10/2020,30/10/2020,,,,,,,,,,,,,,,,,,,,,,,,,,,,,,,,,,,,,,,,,,,,,,,,,,,,,,,,,,,,,,,,,,,,,,,,,,,,,,,,,,,,,,,,,,,,,,,,,,,,,,,,,,,,,,,,,,,,,,,,,,,,,,,,,,,,,,,,,,,,,,,,,,,,,,,,,,,,,,,,,,,,,,,,,,,,,,,,,,
MISSING,17/10/2020,31/10/2020,,,,,,,,,,,,,,,,,,,,,,,,,,,,,,,,,,,,,,,,,,,,,,,,,,,,,,,,,,,,,,,,,,,,,,,,,,,,,,,,,,,,,,,,,,,,,,,,,,,,,,,,,,,,,,,,,,,,,,,,,,,,,,,,,,,,,,,,,,,,,,,,,,,,,,,,,,,,,,,,,,,,,,,,,,,,,,,,,,
COVID-19_14 day epidemiology report_20201101_website.pdf,18/10/2020,31/10/2020,01/11/2020,12069,100,0.95,5886,48.77,6173,51.15,10,0.08,33,36,503,4.17,0,0,0,0,0,0,1754,14.53,1659,13.75,1661,13.76,1282,10.62,645,5.34,351,2.91,219,1.81,3,0.02,,,,,,,,,,,,,,,,,,,153,268.7,450,590.7,273,229.8,1657,305.2,511,321.0,2976,220.9,768,297.6,327,221.4,536,240.9,131,132.0,174,205.4,34,106.1,525,269.4,101,247.1,383,297.2,318,243.7,925,474.3,177,288.3,127,162.9,132,204.5,236,360.1,208,130.4,237,204.0,285,321.1,260,173.7,165,115.9,561,216.5,405,262.0,656,315.9,147,108.0,204,136.1,280,226.3,317,197.0,405,260.7,503,4,1.09,0,,,,,2707,14,3.83,0,,,,,1754,21,5.74,0,1659,28,7.65,1,1661,39,10.66,2,1282,51,13.93,2,,,,,1285,8,2.19,0,645,73,19.95,12,351,82,22.4,5,219,46,12.57,0,3,0,0,0
COVID-19_14 day epidemiology report_20201102_website.pdf,19/10/2020,01/11/2020,02/11/2020,11808,100,0.94,5728,48.51,6072,51.42,8,0.07,33,36,501,4.24,943,7.99,1104,9.35,1801,15.25,1724,14.6,1647,13.95,1644,13.92,1235,10.46,633,5.36,353,2.99,221,1.87,2,0.02,,,,,,,,,,,,,,,,,,,157,275.8,429,563.2,250,210.4,1510,278.2,493,309.7,3061,227.2,731,283.3,295,199.7,514,231.0,141,142.1,171,201.9,31,96.7,512,262.7,93,227.5,385,298.7,300,229.9,941,482.5,168,273.7,124,159.1,147,227.8,218,332.6,208,130.4,234,201.4,275,309.8,256,171.0,164,115.1,604,233.1,417,269.8,655,315.4,144,105.8,213,142.1,274,221.5,335,208.2,418,269.1,501,4,1.09,0,1104,7,1.9,0,,,,,1801,10,2.72,0,1724,20,5.43,0,1647,32,8.7,0,1644,36,9.78,3,1235,53,14.4,3,943,6,1.63,0,,,,,633,71,19.29,12,353,85,23.1,6,221,44,11.96,0,2,0,0,0
COVID-19_14_day_epidemiology_report_20201103 - website.pdf,20/10/2020,02/11/2020,03/11/2020,10855,100,0.94,5269,48.54,5579,51.4,7,0.06,33,36,469,4.32,888,8.18,1020,9.4,1593,14.68,1614,14.87,1544,14.22,1504,13.86,1092,10.06,586,5.4,333,3.07,208,1.92,4,0.04,,,,,,,,,,,,,,,,,,,144,252.9,362,475.2,226,190.2,1410,259.7,487,305.9,2957,219.5,663,256.9,275,186.2,469,210.8,133,134.0,165,194.8,27,84.3,445,228.3,80,195.7,331,256.8,280,214.5,742,380.4,136,221.5,106,136.0,148,229.3,198,302.1,209,131.0,228,196.3,272,306.4,210,140.3,152,106.7,594,229.2,395,255.5,630,303.4,142,104.4,206,137.4,260,210.2,328,203.9,401,258.1,469,2,0.54,0,1020,7,1.89,0,,,,,1593,11,2.97,0,1614,18,4.86,0,1544,33,8.92,0,1504,38,10.27,3,1092,48,12.97,5,888,8,2.16,0,,,,,586,77,20.81,13,333,82,22.16,5,208,46,12.43,1,4,0,0,0
COVID-19_14_day_epidemiology_report_20201104 -Website.pdf,21/10/2020,03/11/2020,04/11/2020,10127,100,0.95,4937,48.75,5183,51.18,7,0.07,34,36,452,4.46,838,8.27,955,9.43,1425,14.07,1516,14.97,1452,14.34,1401,13.83,1033,10.2,552,5.45,315,3.11,185,1.83,3,0.03,1070,273.5,1027,226.7,806,209.4,1588,230.0,737,144.4,530,138.3,1308,184.8,1486,240.0,1569,252.5,140,245.9,278,364.9,223,187.7,1323,243.7,456,286.4,2849,211.5,628,243.4,265,179.4,415,186.5,135,136.0,150,177.1,22,68.7,444,227.8,76,185.9,286,221.9,255,195.4,630,323.0,128,208.5,92,118.0,144,223.1,186,283.8,208,130.4,226,194.5,234,263.6,185,123.6,149,104.6,571,220.3,396,256.2,602,289.9,129,94.8,201,134.1,256,206.9,305,189.6,383,246.6,452,4,1.11,0,955,8,2.22,0,,,,,1425,12,3.33,1,1516,16,4.44,0,1452,33,9.17,0,1401,37,10.28,5,1033,38,10.56,2,838,7,1.94,0,,,,,552,72,20,9,315,89,24.72,5,185,44,12.22,1,3,0,0,0
COVID-19_14 day epidemiology report_20201105_website.pdf,22/10/2020,04/11/2020,05/11/2020,9625,100,0.94,4667,48.49,4951,51.44,7,0.07,34,36,414,4.3,792,8.23,889,9.24,1323,13.75,1446,15.02,1392,14.46,1357,14.1,993,10.32,527,5.48,314,3.26,176,1.83,2,0.02,,,,,,,,,,,,,,,,,,,124,217.8,224,294.1,217,182.6,1276,235.0,478,300.3,2715,201.5,546,211.6,287,194.3,393,176.6,133,134.0,142,167.7,18,56.2,448,229.9,81,198.2,249,193.2,237,181.6,569,291.7,109,177.6,88,112.9,128,198.3,168,256.4,211,132.2,219,188.5,225,253.5,188,125.6,152,106.7,552,213.0,365,236.1,578,278.3,116,85.2,187,124.7,241,194.8,294,182.7,382,245.9,414,5,1.37,0,889,7,1.91,0,,,,,1323,11,3.01,1,1446,18,4.92,0,1392,28,7.65,0,1357,38,10.38,4,993,36,9.84,2,792,8,2.19,0,,,,,527,79,21.58,10,314,94,25.68,4,176,42,11.48,1,2,0,0,0
COVID-19_14_day_epidemiology_report_20201106 - Website.pdf,23/10/2020,05/11/2020,06/11/2020,9351,100,0.92,4479,47.9,4861,51.98,11,0.12,34,36,404,4.32,787,8.42,856,9.15,1250,13.37,1435,15.35,1347,14.4,1310,14.01,938,10.03,525,5.61,314,3.36,183,1.96,2,0.02,937,239.5,847,186.9,785,203.9,1590,230.2,659,129.1,472,123.2,1249,176.5,1318,212.8,1494,240.4,125,219.6,199,261.2,202,170.0,1308,240.9,476,299.0,2709,201.1,485,187.9,282,190.9,376,169.0,134,135.0,142,167.7,10,31.2,441,226.3,69,168.8,260,201.7,238,182.4,547,280.4,110,179.2,87,111.6,124,192.1,142,216.7,206,129.1,208,179.0,197,221.9,144,96.2,130,91.3,555,214.2,363,234.8,576,277.4,115,84.5,193,128.7,230,185.9,300,186.5,377,242.7,404,5,1.36,0,856,6,1.63,0,,,,,1250,14,3.8,1,1435,20,5.43,0,1347,31,8.42,1,1310,39,10.6,5,938,35,9.51,2,787,8,2.17,0,,,,,525,77,20.92,9,314,92,25,4,183,41,11.14,1,2,0,0,0
COVID-19_14_day epidemiology report_v1.0_07112020_Website.pdf,24/10/2020,06/11/2020,07/11/2020,8836,100,0.92,4227,47.84,4598,52.04,11,0.12,34,36,394,4.46,749,8.48,805,9.11,1147,12.98,1355,15.33,1309,14.81,1241,14.04,877,9.93,478,5.41,299,3.38,180,2.04,2,0.02,,,,,,,,,,,,,,,,,,,107,187.9,176,231.0,205,172.5,1183,217.9,464,291.5,2589,192.2,443,171.7,264,178.7,348,156.4,140,141.1,143,168.8,9,28.1,425,218.1,69,168.8,243,188.5,239,183.1,508,260.5,104,169.4,85,109.0,114,176.6,136,207.5,205,128.5,191,164.4,185,208.4,134,89.5,127,89.2,526,203.0,341,220.6,546,262.9,112,82.3,181,120.7,224,181.1,300,186.5,359,231.1,394,5,1.42,0,805,7,1.99,0,,,,,1147,12,3.41,1,1355,20,5.68,0,1309,32,9.09,2,1241,41,11.65,4,877,37,10.51,3,749,8,2.27,0,,,,,478,70,19.89,10,299,80,22.73,3,180,40,11.36,1,2,0,0,0
COVID-19_14_day_epidemiology_report_v1.0_20200811_website.pdf,25/10/2020,07/11/2020,08/11/2020,8356,100,0.92,3994,47.8,4350,52.06,12,0.14,35,37,362,4.33,687,8.22,744,8.9,1048,12.54,1299,15.55,1240,14.84,1199,14.35,815,9.75,472,5.65,300,3.59,188,2.25,2,0.02,1629,416.3,978,215.8,880,228.6,1683,243.7,833,163.2,545,142.2,1357,191.7,1698,274.2,1424,229.2,97,170.4,155,203.5,193,162.4,1074,197.8,470,295.2,2517,186.8,375,145.3,241,163.2,317,142.5,140,141.1,142,167.7,11,34.3,429,220.1,66,161.5,227,176.1,226,173.2,474,243.0,90,146.6,90,115.4,101,156.5,122,186.2,198,124.1,172,148.1,176,198.3,125,83.5,128,89.9,494,190.6,343,221.9,537,258.6,114,83.8,169,112.7,230,185.9,288,179.0,342,220.2,362,5,1.36,0,744,5,1.36,0,,,,,1048,11,3,1,1299,23,6.27,0,1240,34,9.26,2,1199,41,11.17,4,815,35,9.54,2,687,8,2.18,0,,,,,472,73,19.89,9,300,84,22.89,3,188,48,13.08,1,2,0,0,0
COVID-19_14 day epidemiology report_20201109_website.pdf,26/10/2020,08/11/2020,09/11/2020,7665,100,0.93,3682,48.04,3971,51.81,12,0.16,35,37,331,4.32,631,8.23,658,8.58,957,12.49,1199,15.64,1162,15.16,1107,14.44,745,9.72,431,5.62,267,3.48,175,2.28,2,0.03,,,,,,,,,,,,,,,,,,,84,147.5,119,156.2,165,138.9,990,182.4,439,275.8,2341,173.7,325,125.9,229,155.0,272,122.2,133,134.0,132,155.8,12,37.4,416,213.4,64,156.6,205,159.1,213,163.2,415,212.8,86,140.1,92,118.0,97,150.3,102,155.6,185,115.9,160,137.7,159,179.1,112,74.8,118,82.9,469,181.0,329,212.8,511,246.1,104,76.4,137,91.4,218,176.2,273,169.7,300,193.1,331,5,1.43,0,658,6,1.72,0,,,,,957,12,3.44,2,1199,21,6.02,0,1162,35,10.03,2,1107,40,11.46,3,745,34,9.74,2,631,6,1.72,0,,,,,431,63,18.05,6,267,79,22.64,3,175,48,13.75,1,2,0,0,0
COVID-19_14_day_epidemiology_report_20201110 -Website.pdf,27/10/2020,09/11/2020,10/11/2020,7212,100,0.92,3456,47.92,3745,51.93,11,0.15,35,37,309,4.28,597,8.28,597,8.28,888,12.31,1129,15.65,1103,15.29,1034,14.34,686,9.51,425,5.89,265,3.67,177,2.45,2,0.03,749,191.4,586,129.3,687,178.4,1077,156.0,526,103.1,404,105.4,942,133.1,1028,166.0,1213,195.2,74,130.0,107,140.5,157,132.1,868,159.9,453,284.6,2191,162.6,281,108.9,209,141.5,258,116.0,130,131.0,129,152.3,12,37.4,408,209.3,61,149.2,200,155.2,193,147.9,396,203.0,77,125.4,83,106.5,112,173.5,100,152.6,198,124.1,151,130.0,152,171.2,102,68.1,110,77.2,436,168.2,314,203.1,463,222.9,92,67.6,129,86.0,205,165.7,262,162.8,290,186.7,309,6,1.54,0,597,6,1.54,0,,,,,888,11,2.83,2,1129,27,6.94,0,1103,39,10.03,2,1034,43,11.05,3,686,37,9.51,2,597,5,1.29,0,,,,,425,77,19.79,6,265,89,22.88,5,177,49,12.6,1,2,0,0,0
COVID-19_14_day_epidemiology_report_20201111 - website.pdf,28/10/2020,10/11/2020,11/11/2020,6904,100,0.94,3335,48.31,3557,51.52,12,0.17,36,38,285,4.13,567,8.21,562,8.14,842,12.2,1081,15.66,1046,15.15,1005,14.56,657,9.52,421,6.1,261,3.78,175,2.53,2,0.03,771,197.0,586,129.3,648,168.3,1002,145.1,529,103.7,387,101.0,880,124.3,958,154.7,1143,183.9,65,114.2,101,132.6,146,122.9,793,146.1,479,300.9,2083,154.6,279,108.1,209,141.5,225,101.1,132,133.0,125,147.6,13,40.6,392,201.1,57,139.5,203,157.5,198,151.7,336,172.3,77,125.4,88,112.9,109,168.9,101,154.1,188,117.8,158,136.0,144,162.2,101,67.5,102,71.6,410,158.2,298,192.8,435,209.5,92,67.6,132,88.0,195,157.6,238,147.9,283,182.2,285,6,1.57,0,562,6,1.57,0,,,,,842,10,2.62,2,1081,22,5.76,0,1046,35,9.16,2,1005,38,9.95,3,657,36,9.42,2,567,5,1.31,0,,,,,421,81,21.2,9,261,94,24.61,7,175,49,12.83,0,2,0,0,0
COVID-19_14 day epidemiology report_12112020 - website.pdf,29/10/2020,11/11/2020,12/11/2020,6442,100,0.94,3114,48.34,3317,51.49,11,0.17,36,38,275,4.27,512,7.95,533,8.27,780,12.11,1011,15.69,983,15.26,931,14.45,605,9.39,388,6.02,253,3.93,169,2.62,2,0.03,731,186.8,554,122.3,622,161.6,854,123.7,464,90.9,382,99.7,825,116.6,935,151.0,1075,173.0,58,101.9,90,118.1,130,109.4,662,121.9,448,281.4,1970,146.2,250,96.9,192,130.0,209,93.9,127,128.0,121,142.9,17,53.1,385,197.5,54,132.1,206,159.8,193,147.9,318,163.0,75,122.2,84,107.7,111,172.0,101,154.1,181,113.4,134,115.3,149,167.8,74,49.4,103,72.3,374,144.3,286,185.0,415,199.8,76,55.9,126,84.0,205,165.7,219,136.1,269,173.2,275,5,1.33,0,533,5,1.33,0,,,,,780,13,3.46,2,1011,24,6.38,0,983,30,7.98,2,931,33,8.78,2,605,37,9.84,3,512,5,1.33,0,,,,,388,79,21.01,8,253,95,25.27,5,169,50,13.3,0,2,0,0,0
MISSING,30/10/2020,13/11/2020,,,,,,,,,,,,,,,,,,,,,,,,,,,,,,,,,,,,,,,,,,,,,,,,,,,,,,,,,,,,,,,,,,,,,,,,,,,,,,,,,,,,,,,,,,,,,,,,,,,,,,,,,,,,,,,,,,,,,,,,,,,,,,,,,,,,,,,,,,,,,,,,,,,,,,,,,,,,,,,,,,,,,,,,,,,,,,,,,,
MISSING,31/10/2020,14/11/2020,,,,,,,,,,,,,,,,,,,,,,,,,,,,,,,,,,,,,,,,,,,,,,,,,,,,,,,,,,,,,,,,,,,,,,,,,,,,,,,,,,,,,,,,,,,,,,,,,,,,,,,,,,,,,,,,,,,,,,,,,,,,,,,,,,,,,,,,,,,,,,,,,,,,,,,,,,,,,,,,,,,,,,,,,,,,,,,,,,
COVID-19_14_day_epidemiology_report_20201115_website.pdf,01/11/2020,14/11/2020,15/11/2020,6041,100,0.95,2931,48.52,3100,51.32,10,0.17,36,38,253,4.19,463,7.66,490,8.11,695,11.5,1002,16.59,940,15.56,853,14.12,558,9.24,345,5.71,261,4.32,179,2.96,2,0.03,691,176.6,480,105.9,573,148.8,686,99.3,527,103.3,402,104.9,828,117.0,896,144.7,958,154.2,53,93.1,79,103.7,111,93.4,495,91.2,439,275.8,1891,140.3,222,86.0,191,129.3,198,89.0,129,130.0,111,131.1,25,78.0,393,201.6,45,110.1,197,152.9,151,115.7,281,144.1,76,123.8,107,137.2,107,165.8,73,111.4,163,102.2,180,154.9,151,170.1,74,49.4,99,69.5,301,116.1,258,166.9,399,192.1,90,66.1,158,105.4,216,174.6,195,121.2,274,176.4,,,,,,,,,,,,,,,,,,,,,,,,,,,,,,,,,,,,,,,,,,,,,,,,,,,,,,,,
COVID-19_14_day_epidemiology_report_20201116 - website.pdf,02/11/2020,15/11/2020,16/11/2020,5735,100,0.94,2779,48.46,2948,51.4,8,0.14,36,38,248,4.32,426,7.43,462,8.06,655,11.42,950,16.56,894,15.59,811,14.14,530,9.24,324,5.65,250,4.36,183,3.19,2,0.03,668,170.7,447,98.7,637,165.5,637,92.2,514,100.7,387,101.0,766,108.2,866,139.8,813,130.8,44,77.3,73,95.8,128,107.7,454,83.6,429,269.5,1685,125.1,209,81.0,183,123.9,191,85.8,120,120.9,94,111.0,27,84.3,442,226.8,46,112.5,207,160.6,148,113.4,273,140.0,74,120.5,106,136.0,90,139.4,66,100.7,162,101.5,188,161.8,136,153.2,70,46.8,90,63.2,234,90.3,228,147.5,351,169.0,90,66.1,145,96.7,210,169.8,170,105.7,257,165.4,248,4,1.1,0,462,8,2.19,0,,,,,655,11,3.01,2,950,17,4.66,0,894,25,6.85,0,811,37,10.14,3,530,32,8.77,3,426,3,0.82,0,,,,,324,67,18.36,6,250,103,28.22,4,183,58,15.89,0,2,0,0,0
COVID-19_14_day_epidemiology_report_20201117 - website.pdf,03/11/2020,16/11/2020,17/11/2020,5778,100,0.94,2794,48.36,2976,51.51,8,0.14,36,38,251,4.34,427,7.39,469,8.12,662,11.46,952,16.48,891,15.42,831,14.38,537,9.29,323,5.59,245,4.24,190,3.29,0,0,667,170.5,474,104.6,675,175.3,647,93.7,521,102.1,386,100.7,766,108.2,849,137.1,793,127.6,47,82.6,65,85.3,133,111.9,465,85.7,449,282.0,1668,123.8,218,84.5,182,123.2,184,82.7,118,118.9,88,103.9,27,84.3,471,241.7,45,110.1,207,160.6,148,113.4,251,128.7,67,109.1,112,143.7,108,167.3,60,91.6,174,109.1,189,162.7,142,160.0,67,44.7,93,65.3,224,86.4,230,148.8,339,163.2,87,63.9,146,97.4,209,169.0,177,110.0,256,164.8,251,5,1.3,0,469,9,2.34,0,,,,,662,11,2.86,2,952,19,4.95,0,891,30,7.81,0,831,35,9.11,2,537,39,10.16,3,427,1,0.26,0,,,,,323,71,18.49,6,245,103,26.82,3,190,61,15.89,0,,,,
MISSING,04/11/2020,18/11/2020,,,,,,,,,,,,,,,,,,,,,,,,,,,,,,,,,,,,,,,,,,,,,,,,,,,,,,,,,,,,,,,,,,,,,,,,,,,,,,,,,,,,,,,,,,,,,,,,,,,,,,,,,,,,,,,,,,,,,,,,,,,,,,,,,,,,,,,,,,,,,,,,,,,,,,,,,,,,,,,,,,,,,,,,,,,,,,,,,,
COVID-19_14 day epidemiology report_20201119_website.pdf,05/11/2020,18/11/2020,19/11/2020,5548,100,0.93,2668,48.09,2869,51.71,11,0.2,35,38,235,4.24,420,7.57,476,8.58,675,12.17,894,16.11,877,15.81,789,14.22,491,8.85,300,5.41,225,4.06,166,2.99,0,0,644,164.6,427,94.2,617,160.3,567,82.1,507,99.3,378,98.7,789,111.5,838,135.3,781,125.7,52,91.3,71,93.2,123,103.5,439,80.9,421,264.5,1679,124.6,183,70.9,128,86.7,188,84.5,114,114.9,81,95.6,31,96.7,432,221.7,41,100.3,226,175.4,136,104.2,248,127.2,73,118.9,117,150.1,108,167.3,49,74.8,169,105.9,180,154.9,122,137.4,56,37.4,81,56.9,209,80.6,238,154.0,334,160.8,94,69.1,149,99.4,206,166.5,203,126.2,246,158.4,235,4,1.09,0,476,11,3,0,,,,,675,10,2.72,1,894,19,5.18,1,877,26,7.08,1,789,37,10.08,2,491,37,10.08,3,420,0,0,0,,,,,300,65,17.71,6,225,97,26.43,5,166,61,16.62,0,,,,
COVID-19_14_day_epidemiology_report_20101120_website.pdf,06/11/2020,19/11/2020,20/11/2020,5384,100,0.93,2597,48.24,2778,51.6,9,0.17,36,38,222,4.12,413,7.67,469,8.71,645,11.98,845,15.69,861,15.99,766,14.23,483,8.97,291,5.4,222,4.12,166,3.08,1,0.02,643,164.3,399,88.1,586,152.2,520,75.3,517,101.3,389,101.5,757,107.0,830,134.0,743,119.6,53,93.1,70,91.9,109,91.7,397,73.1,424,266.3,1604,119.0,171,66.3,123,83.3,189,84.9,111,111.9,71,83.8,31,96.7,423,217.0,43,105.2,240,186.2,125,95.8,252,129.2,63,102.6,107,137.2,103,159.6,56,85.5,159,99.7,187,161.0,114,128.4,63,42.1,96,67.4,181,69.8,243,157.2,319,153.6,95,69.8,139,92.7,202,163.3,193,120.0,232,149.3,222,4,1.06,0,469,12,3.17,0,,,,,645,11,2.9,1,845,21,5.54,1,861,26,6.86,1,766,35,9.23,2,483,38,10.03,3,413,1,0.26,0,,,,,291,66,17.41,5,222,99,26.12,4,166,66,17.41,0,1,0,0,0
COVID-19_14_day_epidemiology_report_20101121_website.pdf,07/11/2020,20/11/2020,21/11/2020,5394,100,0.93,2598,48.16,2786,51.65,10,0.19,35,37,228,4.23,414,7.68,484,8.97,656,12.16,851,15.78,848,15.72,766,14.2,468,8.68,286,5.3,223,4.13,169,3.13,1,0.02,629,160.8,365,80.6,584,151.7,525,76.0,492,96.4,398,103.9,779,110.1,849,137.1,773,124.4,51,89.6,75,98.5,107,90.1,419,77.2,406,255.0,1659,123.1,160,62.0,106,71.8,193,86.7,100,100.8,68,80.3,28,87.4,425,218.1,42,102.8,260,201.7,103,78.9,256,131.3,67,109.1,110,141.1,102,158.0,54,82.4,154,96.5,182,156.7,110,123.9,59,39.4,98,68.8,187,72.2,259,167.5,327,157.5,97,71.3,145,96.7,208,168.1,188,116.8,248,159.6,,,,,,,,,,,,,,,,,,,,,,,,,,,,,,,,,,,,,,,,,,,,,,,,,,,,,,,,
COVID-19_14 day epidemiology report_20201122_website.pdf,08/11/2020,21/11/2020,22/11/2020,5193,100,0.92,2483,47.81,2699,51.97,11,0.21,35,37,219,4.22,415,7.99,487,9.38,646,12.44,804,15.48,809,15.58,720,13.86,456,8.78,270,5.2,209,4.02,157,3.02,1,0.02,579,148.0,373,82.3,553,143.6,520,75.3,477,93.5,380,99.2,760,107.4,803,129.7,748,120.4,46,80.8,74,97.1,103,86.7,429,79.0,368,231.2,1615,119.9,162,62.8,91,61.6,186,83.6,92,92.7,51,60.2,24,74.9,406,208.3,39,95.4,265,205.6,105,80.5,248,127.2,66,107.5,94,120.6,106,164.2,48,73.2,146,91.5,183,157.5,103,116.0,56,37.4,87,61.1,182,70.2,264,170.8,302,145.4,97,71.3,145,96.7,201,162.5,182,113.1,242,155.8,219,4,1.17,0,487,11,3.22,0,,,,,646,11,3.22,1,804,15,4.39,0,809,22,6.43,1,720,33,9.65,1,456,33,9.65,2,415,1,0.29,0,,,,,270,59,17.25,4,209,95,27.78,4,157,58,16.96,0,1,0,0,0
COVID-19_14 day epidemiology report_20201123_website.pdf,09/11/2020,22/11/2020,23/11/2020,5177,100,0.91,2464,47.6,2702,52.19,11,0.21,35,37,225,4.35,411,7.94,479,9.25,644,12.44,799,15.43,801,15.47,724,13.98,450,8.69,268,5.18,216,4.17,159,3.07,1,0.02,575,147.0,382,84.3,528,137.1,532,77.0,478,93.7,383,100.0,749,105.8,800,129.2,750,120.7,43,75.5,73,95.8,102,85.8,443,81.6,362,227.4,1603,119.0,164,63.6,89,60.3,186,83.6,106,106.8,49,57.9,21,65.5,380,195.0,40,97.9,273,211.8,116,88.9,243,124.6,70,114.0,93,119.3,102,158.0,50,76.3,141,88.4,181,155.8,100,112.7,54,36.1,93,65.3,178,68.7,276,178.5,296,142.5,93,68.3,148,98.7,202,163.3,177,110.0,233,150.0,225,4,1.18,0,479,10,2.94,0,,,,,644,10,2.94,0,799,15,4.41,0,801,22,6.47,1,724,33,9.71,1,450,32,9.41,2,411,1,0.29,0,,,,,268,59,17.35,4,216,97,28.53,4,159,57,16.76,0,1,0,0,0
COVID-19_14_day_epidemiology_report_20201124 _website.pdf,10/11/2020,23/11/2020,24/11/2020,5131,100,0.92,2454,47.83,2664,51.92,13,0.25,35,37,218,4.25,411,8.01,483,9.41,634,12.36,793,15.46,793,15.46,715,13.93,453,8.83,249,4.85,223,4.35,158,3.08,1,0.02,585,147.0,369,84.3,520,137.1,531,77.0,480,93.7,400,100.0,733,105.8,775,129.2,738,120.7,45,79.0,68,89.3,99,83.3,441,81.2,382,240.0,1590,118.0,168,65.1,90,60.9,178,80.0,107,107.8,42,49.6,20,62.4,375,192.4,40,97.9,273,211.8,116,88.9,228,116.9,69,112.4,91,116.7,85,131.7,47,71.7,145,90.9,175,150.6,99,111.5,55,36.7,103,72.3,174,67.1,274,177.3,290,139.6,102,75.0,148,98.7,200,161.7,178,110.6,224,144.2,218,3,0.9,0,483,10,2.9,0,,,,,634,9,2.7,0,793,15,4.4,0,793,24,7.1,1,715,31,9.1,0,453,34,10.0,4,411,1,0.3,0,,,,,249,51,15.0,2,223,100,29.5,4,158,61,18.0,0,1,0,0,0
COVID-19_14_day_epidemiology_report_20201125 - website.pdf,11/11/2020,24/11/2020,25/11/2020,5026,100,0.91,2383,47.41,2630,52.33,13,0.26,35,37,209,4.16,420,8.36,484,9.63,619,12.32,779,15.5,786,15.64,674,13.41,445,8.85,248,4.93,213,4.24,148,2.94,1,0.02,545,139.3,355,78.3,505,131.2,537,77.8,452,88.6,397,103.6,724,102.3,762,123.0,749,120.5,41,72.0,69,90.6,95,80.0,459,84.6,354,222.4,1582,117.4,160,62.0,78,52.8,179,80.4,101,101.8,46,54.3,18,56.2,368,188.8,42,102.8,269,208.7,112,85.8,225,115.4,63,102.6,82,105.2,83,128.6,42,64.1,138,86.5,163,140.3,96,108.1,52,34.7,109,76.5,174,67.1,283,183.1,292,140.6,97,71.3,142,94.7,197,159.3,182,113.1,215,138.4,209,2,0.60,0,484,10,3.00,0,,,,,619,9,2.70,0,779,16,4.80,0,786,24,7.21,2,674,30,9.01,0,445,34,10.21,4,420,1,0.30,0,,,,,248,52,15.62,4,213,96,28.83,5,148,59,17.72,0,1,0,0,0
COVID-19_14_day_epidemiology_report_20201126 - website.pdf,12/11/2020,25/11/2020,26/11/2020,4949,100,0.9,2340,47.28,2594,52.41,15,0.3,35,37,207,4.18,418,8.45,467,9.44,605,12.22,772,15.6,773,15.62,681,13.76,438,8.85,242,4.89,207,4.18,137,2.77,2,0.04,527,134.7,340,75.0,499,129.6,525,76.0,511,100.1,389,101.5,706,99.8,712,115.0,740,119.1,44,77.3,65,85.3,90,75.7,446,82.2,347,218.0,1552,115.2,141,54.6,79,53.5,171,76.9,130,131.0,46,54.3,13,40.6,367,188.3,41,100.3,260,201.7,120,91.9,206,105.6,64,104.3,76,97.5,79,122.4,39,59.5,151,94.6,174,149.8,81,91.2,55,36.7,112,78.6,183,70.6,272,176.0,285,137.2,98,72.0,136,90.7,184,148.7,180,111.9,214,137.8,207,2,0.65,0,467,8,2.59,0,,,,,605,8,2.59,0,772,14,4.53,0,773,24,7.77,2,681,28,9.06,1,438,32,10.36,3,418,1,0.32,0,,,,,242,47,15.21,3,207,90,29.13,5,137,55,17.8,0,2,0,0,0
COVID-19_14_day_epidemiology_report_27112020 - Website.pdf,13/11/2020,26/11/2020,27/11/2020,4677,100,0.9,2207,47.19,2455,52.49,15,0.32,34,37,186,3.98,397,8.49,453,9.69,591,12.64,714,15.27,745,15.93,648,13.86,405,8.66,232,4.96,179,3.83,125,2.67,2,0.04,498,127.3,317,70.0,484,125.7,495,71.7,453,88.8,389,101.5,649,91.7,674,108.8,718,115.5,41,72.0,54,70.9,84,70.7,420,77.4,344,216.1,1490,110.6,132,51.2,75,50.8,157,70.6,125,126.0,49,57.9,10,31.2,354,181.6,39,95.4,257,199.4,109,83.5,196,100.5,52,84.7,62,79.5,76,117.7,39,59.5,148,92.8,137,117.9,69,77.7,49,32.7,109,76.5,183,70.6,273,176.6,262,126.2,99,72.8,121,80.7,185,149.6,175,108.8,192,123.6,186,2,0.7,0,453,8,2.6,0,,,,,591,9,3.0,0,714,15,5.0,0,745,25,8.3,3,648,29,9.6,1,405,31,10.3,3,397,1,0.3,0,,,,,232,45,14.9,2,179,81,26.8,5,125,56,18.5,0,2,0,0,0
COVID-19_14_day epidemiology report_Website_v2.0_28112020-Website.pdf,14/11/2020,27/11/2020,28/11/2020,4464,100,0.92,2136,47.85,2315,51.86,13,0.29,35,37,187,4.19,0,0,0,0,0,0,670,15.01,714,15.99,619,13.87,373,8.36,227,5.09,176,3.94,124,2.78,2,0.04,492,125.7,301,66.4,455,118.2,490,71.0,428,83.9,397,103.6,585,82.7,623,100.6,693,111.5,38,66.7,52,68.3,79,66.5,411,75.7,343,215.5,1430,106.1,119,46.1,79,53.5,140,62.9,125,126.0,47,55.5,10,31.2,333,170.9,35,85.6,247,191.6,104,79.7,187,95.9,49,79.8,57,73.1,78,120.8,38,58.0,129,80.9,133,114.5,50,56.3,46,30.7,105,73.7,174,67.1,278,179.8,241,116.0,98,72.0,104,69.4,197,159.3,172,106.9,166,106.9,187,3,0.99,0,,,,,880,16,5.26,0,,,,,670,17,5.59,0,714,23,7.57,2,619,32,10.53,1,373,32,10.53,3,,,,,492,1,0.33,0,227,46,15.13,2,176,80,26.32,5,124,54,17.76,0,2,0,0,0
COVID-19_14_day_epidemiology_report_20201129_website.pdf,15/11/2020,28/11/2020,29/11/2020,4393,100,0.93,2110,48.03,2271,51.7,12,0.27,34,36,193,4.39,0,0,0,0,0,0,657,14.96,696,15.84,604,13.75,366,8.33,213,4.85,178,4.05,119,2.71,2,0.05,495,126.5,288,63.6,453,117.7,470,68.1,426,83.5,406,106.0,582,82.2,595,96.1,678,109.1,43,75.5,47,61.7,81,68.2,401,73.9,350,219.9,1405,104.3,115,44.6,69,46.7,141,63.4,131,132.0,43,50.8,7,21.8,325,166.8,35,85.6,238,184.7,105,80.5,193,99.0,51,83.1,46,59.0,68,105.4,40,61.0,140,87.7,120,103.3,40,45.1,39,26.0,120,84.3,176,67.9,267,172.7,235,113.2,97,71.3,100,66.7,191,154.4,174,108.1,165,106.2,193,3,1.03,0,,,,,872,14,4.83,0,,,,,657,19,6.55,0,696,22,7.59,2,604,29,10,1,366,29,10,3,,,,,493,2,0.69,0,213,45,15.52,1,178,78,26.9,4,119,49,16.9,0,2,0,0,0
COVID-19_14_day_epidemiology_report_20201130_website.pdf,16/11/2020,29/11/2020,30/11/2020,4248,100,0.96,2069,48.71,2165,50.97,14,0.33,34,37,174,4.1,375,8.83,398,9.37,547,12.88,634,14.92,677,15.94,580,13.65,357,8.4,213,5.01,177,4.17,114,2.68,2,0.05,504,128.8,300,66.2,380,98.7,435,63.0,399,78.2,422,110.1,544,76.9,549,88.7,715,115.1,44,77.3,46,60.4,61,51.3,370,68.2,356,223.6,1409,104.6,128,49.6,65,44.0,136,61.1,131,132.0,44,51.9,4,12.5,278,142.6,35,85.6,231,179.2,110,84.3,161,82.5,61,99.4,40,51.3,62,96.1,37,56.5,129,80.9,101,86.9,36,40.6,37,24.7,136,95.5,192,74.1,277,179.2,246,118.5,96,70.5,98,65.4,192,155.2,165,102.5,143,92.1,174,3,1.06,0,398,5,1.76,0,,,,,547,8,2.82,0,634,18,6.34,0,677,22,7.75,2,580,27,9.51,1,357,29,10.21,3,375,2,0.7,0,,,,,213,45,15.85,0,177,76,26.76,4,114,49,17.25,0,2,0,0,0
COVID-19_14_day_epidemiology_report_20201201 - website.pdf,17/11/2020,30/11/2020,01/12/2020,4144,100,0.97,2028,48.94,2100,50.68,16,0.39,34,36,167,4.03,367,8.86,397,9.58,546,13.18,613,14.79,662,15.97,561,13.54,343,8.28,203,4.9,177,4.27,106,2.56,2,0.05,488,124.7,281,62.0,358,93.0,409,59.2,415,81.3,417,108.8,532,75.2,538,86.9,706,113.6,46,80.8,48,63.0,63,53.0,344,63.4,336,211.1,1389,103.1,129,50.0,65,44.0,134,60.2,147,148.1,47,55.5,0,12.5,259,132.9,36,88.1,236,183.1,111,85.1,155,79.5,64,104.3,37,47.5,41,63.5,36,54.9,128,80.2,88,75.7,26,29.3,43,28.7,132,92.7,196,75.6,268,173.4,242,116.5,97,71.3,105,70.0,190,153.6,153,95.1,138,88.8,167,2,0.73,0,397,5,1.82,0,,,,,546,14,5.11,0,613,20,7.3,0,662,21,7.66,2,561,29,10.58,1,343,23,8.39,3,367,3,1.09,0,,,,,203,40,14.6,0,177,71,25.91,3,106,46,16.79,0,2,0,0,0
COVID-19_14_day_epidemiology_report_20201202 - website.pdf,18/11/2020,01/12/2020,02/12/2020,4033,100,0.99,1994,49.44,2024,50.19,15,0.37,34,37,163,4.04,357,8.85,380,9.42,536,13.29,590,14.63,647,16.04,533,13.22,332,8.23,199,4.93,186,4.61,108,2.68,2,0.05,483,123.4,279,61.6,357,92.7,382,55.3,417,81.7,430,112.2,509,71.9,500,80.7,676,108.8,53,93.1,41,53.8,56,47.1,324,59.7,338,212.3,1333,98.9,115,44.6,58,39.3,127,57.1,144,145.1,47,55.5,5,15.6,262,134.4,37,90.5,226,175.4,126,96.5,130,66.7,65,105.9,35,44.9,38,58.9,34,51.9,129,80.9,87,74.9,24,27.0,44,29.4,155,108.8,189,72.9,255,165.0,232,111.7,104,76.4,105,70.0,174,140.7,144,89.5,130,83.7,163,1,0.39,0,380,3,1.16,0,,,,,536,7,2.7,0,590,17,6.56,0,647,20,7.72,1,533,28,10.81,1,332,25,9.65,5,357,2,0.77,0,,,,,199,39,15.06,0,186,71,27.41,3,108,46,17.76,0,2,0,0,0
COVID-19_14 day epidemiology report_20201203_website.pdf,19/11/2020,02/12/2020,03/12/2020,3794,100,1,1886,49.71,1894,49.92,14,0.37,34,37,152,4.01,351,9.25,364,9.59,480,12.65,552,14.55,594,15.66,507,13.36,322,8.49,187,4.93,176,4.64,107,2.82,2,0.05,480,122.7,272,60.0,345,89.6,339,49.1,411,80.5,413,107.8,451,63.7,462,74.6,621,99.9,56,98.4,38,49.9,51,42.9,284,52.3,338,212.3,1223,90.8,118,45.7,55,37.2,108,48.5,146,147.1,43,50.8,3,9.4,259,132.9,39,95.4,209,162.2,118,90.4,120,61.5,67,109.1,29,37.2,36,55.8,34,51.9,125,78.3,86,74.0,21,23.7,34,22.7,154,108.1,184,71.0,229,148.1,208,100.2,98,72.0,95,63.4,163,131.8,125,77.7,121,77.9,152,0,0,0,364,1,0.41,0,,,,,480,5,2.07,0,552,16,6.61,0,594,18,7.44,0,507,21,8.68,0,322,26,10.74,6,351,2,0.83,0,,,,,187,41,16.94,0,176,69,28.51,3,107,43,17.77,0,2,0,0,0
COVID-19_14_day_epidemiology_report_20201204_website.pdf,20/11/2020,03/12/2020,04/12/2020,3727,100,0.99,1845,49.5,1869,50.15,13,0.35,34,37,155,4.16,349,9.36,351,9.42,477,12.8,550,14.76,574,15.4,504,13.52,314,8.43,183,4.91,169,4.53,99,2.66,2,0.05,477,121.9,268,59.1,357,92.7,320,46.3,403,79.0,415,108.3,453,64.0,438,70.7,596,95.9,53,93.1,40,52.5,46,38.7,268,49.4,336,211.1,1205,89.4,127,49.2,52,35.2,108,48.5,147,148.1,42,49.6,3,9.4,275,141.1,37,90.5,210,162.9,108,82.8,96,49.2,70,114.0,29,37.2,33,51.1,28,42.7,132,82.7,80,68.9,23,25.9,28,18.7,151,106.0,179,69.1,220,142.3,197,94.9,99,72.8,94,62.7,167,135.0,126,78.3,123,79.2,155,1,0.47,0,351,1,0.47,0,,,,,477,3,1.4,0,550,17,7.91,0,574,15,6.98,0,504,21,9.77,0,314,25,11.63,5,349,1,0.47,0,,,,,183,34,15.81,0,169,61,28.37,2,99,36,16.74,0,2,0,0,0
COVID-19_14_day_epidemiology_report_20201205_website.pdf,21/11/2020,04/12/2020,05/12/2020,3850,100,1,1916,49.77,1922,49.92,12,0.31,35,37,156,4.05,358,9.3,338,8.78,472,12.26,580,15.06,588,15.27,517,13.43,343,8.91,197,5.12,183,4.75,117,3.04,1,0.03,497,127.0,272,60.0,370,96.1,283,41.0,424,83.1,462,120.6,481,68.0,452,73.0,609,98.0,55,96.6,42,55.1,42,35.3,236,43.5,350,219.9,1276,94.7,130,50.4,47,31.8,113,50.8,158,159.2,48,56.7,4,12.5,288,147.8,36,88.1,207,160.6,108,82.8,97,49.7,75,122.2,40,51.3,34,52.7,26,39.7,144,90.3,78,67.1,23,25.9,30,20.0,163,114.4,183,70.6,224,144.9,202,97.3,112,82.3,105,70.0,189,152.8,131,81.4,130,83.7,156,1,0.4,0,338,1,0.4,0,,,,,472,4,1.7,0,580,17,7.1,0,588,15,6.3,1,517,25,10.5,1,343,28,11.7,5,358,1,0.4,0,,,,,197,41,17.2,1,183,65,27.2,3,117,41,17.2,0,1,0,0,0
COVID-19_14_day_epidemiology_report_20201206 - website.pdf,22/11/2020,05/12/2020,06/12/2020,3842,100,0.98,1897,49.38,1933,50.31,12,0.31,35,38,173,4.5,370,9.63,312,8.12,439,11.43,583,15.17,581,15.12,529,13.77,336,8.75,204,5.31,183,4.76,131,3.41,1,0.03,512,130.9,265,58.5,353,91.7,257,37.2,441,86.4,478,124.7,457,64.6,455,73.5,624,100.4,62,108.9,46,60.4,40,33.7,207,38.1,358,224.9,1280,95.0,131,50.8,50,33.9,108,48.5,170,171.3,47,55.5,5,15.6,275,141.1,37,90.5,205,159.1,103,78.9,98,50.2,79,128.7,46,59.0,31,48.0,24,36.6,143,89.6,76,65.4,21,23.7,29,19.4,171,120.1,196,75.6,214,138.4,214,103.0,110,80.8,96,64.0,199,160.9,128,79.6,123,79.2,173,2,0.9,0,312,2,0.9,0,,,,,439,3,1.3,0,583,17,7.2,0,581,14,6.0,1,529,23,9.8,1,336,27,11.5,5,370,2,0.9,0,,,,,204,40,17.0,1,183,63,26.8,3,131,42,17.9,0,1,0,0,0
COVID-19_14_day_epidemiology_report_20201207_website.pdf,23/11/2020,06/12/2020,07/12/2020,3830,100,0.98,1887,49.27,1931,50.42,12,0.31,35,38,176,4.6,371,9.69,312,8.15,415,10.84,586,15.3,586,15.3,521,13.6,339,8.85,205,5.35,183,4.78,135,3.52,1,0.03,516,131.9,266,58.7,350,90.9,233,33.7,460,90.1,477,124.5,461,65.1,457,73.8,610,98.2,67,117.7,47,61.7,42,35.3,190,35.0,370,232.4,1269,94.2,142,55.0,43,29.1,111,49.9,171,172.3,47,55.5,5,15.6,271,139.0,36,88.1,202,156.7,96,73.6,97,49.7,74,120.5,51,65.4,28,43.4,20,30.5,145,90.9,85,73.2,23,25.9,30,20.0,168,118.0,204,78.7,207,133.9,199,95.8,112,82.3,95,63.4,199,160.9,129,80.2,124,79.8,176,2,0.87,0,312,2,0.87,0,,,,,415,3,1.3,0,586,17,7.36,0,586,14,6.06,2,521,22,9.52,1,339,27,11.69,4,371,2,0.87,0,,,,,205,41,17.75,1,183,59,25.54,3,135,42,18.18,0,1,0,0,0
COVID-19_14_day_epidemiology_report_20201208_website.pdf,24/11/2020,07/12/2020,08/12/2020,3818,100,0.96,1867,48.9,1940,50.81,11,0.29,35,37,178,4.66,380,9.95,310,8.12,406,10.63,589,15.43,586,15.35,527,13.8,342,8.96,208,5.45,161,4.22,130,3.4,1,0.03,496,126.8,273,60.3,341,88.6,235,34.0,454,89.0,478,124.7,464,65.6,462,74.6,615,99.0,67,117.7,47,61.7,39,32.8,191,35.2,351,220.5,1275,94.6,143,55.4,44,29.8,114,51.2,177,178.4,48,56.7,5,15.6,270,138.5,37,90.5,204,158.3,98,75.1,99,50.8,73,118.9,51,65.4,32,49.6,20,30.5,130,81.5,84,72.3,22,24.8,29,19.4,168,118.0,206,79.5,207,133.9,202,97.3,111,81.6,97,64.7,201,162.5,125,77.7,126,81.1,178,2,0.92,0,310,2,0.92,0,,,,,406,5,2.3,0,589,20,9.22,0,586,12,5.53,2,527,19,8.76,1,342,26,11.98,2,380,2,0.92,0,,,,,208,45,20.74,1,161,49,22.58,2,130,35,16.13,0,1,0,0,0
COVID-19_14_day_epidemiology_report_20201209 - website.pdf,25/11/2020,08/12/2020,09/12/2020,3788,100,0.96,1847,48.76,1930,50.95,11,0.29,35,37,182,4.8,376,9.93,300,7.92,398,10.51,588,15.52,586,15.47,530,13.99,334,8.82,204,5.39,158,4.17,131,3.46,1,0.03,510,130.3,282,62.2,335,87.0,195,28.2,480,94.1,472,123.2,448,63.3,446,72.0,620,99.8,69,121.2,48,63.0,38,32.0,155,28.6,361,226.8,1265,93.9,150,58.1,40,27.1,112,50.3,190,191.5,46,54.3,5,15.6,264,135.5,32,78.3,198,153.6,99,75.9,96,49.2,76,123.8,53,68.0,33,51.1,20,30.5,128,80.2,91,78.3,20,22.5,36,24.0,163,114.4,214,82.6,202,130.7,204,98.2,111,81.6,94,62.7,200,161.7,117,72.7,123,79.2,173,2,0.9,0,312,2,0.9,0,,,,,439,3,1.3,0,583,17,7.2,0,581,14,6.0,1,529,23,9.8,1,336,27,11.5,5,370,2,0.9,0,,,,,204,40,17.0,1,183,63,26.8,3,131,42,17.9,0,1,0,0,0
COVID-19_14_day_epidemiology_report_20201210 - website.pdf,26/11/2020,09/12/2020,10/12/2020,3764,100,0.97,1848,49.1,1907,50.66,9,0.24,35,37,180,4.78,382,10.15,296,7.86,377,10.02,583,15.49,588,15.62,518,13.76,354,9.4,206,5.47,156,4.14,124,3.29,0,0,530,135.5,288,63.6,323,83.9,182,26.4,473,92.7,473,123.4,451,63.7,457,73.8,587,94.5,77,135.2,55,72.2,39,32.8,147,27.1,367,230.5,1225,90.9,155,60.1,35,23.7,118,53.0,174,175.3,42,49.6,6,18.7,249,127.8,34,83.2,206,159.8,99,75.9,107,54.9,80,130.3,49,62.9,34,52.7,22,33.6,125,78.3,96,82.6,18,20.3,37,24.7,168,118.0,197,76.0,195,126.1,195,93.9,107,78.6,98,65.4,200,161.7,115,71.5,118,76.0,180,3,1.38,0,296,4,1.83,0,,,,,377,5,2.29,0,583,18,8.26,1,588,12,5.50,4,518,20,9.17,2,354,28,12.84,2,382,4,1.83,0,,,,,206,49,22.48,1,156,46,21.10,3,124,29,13.30,0,,,,
COVID-19_14_day_epidemiology_report_20201211 -Website.pdf,27/11/2020,10/12/2020,11/12/2020,3869,100,0.96,1891,48.88,1969,50.89,9,0.23,35,37,182,4.7,388,10.03,301,7.78,379,9.8,618,15.97,610,15.77,539,13.93,360,9.3,207,5.35,160,4.14,125,3.23,0,0,543,138.8,327,72.2,318,82.6,172,24.9,508,99.5,465,121.4,452,63.9,484,78.2,600,96.6,89,156.3,61,80.1,41,34.5,142,26.2,366,229.9,1229,91.2,164,63.6,30,20.3,121,54.4,193,194.5,56,66.1,5,15.6,243,124.7,47,115.0,206,159.8,129,98.8,99,50.8,85,138.5,50,64.1,34,52.7,26,39.7,126,79.0,95,81.8,25,28.2,40,26.7,167,117.3,198,76.4,200,129.4,202,97.3,101,74.2,97,64.7,199,160.9,112,69.6,120,77.2,182,3,1.36,0,301,5,2.26,0,,,,,379,3,1.36,0,618,19,8.60,1,610,11,4.98,3,539,21,9.50,2,360,28,12.67,1,388,3,1.36,0,,,,,207,51,23.08,1,160,48,21.72,4,125,29,13.12,0,,,,
COVID-19_14 day epidemiology report_20201212_website_v2.pdf,28/11/2020,11/12/2020,12/12/2020,3880,100,0.95,1882,48.51,1990,51.29,8,0.21,36,37,175,4.51,396,10.21,297,7.65,368,9.48,634,16.34,605,15.59,554,14.28,367,9.46,205,5.28,160,4.12,119,3.07,0,0,536,137.0,318,70.2,320,83.1,156,22.6,501,98.2,454,118.5,451,63.7,520,84.0,624,100.4,90,158.1,74,97.1,39,32.8,128,23.6,345,216.7,1241,92.1,155,60.1,28,19.0,123,55.3,190,191.5,62,73.2,6,18.7,244,125.2,50,122.3,223,173.0,134,102.7,114,58.4,85,138.5,47,60.3,29,44.9,26,39.7,128,80.2,85,73.2,23,25.9,46,30.7,165,115.9,223,86.0,203,131.3,198,95.3,100,73.5,98,65.4,191,154.4,106,65.9,122,78.5,175,3,1.37,0,297,6,2.74,0,,,,,368,4,1.83,0,634,20,9.13,1,605,10,4.57,3,554,20,9.13,2,367,27,12.33,1,396,3,1.37,0,,,,,205,50,22.83,1,160,47,21.46,4,119,29,13.24,0,,,,
MISSING,29/11/2020,13/12/2020,,,,,,,,,,,,,,,,,,,,,,,,,,,,,,,,,,,,,,,,,,,,,,,,,,,,,,,,,,,,,,,,,,,,,,,,,,,,,,,,,,,,,,,,,,,,,,,,,,,,,,,,,,,,,,,,,,,,,,,,,,,,,,,,,,,,,,,,,,,,,,,,,,,,,,,,,,,,,,,,,,,,,,,,,,,,,,,,,,
COVID-19_14 day epidemiology report_20201214_website.pdf,30/11/2020,13/12/2020,14/12/2020,3973,100,0.92,1897,47.75,2066,52,10,0.25,36,37,170,4.28,420,10.57,313,7.88,375,9.44,645,16.23,608,15.3,577,14.52,369,9.29,206,5.18,162,4.08,128,3.22,0,0,555,141.8,306,67.5,319,82.9,183,26.5,540,105.8,434,113.3,453,64.0,560,90.4,623,100.3,95,166.9,85,111.6,33,27.8,138,25.4,359,225.5,1238,91.9,138,53.5,45,30.5,131,58.9,198,199.5,84,99.2,8,25.0,246,126.2,55,134.6,226,175.4,139,106.5,119,61.0,72,117.3,50,64.1,29,44.9,31,47.3,129,80.9,90,77.5,26,29.3,68,45.4,141,99.0,228,88.0,199,128.7,196,94.4,94,69.1,95,63.4,201,162.5,98,60.9,127,81.8,170,3,1.42,0,313,7,3.30,0,,,,,375,4,1.89,0,645,19,8.96,1,608,8,3.77,2,577,21,9.91,2,369,29,13.68,1,420,2,0.94,0,,,,,206,47,22.17,1,162,39,18.40,4,128,33,15.57,0,,,,
COVID-19_14_day_epidemiology_report_20201215 -Website.pdf,01/12/2020,14/12/2020,15/12/2020,4032,100,0.92,1928,47.82,2097,52.01,7,0.17,36,38,161,3.99,435,10.79,319,7.91,373,9.25,655,16.25,622,15.43,577,14.31,387,9.6,207,5.13,167,4.14,129,3.2,0,0,587,150.0,294,64.9,318,82.6,185,26.8,521,102.1,429,112.0,455,64.3,596,96.2,647,104.1,94,165.1,91,119.5,28,23.6,137,25.2,377,236.8,1249,92.7,125,48.4,48,32.5,143,64.3,190,191.5,85,100.4,8,25.0,251,128.8,54,132.1,248,192.4,141,108.0,122,62.5,79,128.7,55,70.5,28,43.4,32,48.8,112,70.2,91,78.3,32,36.0,73,48.8,139,97.6,234,90.3,206,133.3,207,99.7,100,73.5,93,62.0,192,155.2,93,57.8,124,79.8,161,2,0.87,0,319,7,3.03,0,,,,,373,5,2.16,0,655,14,6.06,1,622,14,6.06,2,577,21,9.09,4,387,38,16.45,3,435,2,0.87,0,,,,,207,51,22.08,2,167,47,20.35,4,129,30,12.99,1,,,,
COVID-19_14_day_epidemiology_report_20201216 - website.pdf,02/12/2020,15/12/2020,16/12/2020,4185,100,0.89,1970,47.07,2206,52.71,9,0.22,36,37,169,4.04,453,10.82,334,7.98,384,9.18,687,16.42,651,15.56,604,14.43,407,9.73,207,4.95,163,3.89,126,3.01,0,0,629,160.8,291,64.2,305,79.2,212,30.7,532,104.2,411,107.3,462,65.3,632,102.1,711,114.4,89,156.3,112,147.0,28,23.6,150,27.6,391,245.6,1316,97.7,129,50.0,62,42.0,151,67.9,196,197.5,96,113.3,9,28.1,239,122.6,56,137.0,260,201.7,137,105.0,128,65.6,84,136.8,61,78.2,25,38.7,33,50.4,108,67.7,92,79.2,31,34.9,85,56.8,117,82.1,253,97.6,227,146.8,231,111.2,93,68.3,86,57.4,202,163.3,94,58.4,130,83.7,169,2,0.896860987,0,334,6,2.69058296,0,,,,,384,5,2.242152466,0,687,13,5.829596413,1,651,13,5.829596413,2,604,20,8.968609865,3,407,36,16.14349776,2,453,2,0.896860987,0,,,,,207,53,23.76681614,2,163,45,20.1793722,3,126,28,12.55605381,1,,,,
COVID-19_14_day_epidemiology_report_20201217 - website.pdf,03/12/2020,16/12/2020,17/12/2020,4486,100,0.91,2133,47.55,2344,52.25,9,0.2,36,37,181,4.03,470,10.48,344,7.67,416,9.27,743,16.56,695,15.49,663,14.78,449,10.01,224,4.99,175,3.9,126,2.81,0,0,636,162.5,305,67.3,326,84.7,272,39.4,573,112.3,439,114.6,493,69.7,687,110.9,755,121.5,86,151.1,118,154.9,30,25.2,187,34.4,393,246.9,1410,104.6,130,50.4,85,57.5,155,69.7,189,190.5,120,141.7,9,28.1,255,130.8,61,149.2,268,207.9,147,112.6,136,69.7,83,135.2,71,91.1,28,43.4,33,50.4,114,71.4,92,79.2,31,34.9,133,88.8,122,85.7,281,108.4,239,154.6,235,113.2,96,70.5,98,65.4,222,179.5,97,60.3,142,91.4,181,2,0.82,0,344,8,3.27,0,,,,,416,6,2.45,0,743,15,6.12,1,695,15,6.12,2,663,22,8.98,3,449,33,13.47,2,470,3,1.22,0,,,,,224,52,21.22,2,175,55,22.45,3,126,34,13.88,1,,,,
COVID-19_14_day_epidemiology_report_20201218 - website.pdf,04/12/2020,17/12/2020,18/12/2020,4798,100,0.93,2305,48.04,2477,51.63,16,0.33,36,38,189,3.94,469,9.77,355,7.4,438,9.13,824,17.17,745,15.53,694,14.46,507,10.57,248,5.17,188,3.92,141,2.94,0,0,639,163.3,298,65.8,329,85.5,325,47.1,651,127.6,464,121.1,529,74.7,752,121.4,811,130.5,97,170.4,117,153.6,30,25.2,209,38.5,389,244.4,1519,112.7,121,46.9,116,78.5,174,78.2,193,194.5,127,149.9,8,25.0,259,132.9,60,146.8,287,222.7,148,113.4,178,91.3,82,133.6,69,88.5,29,44.9,43,65.6,109,68.3,101,86.9,31,34.9,191,127.6,111,77.9,302,116.5,255,165.0,254,122.3,102,75.0,107,71.4,252,203.7,105,65.3,142,91.4,189,1,0.39,0,355,7,2.72,0,,,,,438,8,3.11,0,824,15,5.84,0,745,15,5.84,2,694,25,9.73,3,507,34,13.23,2,469,3,1.17,0,,,,,248,56,21.79,3,188,57,22.18,3,141,36,14.01,1,,,,
COVID-19_14 day epidemiology report_v1.0_19.12.2020_website.pdf,05/12/2020,18/12/2020,19/12/2020,4875,100,0.94,2358,48.37,2502,51.32,15,0.31,36,38,196,4.02,473,9.7,357,7.32,455,9.33,839,17.21,779,15.98,716,14.69,518,10.63,241,4.94,176,3.61,125,2.56,0,0,654,167.1,301,66.4,309,80.3,384,55.6,695,136.2,436,113.8,512,72.3,745,120.3,839,135.0,108,189.7,125,164.1,31,26.1,250,46.1,399,250.6,1517,112.6,128,49.6,134,90.7,172,77.3,201,202.6,129,152.3,8,25.0,241,123.7,59,144.3,279,216.5,145,111.1,189,96.9,75,122.2,57,73.1,28,43.4,47,71.7,99,62.0,106,91.2,32,36.0,218,145.6,98,68.8,316,121.9,264,170.8,259,124.7,92,67.6,99,66.0,247,199.7,104,64.6,136,87.5,196,1,0.42,0,357,9,3.75,0,,,,,455,8,3.33,1,839,15,6.25,0,779,16,6.67,1,716,23,9.58,2,518,32,13.33,2,473,2,0.83,0,,,,,241,50,20.83,3,176,54,22.5,3,125,30,12.5,1,,,,
COVID-19_14_day_epidemiology_report_v1.0_20201220_website.pdf,06/12/2020,19/12/2020,20/12/2020,5343,100,0.98,2628,49.19,2694,50.42,21,0.39,36,37,200,3.74,483,9.04,396,7.41,551,10.31,913,17.09,879,16.45,780,14.6,574,10.74,260,4.87,191,3.57,115,2.15,1,0.02,,,,,,,,,,,,,,,,,,,111,194.96943722335417691280826000,133,174.59567317790380172232724000,32,26.932173005546344378329700000,280,51.577915810104850534568260000,420,263.83235338459219056233982000,1682,125.01839598870820765838017000,135,52.313820923978330452843930000,160,108.32255749558247070213328000,187,84.04343292704850249883148000,196,197.51693002257336343115124000,148,174.74054571000153488317178000,8,24.96567220072400449382100000,298,152.89970702774257435902698000,59,144.34957062119247424950456000,303,235.09512429781819310387635000,152,116.46884841426130399135679000,210,107.66801337134185106950227000,76,123.80673117648975336395921000,51,65.417324046638703967368300000,28,43.381259295984134853743180000,61,93.08003356984817273212787000,100,62.675098556592480241675180000,122,105.01308359730064729376119000,40,45.060268108595246141714540000,253,168.97984264169594314796757000,98,68.808144637528523784447960000,315,121.6,310,200.5,289,139.2,104,76.4,115,76.7,270,218.3,113,70.2,165,106.2,200,1,0.4,0,396,11,4.2,0,,,,,551,10,3.8,1,913,16,6.1,0,879,19,7.3,1,780,26,9.9,3,574,36,13.7,2,483,3,1.1,0,,,,,260,50,19.1,3,191,61,23.3,3,115,29,11.1,0,,,,
COVID-19_14 day epidemiology report_20201221_Website.pdf,07/12/2020,20/12/2020,21/12/2020,5827,100,0.98,2877,49.37,2933,50.33,17,0.29,36,38,219,3.76,515,8.84,404,6.93,618,10.61,1013,17.38,950,16.3,854,14.66,633,10.86,285,4.89,209,3.59,126,2.16,1,0.02,,,,,,,,,,,,,,,,,,,109,191.45647439050094849996487000,135,177.22117202268431001890359000,38,31.981955444086283949266520000,314,57.840948444189010956622970000,436,273.88310970400522639328609000,1921,142.78260326653297676084917000,133,51.538801354734207038727730000,184,124.57094111991984130745327000,199,89.43659439830295185704527000,225,226.74137375040309577555627000,147,173.55986634709611910693413000,9,28.086381225814505055548620000,321,164.70069112719921600418678000,58,141.90296772930785604188584000,310,240.52636479314732627789330000,145,111.10515144781505972859693000,232,118.94751953405385451487869000,91,148.24227022448115205421432000,45,57.721168276445915265324970000,33,51.127912741695587506197320000,68,103.76134889753566796368353000,105,65.808853484422104253758940000,125,107.59537253821787632557499000,42,47.313281514025008448800270000,299,199.70345039473156917487076000,103,72.318764261892223977532030000,341,131.6,368,238.1,352,169.5,118,86.7,126,84.0,303,244.9,124,77.1,189,121.7,219,1,0.36,0,404,9,3.26,0,,,,,618,9,3.26,0,1013,17,6.16,0,950,20,7.25,1,854,29,10.51,2,633,35,12.68,2,515,3,1.09,0,,,,,285,54,19.57,2,209,68,24.64,4,126,31,11.23,0,1,0,0,0
COVID-19_14_day_epidemiology_report_v1.0_20201222_website.pdf,08/12/2020,21/12/2020,22/12/2020,6583,100,0.98,3251,49.38,3312,50.31,20,0.3,36,38,262,3.98,560,8.51,454,6.9,708,10.75,1137,17.27,1091,16.57,959,14.57,711,10.8,321,4.88,237,3.6,142,2.16,1,0.02,815,208.3,345,76.1,465,120.8,574,83.1,902,176.7,586,152.9,757,107.0,931,150.3,1208,194.4,114,200.2,140,183.8,41,34.5,367,67.6,463,290.8,2197,163.1,166,64.3,207,140.1,247,111.0,235,236.8,158,186.5,9,28.1,370,189.8,57,139.5,352,273.1,148,113.4,267,136.9,131,213.4,54,69.3,31,48.0,72,109.9,104,65.2,148,127.4,42,47.3,356,237.8,107,75.1,341,131.6,368,238.1,352,169.5,118,86.7,126,84.0,303,244.9,124,77.1,189,121.7,,,,,,,,,,,,,,,,,,,,,,,,,,,,,,,,,,,,,,,,,,,,,,,,,,,,,,,,
COVID-19_14_day_epidemiology_report_v1.0_20201223 website.pdf,09/12/2020,22/12/2020,23/12/2020,7297,100,0.96,3571,48.94,3705,50.77,21,0.29,36,38,283,3.88,588,8.06,513,7.03,820,11.24,1259,17.25,1216,16.66,1056,14.47,797,10.92,354,4.85,257,3.52,153,2.1,1,0.01,,,,,,,,,,,,,,,,,,,114,200.23888147263401953207335000,146,191.66141566897710565007351000,49,41.239889914742839829317350000,472,86.94562950846246232970077000,506,317.85516860143725815367606000,2430,180.61516186240246409623295000,193,74.789388432057909462213920000,241,163.16085222772109649508825000,280,125.84043432927048502498831000,238,239.84198645598194130925508000,165,194.81209487939360307921178000,11,34.327799275995506179003870000,424,217.54857644215721989338067000,59,144.34957062119247424950456000,376,291.73520374910772477576736000,161,123.36503022826361804347660000,295,151.24792354545640983572937000,158,257.38767797217606620402046000,53,67.982709303369633534716080000,35,54.226574119980168567178980000,81,123.59807736324101625085832000,106,66.435604469988029056175690000,151,129.97521002616719460129459000,50,56.325335135744057677143180000,386,257.81114331895112274749202000,117,82.14849921011058451816746000,412,159.0,465,300.8,455,219.1,147,108.0,160,106.7,390,315.3,149,92.6,252,162.2,,,,,,,,,,,,,,,,,,,,,,,,,,,,,,,,,,,,,,,,,,,,,,,,,,,,,,,,
COVID-19_14 day epidemiology report_v0.1_24.12.2020 Website.pdf,10/12/2020,23/12/2020,24/12/2020,7906,100,0.95,3846,48.65,4033,51.01,27,0.34,36,37,309,3.91,612,7.74,545,6.89,947,11.98,1389,17.57,1312,16.59,1141,14.43,838,10.6,381,4.82,274,3.47,157,1.99,1,0.01,912,233.1,411,90.7,616,160.0,815,118.0,1017,199.3,709,185.0,928,131.1,1041,168.1,1457,234.5,121,212.5,142,186.4,57,48.0,535,98.6,516,324.1,2687,199.4,223,86.4,280,189.6,289,129.9,251,252.9,176,207.8,14,43.7,488,250.4,56,137.0,375,291.0,151,115.7,310,158.9,153,249.2,58,74.4,37,57.3,87,132.8,122,76.5,158,136.0,65,73.2,437,291.9,118,82.9,435,167.9,514,332.5,508,244.6,169,124.2,175,116.7,427,345.2,176,109.4,283,182.2,309,1,0.3,0,545,12,3.4,0,,,,,947,22,6.3,0,1389,23,6.6,0,1312,30,8.5,0,1141,42,12.0,3,838,46,13.1,5,612,4,1.1,0,,,,,381,48,13.7,2,274,79,22.5,2,157,44,12.5,0,1,0,0,0
MISSING,11/12/2020,25/12/2020,,,,,,,,,,,,,,,,,,,,,,,,,,,,,,,,,,,,,,,,,,,,,,,,,,,,,,,,,,,,,,,,,,,,,,,,,,,,,,,,,,,,,,,,,,,,,,,,,,,,,,,,,,,,,,,,,,,,,,,,,,,,,,,,,,,,,,,,,,,,,,,,,,,,,,,,,,,,,,,,,,,,,,,,,,,,,,,,,,
MISSING,12/12/2020,26/12/2020,,,,,,,,,,,,,,,,,,,,,,,,,,,,,,,,,,,,,,,,,,,,,,,,,,,,,,,,,,,,,,,,,,,,,,,,,,,,,,,,,,,,,,,,,,,,,,,,,,,,,,,,,,,,,,,,,,,,,,,,,,,,,,,,,,,,,,,,,,,,,,,,,,,,,,,,,,,,,,,,,,,,,,,,,,,,,,,,,,
COVID-19_14_day epidemiology report_v1.0_27.12.2020  - website.pdf,13/12/2020,26/12/2020,27/12/2020,9979,100,0.99,4933,49.43,4994,50.05,52,0.52,35,37,356,3.57,695,6.96,654,6.55,1320,13.23,1835,18.39,1615,16.18,1386,13.89,1102,11.04,498,4.99,325,3.26,191,1.91,2,0.02,,,,,,,,,,,,,,,,,,,128,224.82962130260661842197710000,149,195.59966393614786809493804000,137,115.30336567999528686972403000,882,162.47043480183027918389001000,678,425.90079903512739333634856000,3356,249.44217416058546070245176000,318,123.22811150981562284447682000,368,249.14188223983968261490654000,375,168.53629597670154244418078000,266,268.05869074492099322799097000,161,190.08937742777193997426119000,22,68.655598551991012358007740000,652,334.53224490633610228887783000,36,88.07770410784625547427397000,394,305.70125073709692436609665000,169,129.49496961848789720091643000,344,176.37045999876950841861324000,177,288.33936076629850454501026000,65,83.37502084375521093880273000,57,88.31184928111056023797719000,126,192.26367589837491416800183000,150,94.01264783488872036251277000,186,160.10191433686819997245558000,101,113.77717697420299650782922000,522,348.64615754531732143572755000,160,112.33982797963840617869054000,478,184.4,588,380.4,582,280.3,236,173.4,250,166.7,579,468.1,278,172.8,363,233.7,356,1,0.26,0,654,10,2.55,0,,,,,1320,24,6.12,0,1835,25,6.38,0,1615,38,9.69,1,1386,41,10.46,2,1102,53,13.52,4,695,6,1.53,0,,,,,498,54,13.78,1,325,86,21.94,3,191,54,13.78,0,2,0,0,0
COVID-19_14_day_epidemiology_report_20201228_website.pdf,14/12/2020,27/12/2020,28/12/2020,10481,100,1,5207,49.68,5222,49.82,52,0.5,35,37,388,3.7,691,6.59,672,6.41,1421,13.56,1965,18.75,1698,16.2,1443,13.77,1158,11.05,520,4.96,334,3.19,189,1.8,2,0.02,1249,319.2,567,125.1,916,237.9,1308,189.4,1126,220.6,1002,261.5,1334,188.5,1191,192.3,1788,287.7,122,214.3,173,227.1,153,128.8,935,172.2,677,425.3,3570,265.0,331,128.3,373,252.5,386,173.5,259,261.0,158,186.5,25,78.0,666,341.7,36,88.1,441,342.2,169,129.5,387,198.4,236,384.5,66,84.7,67,103.8,138,210.6,149,93.4,183,157.5,102,114.9,511,341.3,168,118.0,518,199.9,643,416.0,627,301.9,240,176.4,272,181.4,600,485.0,295,183.3,375,241.4,388,2,0.5,0,672,9,2.2,0,,,,,1421,25,6.1,0,1965,30,7.3,0,1698,35,8.6,1,1443,42,10.3,1,1158,54,13.2,5,691,7,1.7,0,,,,,520,57,13.9,1,334,90,22.0,3,189,58,14.2,0,2,0,0,0
COVID-19_14 day epidemiology report_20201229_Website.pdf,15/12/2020,28/12/2020,29/12/2020,11697,100,0.99,5803,49.61,5843,49.95,51,0.44,35,37,422,3.61,755,6.45,716,6.12,1643,14.05,2245,19.19,1857,15.88,1611,13.77,1286,10.99,598,5.11,361,3.09,201,1.72,2,0.02,1374,351.2,675,149.0,999,259.5,1550,224.5,1172,229.7,1106,288.6,1447,204.5,1383,223.3,1991,320.4,120,210.8,188,246.8,175,147.3,1128,207.8,728,457.3,3932,291.8,370,143.4,422,285.7,426,191.5,266,268.1,191,225.5,29,90.5,722,370.4,41,100.3,510,395.7,229,175.5,442,226.6,279,454.5,77,98.8,76,117.7,150,228.9,163,102.2,194,167.0,121,136.3,532,355.3,186,130.6,586,226.1,712,460.6,693,333.7,255,187.4,295,196.8,672,543.2,318,197.6,401,258.1,422,2,0.50,0,716,10,2.49,0,,,,,1643,25,6.22,0,2245,31,7.71,0,1857,32,7.96,1,1611,46,11.44,1,1286,48,11.94,4,755,8,1.99,0,,,,,598,58,14.43,1,361,84,20.90,3,201,58,14.43,0,2,0,0,0
COVID-19_14 day epidemiology report_20201230_Website.pdf,16/12/2020,29/12/2020,30/12/2020,12987,100,1,6479,49.89,6466,49.79,42,0.32,35,37,442,3.4,779,6,783,6.03,1917,14.76,2517,19.38,2046,15.75,1791,13.79,1427,10.99,671,5.17,384,2.96,227,1.75,3,0.02,1579,403.5,826,182.3,1121,291.2,1710,247.6,1298,254.3,1192,311.1,1542,217.9,1641,265.0,2077,334.2,135,237.1,227,298.0,214,180.1,1274,234.7,828,520.1,4157,308.5,473,183.3,436,295.2,453,203.6,308,310.4,201,237.3,30,93.6,792,406.4,41,100.3,641,497.3,273,209.2,525,269.2,316,514.8,83,106.5,80,123.9,178,271.6,184,115.3,216,185.9,149,167.8,571,381.4,202,141.8,612,236.2,749,484.5,716,344.8,282,207.2,317,211.4,718,580.4,342,212.6,420,270.4,442,3,0.69,0,783,10,2.29,0,,,,,1917,27,6.19,0,2517,35,8.03,1,2046,32,7.34,1,1791,52,11.93,1,1427,52,11.93,6,779,9,2.06,0,,,,,671,62,14.22,2,384,88,20.18,2,227,66,15.14,0,3,0,0,0
COVID-19_14_day_epidemiology_report_20201231_website.pdf,17/12/2020,30/12/2020,31/12/2020,14128,100,1,7030,49.76,7050,49.9,48,0.34,35,37,457,3.23,805,5.7,834,5.9,2179,15.42,2784,19.71,2196,15.54,1941,13.74,1543,10.92,729,5.16,404,2.86,253,1.79,3,0.02,,,,,,,,,,,,,,,,,,,159,279.28054521183165882104967000,261,342.62759924385633270321361000,263,221.34879688933401785939722000,1312,241.67937693877701393340554000,847,532.06191265892758430071863000,4506,334.91848533003518650931097000,554,214.68042068062218571018918000,427,289.08582531633571868631818000,466,209.43443713371445007730198000,333,335.57723315059658174782328000,228,269.19489474243479698218355000,36,112.34552490325802022219448000,965,495.12824591198518206866120000,52,127.22335037800014679617351000,683,529.93389404425685112193911000,330,252.85999984675151524439302000,570,292.24175057935645290293472000,340,553.87221842113837031244909000,102,130.83464809327740793473660000,82,127.04511650966782350024789000,204,311.28404669260700389105058000,206,129.11070302658050929785087000,242,208.30464123398980856631318000,166,187.00011265067027148811535000,584,390.05623756027838260242316000,210,147.44602422327540810953133000,664,256.2,805,520.8,792,381.4,306,224.9,347,231.4,764,617.6,373,231.8,454,292.3,457,3,0.67,0,834,9,2.00,0,,,,,2179,29,6.43,0,2784,43,9.53,1,2196,34,7.54,1,1941,51,11.31,1,1543,51,11.31,2,805,8,1.77,0,,,,,729,68,15.08,3,404,85,18.85,2,253,70,15.52,0,3,0,0,0
COVID-19_14_day_epidemiology_report_20210101_website.pdf,18/12/2020,31/12/2020,01/01/2021,15302,100,0.98,7567,49.45,7685,50.22,50,0.33,34,37,473,3.09,831,5.43,920,6.01,2422,15.83,3023,19.76,2364,15.45,2107,13.77,1670,10.91,795,5.2,422,2.76,272,1.78,3,0.02,,,,,,,,,,,,,,,,,,,153,268.74165671327197358251950000,278,364.94433942449065322411258000,278,233.97325298568386678673927000,1574,289.94156958966083836218012000,879,552.16342529775365596261119000,4836,359.44647027431206434954014000,726,281.33210363561679932418294000,489,331.06081634587392608339483000,495,222.46791068924603602631863000,349,351.70106417284746855852951000,230,271.55625346824562853465884000,46,143.55261515416302583947073000,987,506.41614374624805668577058000,69,168.81559954003865632569178000,681,528.38211104559138450079141000,429,328.71799980077696981771093000,555,284.55117819568917782654170000,357,581.56582934219528882807155000,126,161.61927117404856274290992000,144,223.10361923648983639067923000,203,309.75814450293736171511406000,221,138.51196781006938133410215000,236,203.14006335215535050268558000,186,209.53024670496789455897263000,555,370.68700658553853141154940000,220,154.46726347200280849569949000,664,256.2,805,520.8,792,381.4,306,224.9,347,231.4,764,617.6,373,231.8,454,292.3,503,5,1.09,0,,,,,1754,14,3.83,0,,,,,2784,21,5.74,0,1659,28,7.65,1,1661,39,10.66,2,1282,51,13.93,2,1285,8,2.19,0,,,,,645,73,19.95,12,351,82,22.4,5,219,46,12.57,0,3,0,0,0
COVID-19_14_day_epidemiology_report_20210102_website.pdf,19/12/2020,01/01/2021,02/01/2021,18169,100,0.97,8916,49.07,9194,50.6,59,0.32,34,37,552,3.04,923,5.08,1101,6.06,2992,16.47,3538,19.47,2793,15.37,2508,13.8,1989,10.95,951,5.23,491,2.7,328,1.81,3,0.02,,,,,,,,,,,,,,,,,,,178,312.65369212393732874306190000,357,468.65154379332073093887839000,355,298.77879428027975794709511000,1907,351.28244803524982131936309000,1174,737.47424493693150409568320000,5000,371.63613551934663394286615000,832,322.40814080555534027234188000,567,383.86806312497038055068480000,531,238.64739510300938410095998000,409,412.16543050628829409867785000,323,381.35943421844929572476003000,74,230.93246785669704156784421000,1159,594.66698135957598551044387000,108,264.23311232353876642282191000,927,719.25141988144377890195835000,660,505.71999969350303048878604000,711,364.53313098582883862102910000,481,783.56628547225751800084710000,210,269.36545195674760457151653000,212,328.45810609816559246405553000,348,531.01396200503547722590982000,282,176.74377792959079428152401000,290,249.62126428866547307533398000,217,244.45195448912921031880140000,626,418.10822724783264984437825000,231,162.19062664560294892048447000,721,278.2,887,573.8,890,428.6,364,267.5,397,264.8,822,664.5,420,261.0,495,318.6,552,3,0.57,0,1101,10,1.92,0,,,,,,,,,,,,,,,,,,,,,,,,,923,8,1.53,0,,,,,951,81,15.52,5,491,92,17.62,2,328,72,13.79,0,3,0,0,0
COVID-19_14_day_epidemiology_report_20210103_Website.pdf,20/12/2020,02/01/2021,03/01/2021,22370,100,0.96,10920,48.82,11377,50.86,73,0.33,35,38,631,2.82,1101,4.92,1343,6,3628,16.22,4412,19.72,3412,15.25,3147,14.07,2518,11.26,1203,5.38,598,2.67,374,1.67,3,0.01,2941,751.6,1971,435.0,2511,652.2,2882,417.3,1956,383.3,1679,438.2,2254,318.5,3230,521.6,2934,472.2,220,386.4,452,593.4,520,437.6,2212,407.5,1316,826.7,5979,443.8,975,377.8,670,453.6,617,277.3,485,488.8,344,406.2,99,309.0,1745,895.3,159,389.0,1213,941.2,753,577.0,917,470.2,651,1060.5,294,377.1,243,376.5,425,648.5,400,250.7,391,336.6,283,318.8,729,486.9,278,195.2,879,339.2,1015,656.6,1040,500.8,441,324.1,505,336.8,968,782.5,549,341.2,575,370.1,631,4,0.70,0,1343,13,2.27,0,,,,,3628,41,7.17,0,4412,61,10.66,2,3412,50,8.74,0,3147,70,12.24,1,2518,64,11.19,2,1101,6,1.05,0,,,,,1203,92,16.08,5,598,98,17.13,0,374,73,12.76,0,3,0,0,0
COVID-19_14_day_epidemiology_report_20200104_website.pdf,21/12/2020,03/01/2021,04/01/2021,27754,100,0.95,13480,48.57,14210,51.2,64,0.23,35,38,736,2.65,1303,4.69,1666,6,4417,15.91,5563,20.04,4241,15.28,3918,14.12,3253,11.72,1490,5.37,730,2.63,433,1.56,4,0.01,3079,786.9,2200,485.5,2772,720.0,3230,467.7,2172,425.6,2584,674.4,3548,501.3,3667,592.1,4498,723.8,268,470.7,509,668.2,580,488.1,2459,453.0,1325,832.3,9323,691.9,1076,417.0,772,522.7,920,413.5,519,523.0,419,494.7,117,365.1,1908,979.0,189,462.4,1329,1031.2,862,660.5,1020,523.0,687,1119.1,356,456.6,262,405.9,441,672.9,460,288.3,482,414.9,325,366.1,757,505.6,389,273.1,1412,544.9,1480,957.4,1606,773.3,715,525.4,796,530.9,1493,1206.9,945,587.3,875,563.3,736,9,1.32,0,1666,17,2.49,0,,,,,4417,44,6.44,0,5563,76,11.13,3,4241,65,9.52,0,3918,81,11.86,1,3253,75,10.98,3,1304,7,1.02,0,,,,,1490,92,13.47,5,729,129,18.89,0,433,88,12.88,0,4,0,0,0
COVID-19_14_day_epidemiology_report_20200105 - website.pdf,22/12/2020,04/01/2021,05/01/2021,32112,100,0.94,15560,48.46,16483,51.33,69,0.21,35,38,806,2.51,1470,4.58,1965,6.12,5083,15.83,6458,20.11,4898,15.25,4550,14.17,3823,11.91,1727,5.38,846,2.63,482,1.5,4,0.01,3518,899.1,2418,533.6,3140,815.6,4033,584.0,2411,472.4,2919,761.8,4367,617.1,4021,649.3,5267,847.6,296,519.9,626,821.8,665,559.7,3167,583.4,1513,950.4,10906,809.4,1177,456.1,867,587.0,1190,534.8,560,564.3,418,493.5,132,411.9,2170,1113.4,191,467.3,1512,1173.1,952,729.5,1180,605.0,763,1243.0,358,459.2,289,447.8,484,738.5,521,326.5,558,480.3,334,376.3,823,549.7,460,323.0,1689,651.7,1652,1068.7,1926,927.4,784,576.2,955,636.9,1689,1365.4,1168,725.9,1041,670.1,806,8,1.10,0,1965,18,2.49,1,,,,,5083,42,5.80,0,6458,79,10.91,3,4898,66,9.12,0,4550,82,11.33,1,3823,75,10.36,6,1470,7,0.97,0,,,,,1727,110,15.19,10,846,139,19.20,6,482,98,13.54,0,4,0,0,0
COVID-19_14_day_epidemiology_report_20210106_website.pdf,23/12/2020,05/01/2021,06/01/2021,39005,100,0.94,18881,48.41,20041,51.38,83,0.21,35,38,927,2.38,1698,4.35,2375,6.09,6106,15.65,7913,20.29,5997,15.37,5583,14.31,4690,12.02,2076,5.32,1046,2.68,590,1.51,4,0.01,4173,1066.5,2680,591.5,3591,932.7,5494,795.6,3009,589.6,3392,885.2,5323,752.1,5200,839.7,6118,984.5,379,665.7,772,1013.4,810,681.7,4429,815.9,1676,1052.8,12870,955.2,1315,509.6,1066,721.7,1425,640.4,629,633.9,514,606.9,153,477.5,2441,1252.4,266,650.8,1970,1528.5,1055,808.4,1482,759.8,1006,1638.8,490,628.5,310,480.3,568,866.7,625,391.7,734,631.8,447,503.5,1030,687.9,543,381.3,1953,753.6,1954,1264.0,2211,1064.7,916,673.2,1190,793.7,1949,1575.5,1428,887.5,1265,814.3,927,8,0.99,0,2375,16,1.98,1,,,,,6106,39,4.83,0,7913,85,10.52,3,5997,68,8.42,0,5583,86,10.64,2,4690,85,10.52,7,1698,7,0.87,0,,,,,2076,130,16.09,10,1046,165,20.42,6,590,119,14.73,0,4,0,0,0
COVID-19_14_day_epidemiology_report_20210107_website.pdf,24/12/2020,06/01/2021,07/01/2021,44590,100,0.94,21508,48.24,22985,51.55,97,0.22,36,38,1021,2.29,1856,4.16,2713,6.08,6880,15.43,9034,20.26,6954,15.6,6443,14.45,5431,12.18,2379,5.34,1174,2.63,699,1.57,6,0.01,4622,1181.2,2963,653.9,4196,1089.9,6058,877.2,3931,770.3,3846,1003.7,6205,876.8,5766,931.1,6973,1122.1,484,850.1,880,1155.2,1069,899.7,4913,905.0,1823,1145.2,14707,1091.5,1452,562.7,1146,775.9,1654,743.4,780,786.0,584,689.5,162,505.6,2727,1399.2,293,716.9,2110,1637.1,1175,900.3,1692,867.5,1117,1819.6,578,741.4,336,520.6,643,981.2,777,487.0,1054,907.2,474,534.0,1289,860.9,671,471.1,2255,870.1,2167,1401.8,2551,1228.4,1050,771.6,1374,916.4,2142,1731.6,1675,1041.0,1486,956.6,1021,11,1.22,0,2713,21,2.33,1,,,,,6880,40,4.44,0,9034,87,9.66,3,6954,76,8.44,0,6443,98,10.88,3,5431,95,10.54,9,1856,7,0.78,0,,,,,2379,155,17.20,13,1174,179,19.87,4,699,131,14.54,1,6,0,0,1
COVID-19_14_day_epidemiology_WEBSITE report_20210108_updated_20200109.pdf,25/12/2020,07/01/2021,08/01/2021,51795,100,0.93,24830,47.94,26843,51.83,122,0.24,36,39,1122,2.17,2072,4,3124,6.03,7908,15.27,10454,20.18,8154,15.74,7601,14.68,6359,12.28,2801,5.41,1382,2.67,810,1.56,8,0.02,5233,1337.4,3322,733.2,4937,1282.3,7514,1088.1,4227,828.3,4409,1150.7,7321,1034.5,6475,1045.6,8317,1338.4,514,902.8,981,1287.8,1332,1121.1,6150,1132.9,2055,1290.9,17361,1288.5,1651,639.8,1366,924.8,1936,870.1,786,792.1,629,742.6,205,639.7,3137,1609.6,326,797.6,2371,1839.6,1283,983.1,1889,968.5,1301,2119.4,643,824.8,388,601.1,700,1068.1,922,577.9,1113,958.0,579,652.2,1417,946.4,760,533.6,2255,870.1,2167,1401.8,2551,1228.4,1050,771.6,1374,916.4,2142,1731.6,1675,1041.0,1486,956.6,1122,15,1.4,1,3124,23,2.2,1,,,,,7908,41,3.8,0,10454,99,9.3,4,8154,89,8.3,0,7601,108,10.1,7,6359,126,11.8,14,2072,5,0.5,0,,,,,2801,192,18.0,22,1382,210,19.7,11,810,158,14.8,1,8,0,0,1
COVID-19_14_day_epidemiology_report-website_20200109.pdf,26/12/2020,08/01/2021,09/01/2021,55344,100,0.92,26470,47.83,28743,51.94,131,0.24,36,39,1169,2.11,2152,3.89,3345,6.04,8391,15.16,11111,20.08,8754,15.82,8144,14.72,6842,12.36,3029,5.47,1520,2.75,879,1.59,8,0.01,4622,1181.2,2963,653.9,4196,1089.9,6058,877.2,3931,770.3,3846,1003.7,6205,876.8,5766,931.1,6973,1122.1,631,1108.3,1050,1378.4,1424,1198.5,6547,1206.0,2083,1308.5,18064,1340.7,1777,688.6,1402,949.2,1947,875.0,1006,1013.8,612,722.6,209,652.2,3237,1660.9,326,797.6,2589,2008.8,1450,1111.1,2016,1033.6,1410,2296.9,639,819.6,457,708.0,711,1084.9,1019,638.7,1611,1386.7,568,639.9,1784,1191.5,775,544.1,2885,1113.2,2627,1699.4,3320,1598.7,1244,914.2,1632,1088.5,2489,2012.1,1983,1232.5,1871,1204.4,1169,18,1.5,1,3345,24,0.7,1,,,,,8391,43,0.5,0,11111,101,0.9,4,8754,94,1.1,2,8144,126,1.5,9,6842,135,2.0,18,2152,5,0.2,0,,,,,3029,222,7.3,22,1520,235,15.5,11,879,174,19.8,1,8,0,0,0
COVID-19_14_day_epidemiology_report-website_20200110.pdf,27/12/2020,09/01/2021,10/01/2021,61484,100,0.92,29332,47.71,31980,52.01,172,0.28,36,39,1280,2.08,2338,3.8,3758,6.11,9192,14.95,12244,19.91,9774,15.9,9165,14.91,7615,12.39,3383,5.5,1716,2.79,1010,1.64,9,0.01,5882,1503.3,3891,858.7,5809,1508.8,8851,1281.7,6594,1292.1,4943,1290.0,8240,1164.3,7490,1209.5,9727,1565.3,740,1299.8,1130,1483.4,1613,1357.5,7278,1340.7,2243,1409.0,19906,1477.4,1898,735.5,1574,1065.6,2161,971.2,1152,1160.9,714,843.0,226,705.3,3661,1878.4,369,902.8,2837,2201.2,1525,1168.5,2221,1138.7,1550,2525.0,697,894.0,468,725.1,742,1132.2,1237,775.3,1911,1644.9,613,690.5,2150,1436.0,868,609.4,3164,1220.9,2886,1867.0,3677,1770.6,1366,1003.9,1760,1173.8,2736,2211.7,2173,1350.5,2120,1364.7,1280,19,0,1,3758,24,0,1,,,,,9192,52,0,0,12244,118,0,3,9774,110,0,2,9165,146,0,9,7615,158,0.05,18,2338,5,0,0,,,,,3383,247,0.38,21,1716,268,1.17,11,1010,207,2.87,1,9,0,0,0
